Index,FP32_Value,INT8_Value
45384,0.034364823,2.0
97538,-0.032055736,-2.0
94118,-0.13210465,-8.0
77045,-0.14719285,-9.0
92499,0.10772401,7.0
60477,0.0779851,5.0
76487,-0.05588588,-4.0
14638,-0.06046003,-4.0
33135,0.24930516,16.0
67553,0.008320917,1.0
86501,-0.21873195,-14.0
52133,0.15316986,10.0
96712,-0.015521568,-1.0
81868,-0.3109565,-20.0
73306,-0.02292689,-1.0
99289,0.0026750013,0.0
62124,0.028703958,2.0
15713,-0.049270142,-3.0
22211,0.25042915,16.0
69929,0.055200126,4.0
80924,0.23498279,15.0
47039,-0.02447489,-2.0
89089,-0.12665385,-8.0
27078,0.02335443,1.0
93773,-0.0974955,-6.0
99790,0.018939056,1.0
33821,0.008732532,1.0
37202,-0.012908214,-1.0
77010,-0.12047738,-8.0
48119,-0.29757687,-19.0
7749,0.06491914,4.0
19590,0.12569438,8.0
97094,-0.06625203,-4.0
34683,-0.046097998,-3.0
32378,0.008763423,1.0
17834,0.057087954,4.0
53417,-0.08174088,-5.0
8689,0.10586209,7.0
45424,0.23603839,15.0
78542,0.10421944,7.0
90360,0.060818896,4.0
44400,-0.014088669,-1.0
73832,-0.032073386,-2.0
64612,0.14077541,9.0
6700,-0.025492394,-2.0
37940,0.102934524,7.0
86081,-0.103480406,-7.0
55573,-0.15028052,-10.0
75554,-0.022967264,-1.0
54764,0.018958567,1.0
95286,-0.10919828,-7.0
23536,0.031293392,2.0
19616,-0.025738414,-2.0
57925,0.17607217,11.0
27588,-0.11092435,-7.0
87889,0.07059413,5.0
92632,0.14964531,10.0
63386,0.50349736,32.0
35273,0.12690614,8.0
7663,0.04668289,3.0
99050,-0.04366943,-3.0
4573,-0.019841991,-1.0
45134,0.14588122,9.0
24839,0.23281066,15.0
74659,0.0015418316,0.0
60576,0.050350197,3.0
87935,-0.10814437,-7.0
24118,0.031863943,2.0
67630,-0.08408481,-5.0
97425,-0.008875053,-1.0
37047,0.040648542,3.0
34023,-0.00610206,-0.0
52804,-0.031201178,-2.0
56664,-0.11519526,-7.0
54485,-0.075339906,-5.0
68072,0.04468747,3.0
25759,0.0060617714,0.0
32131,0.25481173,16.0
92510,0.029571244,2.0
66883,0.12442502,8.0
74105,-0.043563172,-3.0
18388,-0.027693326,-2.0
72245,-0.10751295,-7.0
42962,0.13784567,9.0
47775,-0.15033619,-10.0
77995,0.07209193,5.0
59999,-0.05452848,-3.0
10869,0.037295707,2.0
61951,0.060467783,4.0
2793,-0.047743775,-3.0
31895,-0.032757156,-2.0
96729,-0.207727,-13.0
79697,-0.05193338,-3.0
88306,-0.12891392,-8.0
35874,0.08700976,6.0
11480,0.14147002,9.0
9070,-0.01355745,-1.0
4887,0.024915356,2.0
14212,-0.20156673,-13.0
5290,-0.03074964,-2.0
17158,-0.07102815,-5.0
10317,0.09332975,6.0
20786,0.15838201,10.0
3823,-0.097301364,-6.0
59682,0.00618342,0.0
76207,-0.00022087977,-0.0
78349,-0.13359639,-9.0
51191,0.027965326,2.0
5242,-0.07906347,-5.0
59104,0.4566401,29.0
43052,-0.10045172,-6.0
22756,0.011088232,1.0
57722,-0.111528195,-7.0
35303,0.0054596965,0.0
22337,-0.026282292,-2.0
29342,0.24628532,16.0
43037,0.016414572,1.0
71653,0.12198367,8.0
14422,0.26412016,17.0
91648,0.19768949,13.0
54657,0.023033818,1.0
85038,-0.02197903,-1.0
97976,0.02929755,2.0
2227,0.2232714,14.0
41241,0.23458222,15.0
73068,-0.0017403442,-0.0
99831,0.1379799,9.0
32383,-0.06827867,-4.0
52632,0.039634377,3.0
75373,-0.002908844,-0.0
63846,-0.33487722,-21.0
85678,-0.10931781,-7.0
80853,0.030187,2.0
93180,0.39628762,25.0
9662,0.10540665,7.0
20542,-0.057941724,-4.0
79951,-0.07888471,-5.0
82725,0.07429707,5.0
58433,-0.006961294,-0.0
46292,-0.077087246,-5.0
65200,-0.06755251,-4.0
70840,-0.008940331,-1.0
54237,0.013601636,1.0
5490,-0.034009125,-2.0
13841,-0.10422317,-7.0
25115,0.00151085,0.0
38755,0.026459422,2.0
72622,0.13675433,9.0
83118,-0.032278948,-2.0
73504,-0.00480161,-0.0
94201,0.12779295,8.0
91966,0.2798336,18.0
65959,0.006997509,0.0
49574,-0.0371694,-2.0
74976,-0.085182145,-5.0
83229,0.12465245,8.0
96692,-0.051282715,-3.0
17598,0.19499405,12.0
40474,-0.16464221,-11.0
1229,0.02433081,2.0
18988,-0.047442276,-3.0
29692,0.24176785,15.0
15749,-0.024434078,-2.0
57885,0.12027118,8.0
32502,-0.027664464,-2.0
57599,-0.053159177,-3.0
32160,-0.0025093174,-0.0
80545,0.057005942,4.0
17894,0.03702732,2.0
83190,0.07112753,5.0
25756,-0.1382438,-9.0
96193,0.0029128827,0.0
33463,0.13391483,9.0
67605,0.03314796,2.0
90614,-0.26714316,-17.0
41999,0.043914035,3.0
64198,-0.1307783,-8.0
73553,-0.026934067,-2.0
95330,-0.04282926,-3.0
48223,0.2285593,15.0
99536,-0.029796477,-2.0
32329,-0.0569656,-4.0
45567,-0.44863433,-29.0
30040,0.01316378,1.0
35704,-0.07468877,-5.0
61968,-0.010118532,-1.0
36775,-0.07485678,-5.0
80815,0.10360117,7.0
57615,-0.022513289,-1.0
17651,-0.042730436,-3.0
2098,-0.07347055,-5.0
16562,-0.08360511,-5.0
13766,-0.20386809,-13.0
49301,0.2803718,18.0
48855,0.08024316,5.0
98307,0.08152378,5.0
40492,0.27932486,18.0
6920,0.03931673,3.0
24891,0.09489378,6.0
85304,-0.17268491,-11.0
5167,-0.18268053,-12.0
71746,-0.0054352493,-0.0
55693,-0.0068219393,-0.0
52085,-0.18047646,-12.0
13603,-0.17967403,-11.0
2206,-0.017306693,-1.0
39245,0.050105184,3.0
53960,-0.13962193,-9.0
14117,0.034448873,2.0
43189,0.15971841,10.0
96220,0.03832133,2.0
39019,0.09236107,6.0
73719,-0.009444233,-1.0
9949,-0.12363312,-8.0
79850,-0.09744836,-6.0
38877,0.06546308,4.0
57853,0.12794654,8.0
31953,-0.07744253,-5.0
38230,-0.1532952,-10.0
21733,0.0020337172,0.0
3761,-0.21454376,-14.0
6085,0.0019273472,0.0
98949,-0.032491393,-2.0
95149,0.065419756,4.0
8159,0.10086996,6.0
78451,0.11336799,7.0
95348,-0.17254844,-11.0
55054,-0.21038784,-13.0
76195,-0.0929623,-6.0
73438,-0.025481435,-2.0
22824,-0.05556669,-4.0
20034,-0.16215546,-10.0
93576,-0.06727316,-4.0
20918,-0.0173983,-1.0
29707,0.0026567494,0.0
76066,-0.009814476,-1.0
53384,-0.20375133,-13.0
29844,0.01667127,1.0
22103,-0.12603879,-8.0
79843,0.00022842233,0.0
77785,0.02832001,2.0
83835,-0.06372705,-4.0
45869,0.065350614,4.0
35198,-0.029419314,-2.0
60931,0.16856296,11.0
62443,0.15324827,10.0
89676,-0.02597522,-2.0
32873,-0.016219817,-1.0
87490,0.1805766,12.0
24894,0.19060278,12.0
77550,-0.07213139,-5.0
14915,0.032611877,2.0
15446,-0.10811655,-7.0
1823,0.05066754,3.0
34857,-0.14145927,-9.0
61270,0.06182509,4.0
52771,-0.0064265514,-0.0
48928,-0.06257903,-4.0
77267,0.14351705,9.0
1119,-0.025519019,-2.0
28758,0.04477238,3.0
9673,-0.24130495,-15.0
47541,-0.37030756,-24.0
67931,0.046329387,3.0
53213,0.03554933,2.0
67753,-0.08017232,-5.0
87823,0.067818336,4.0
36611,0.35181782,23.0
79588,-0.0136153465,-1.0
54907,0.00016716549,0.0
20071,0.2401334,15.0
25421,-0.14988798,-10.0
36757,0.008055732,1.0
51408,0.022215474,1.0
90011,0.016912377,1.0
62515,-0.06499509,-4.0
68821,-0.03981973,-3.0
81222,0.16237864,10.0
94934,-0.14625919,-9.0
32819,-0.08445544,-5.0
77460,-0.06486599,-4.0
34914,0.050029308,3.0
50982,-0.0028693336,-0.0
15557,0.108831935,7.0
18624,0.30848196,20.0
31647,0.060807656,4.0
68349,-0.018549401,-1.0
55139,0.10373015,7.0
7812,-0.028025215,-2.0
57139,0.084984675,5.0
77772,0.084977485,5.0
96636,-0.056063876,-4.0
44719,0.03399853,2.0
52090,-0.310363,-20.0
3,-0.008861738,-1.0
26804,-0.038216293,-2.0
57641,-0.10449258,-7.0
19889,-0.105131485,-7.0
12293,-0.06828819,-4.0
53654,0.16033728,10.0
61241,0.11164714,7.0
58248,0.11214676,7.0
77390,0.06320702,4.0
6417,-0.12163799,-8.0
6812,-0.12796862,-8.0
40520,0.30920297,20.0
55485,0.035201214,2.0
100146,0.05928727,4.0
59802,0.13407116,9.0
13689,-0.13940752,-9.0
93969,-0.029655011,-2.0
35170,0.001740546,0.0
35184,-0.11515604,-7.0
5930,0.033382572,2.0
4757,0.020958224,1.0
13086,0.069263406,4.0
78485,0.00760795,0.0
6962,0.12750019,8.0
73030,-0.0045234477,-0.0
2856,0.029750314,2.0
18032,0.010406963,1.0
85108,0.10236058,7.0
46636,-0.019367509,-1.0
10120,0.00022300411,0.0
98242,0.18082358,12.0
24583,0.277047,18.0
3591,-0.029199267,-2.0
44917,-0.14135446,-9.0
85963,0.2016206,13.0
89091,-0.14493853,-9.0
33493,0.09604455,6.0
91904,0.06304211,4.0
61828,0.26674867,17.0
64096,0.09252909,6.0
42786,0.124958284,8.0
61388,0.012515142,1.0
93426,0.10079125,6.0
41604,0.011823757,1.0
97842,-0.008643549,-1.0
60070,-0.25121716,-16.0
65389,-0.009635551,-1.0
59001,-0.09803284,-6.0
80875,0.17966695,11.0
48867,0.010082198,1.0
94050,-0.014519079,-1.0
78667,-0.12618326,-8.0
73999,-0.018516414,-1.0
46104,0.032188084,2.0
90542,-0.05795133,-4.0
54303,-0.036783375,-2.0
11833,-0.18288189,-12.0
73357,0.0034746323,0.0
53023,-0.025535703,-2.0
89026,-0.12875968,-8.0
55883,0.020841505,1.0
77205,0.08807817,6.0
93185,0.00034712043,0.0
13134,0.04296756,3.0
95615,0.029603185,2.0
40680,-0.021004671,-1.0
59524,-0.014101091,-1.0
56301,-0.039320145,-3.0
60794,0.11692889,7.0
60422,-0.024157355,-2.0
100118,0.06309034,4.0
78086,-0.03679908,-2.0
12724,0.046567865,3.0
6574,-0.1144056,-7.0
37153,-0.24367657,-16.0
10524,0.34968582,22.0
69223,0.023542784,2.0
70359,-0.034313597,-2.0
21895,-0.009488175,-1.0
49623,0.094408564,6.0
53409,-0.10458747,-7.0
41014,0.17439178,11.0
43055,-0.14259832,-9.0
36400,0.08456829,5.0
31477,0.12434289,8.0
31067,-0.085255556,-5.0
51506,0.022177778,1.0
86354,-0.06864578,-4.0
64675,0.37585014,24.0
60371,-0.03334298,-2.0
65139,-0.061567582,-4.0
2338,-0.086806916,-6.0
91459,-0.17376271,-11.0
7766,0.022988165,1.0
81981,-0.11586689,-7.0
42878,0.041399002,3.0
58289,0.17840528,11.0
24741,-0.12069843,-8.0
4442,0.009689587,1.0
41637,0.0028662386,0.0
70069,0.3313115,21.0
4769,-0.102887414,-7.0
63523,-0.0134743415,-1.0
86781,0.04169027,3.0
38602,0.13917227,9.0
35179,0.117027864,7.0
6111,-0.36752993,-24.0
68646,-0.08717965,-6.0
83605,-0.2571702,-16.0
84820,-0.18305269,-12.0
98669,0.107185796,7.0
96996,-0.026935237,-2.0
57005,0.055008333,4.0
72237,-0.18121918,-12.0
61351,0.061811753,4.0
4619,-0.0074297534,-0.0
32778,0.10913012,7.0
52932,-0.006592817,-0.0
1459,-0.13652897,-9.0
8502,-0.19625355,-13.0
80669,0.01222252,1.0
88890,0.18207672,12.0
86031,-0.07965024,-5.0
37945,0.068201736,4.0
7755,0.033954676,2.0
33612,-0.21922141,-14.0
70215,0.00026701464,0.0
70286,0.09408621,6.0
61212,-0.0052361977,-0.0
99776,0.16466475,11.0
38878,0.17302181,11.0
54840,-0.10242317,-7.0
71422,-0.110618,-7.0
47304,0.016965631,1.0
90991,-0.21744053,-14.0
74154,0.0048186686,0.0
82250,-0.045833092,-3.0
43554,-0.20935515,-13.0
96379,-0.060865384,-4.0
53465,0.05733437,4.0
64067,0.090994604,6.0
68291,-0.035416655,-2.0
9258,0.02798191,2.0
70589,-0.003888969,-0.0
74061,0.012215543,1.0
55239,0.1486145,10.0
62567,-0.0436263,-3.0
22531,0.038776133,2.0
80585,-0.055838916,-4.0
81259,0.1369719,9.0
22715,0.07208038,5.0
65769,-0.1076161,-7.0
42882,-0.04150841,-3.0
17725,0.24120529,15.0
74388,-0.0024488952,-0.0
913,-0.14088759,-9.0
10014,-0.016940925,-1.0
95642,0.042389747,3.0
43897,0.15775834,10.0
95119,-0.18542552,-12.0
44247,0.22923173,15.0
30003,-0.033803903,-2.0
38777,-0.18289669,-12.0
80876,0.14217828,9.0
8022,-0.0072464906,-0.0
28681,-0.106552325,-7.0
618,-0.017876979,-1.0
37823,0.024786387,2.0
6169,-0.2149236,-14.0
53199,-0.019656654,-1.0
92871,-0.17740907,-11.0
77833,-0.058847334,-4.0
77026,0.040191513,3.0
14725,0.024340639,2.0
99209,-0.035390384,-2.0
72780,-0.017211992,-1.0
6832,-0.024400525,-2.0
12678,-0.14725108,-9.0
27368,0.021970771,1.0
6386,-0.037893727,-2.0
59449,0.0862064,6.0
16896,0.20840247,13.0
84234,-0.009746414,-1.0
94181,-0.031611804,-2.0
5266,-0.07928368,-5.0
86739,-0.045310963,-3.0
94254,0.21605794,14.0
61838,-0.030792402,-2.0
49083,0.0321085,2.0
48908,-0.07876216,-5.0
39737,-0.008535346,-1.0
96280,-0.015702378,-1.0
49164,-0.13926053,-9.0
73450,-0.01997901,-1.0
95565,-0.034158964,-2.0
89265,-0.021867761,-1.0
94148,-0.012107668,-1.0
59477,0.0011769094,0.0
67426,-0.010686811,-1.0
19196,0.25298518,16.0
4612,0.023212535,1.0
53922,0.05462867,3.0
37752,-0.07928398,-5.0
27050,0.0050897175,0.0
52015,-0.17116074,-11.0
49803,0.051534507,3.0
63269,0.10235941,7.0
36336,-0.075415276,-5.0
20327,0.015916191,1.0
45637,0.12245718,8.0
37682,-0.09273316,-6.0
38277,-0.014551261,-1.0
63997,-0.046443593,-3.0
50555,0.072895214,5.0
92914,-0.13371108,-9.0
69076,0.011993366,1.0
71112,-0.012737248,-1.0
61896,0.0649336,4.0
85791,-0.08252624,-5.0
93990,0.010244831,1.0
50758,0.14234433,9.0
33500,-0.06351282,-4.0
39853,0.03954122,3.0
36385,0.17140023,11.0
37813,0.10917552,7.0
22630,-0.085392505,-5.0
94507,-0.20125204,-13.0
26559,-0.122947335,-8.0
99848,0.039786443,3.0
50150,0.00027641654,0.0
21349,0.06789385,4.0
43182,-0.02441975,-2.0
29926,0.027563922,2.0
28811,-0.013398498,-1.0
54596,-0.078621306,-5.0
53884,-0.0464196,-3.0
95481,-0.10970653,-7.0
68991,0.025490949,2.0
35454,-0.16614646,-11.0
86564,0.030022303,2.0
49353,0.34805608,22.0
23639,-0.10488402,-7.0
58151,-0.06563258,-4.0
34858,0.029658863,2.0
50930,-0.021323921,-1.0
97610,-0.03323073,-2.0
51958,-0.06505892,-4.0
92130,0.0064847446,0.0
84294,-0.05024892,-3.0
10982,0.0025546723,0.0
42925,0.031195063,2.0
55677,-0.008651147,-1.0
40606,-0.02271913,-1.0
29902,0.011901034,1.0
90346,-0.05213161,-3.0
92560,-0.091161415,-6.0
29611,-0.048671898,-3.0
16615,-0.09673661,-6.0
88021,0.03617226,2.0
47873,-0.072484665,-5.0
69598,0.11591198,7.0
70240,-0.06930472,-4.0
82236,-0.0029268437,-0.0
45974,0.088394396,6.0
26152,-0.07102422,-5.0
67447,0.01135813,1.0
3543,-0.07669599,-5.0
96257,-0.19043021,-12.0
12474,0.011122577,1.0
98400,0.14042418,9.0
45645,-0.058390737,-4.0
23851,0.008009664,1.0
77187,0.00071447686,0.0
42944,-0.04714955,-3.0
83222,-0.0637873,-4.0
9809,0.010463122,1.0
83908,-0.03349917,-2.0
61773,0.16650927,11.0
86347,-0.20738538,-13.0
57463,-0.07580786,-5.0
61789,-0.061698467,-4.0
57046,-0.04123198,-3.0
40997,0.00077372656,0.0
16254,-0.16885409,-11.0
91434,-0.033973273,-2.0
95106,0.117401764,8.0
26114,0.19828261,13.0
30601,0.005285195,0.0
92063,0.034820132,2.0
61150,0.035236567,2.0
36921,0.14304852,9.0
14551,-0.08933697,-6.0
25433,0.097730294,6.0
17412,-0.09890863,-6.0
48450,-0.13933572,-9.0
55797,-0.04588966,-3.0
46588,0.1403577,9.0
51734,-0.14147376,-9.0
94667,-0.067468904,-4.0
10805,-0.1609304,-10.0
67384,0.24709637,16.0
33467,0.0021669979,0.0
73747,-0.019902175,-1.0
88212,-0.03610104,-2.0
61359,0.048187386,3.0
38091,-0.1625262,-10.0
74567,-0.0069704005,-0.0
20738,0.03470803,2.0
11770,-0.03178119,-2.0
81079,-0.018184658,-1.0
97388,-0.030299142,-2.0
2752,-0.019074192,-1.0
59677,-0.22109629,-14.0
34610,-0.057895012,-4.0
32033,0.011104797,1.0
87820,0.028744143,2.0
18099,0.035300836,2.0
24848,0.0042911293,0.0
29447,-0.03832249,-2.0
81797,-0.26118022,-17.0
32962,0.1172232,8.0
16024,0.20338932,13.0
10754,-0.06263758,-4.0
78134,0.030956218,2.0
92097,-0.11453125,-7.0
46901,-0.02930055,-2.0
19394,0.08218959,5.0
28176,-0.04154072,-3.0
22014,0.22544894,14.0
49393,-0.007552343,-0.0
77481,-0.090075575,-6.0
22376,-0.23366527,-15.0
85612,0.11671161,7.0
98771,0.16025831,10.0
3056,-0.021854844,-1.0
44528,-0.09048125,-6.0
57433,0.0040988154,0.0
47283,-0.13359916,-9.0
78219,0.04186814,3.0
17936,-0.06548027,-4.0
38968,0.044730484,3.0
5770,0.014724548,1.0
62398,0.1310834,8.0
99526,0.010480753,1.0
53658,0.02063329,1.0
30381,0.034505695,2.0
86137,0.057740234,4.0
3321,-0.15102842,-10.0
95159,-0.11471294,-7.0
2938,-0.034216154,-2.0
16429,0.040244926,3.0
7061,0.0038447296,0.0
92024,0.020849898,1.0
82616,0.022995062,1.0
37458,-0.2216141,-14.0
25314,0.17718814,11.0
82382,0.22709869,15.0
31249,0.0084905885,1.0
13385,0.021104107,1.0
53916,0.11667476,7.0
24170,0.051486753,3.0
48907,-0.19749977,-13.0
95682,0.09497731,6.0
13014,0.10686309,7.0
20975,0.21219054,14.0
54182,0.015337313,1.0
11551,-0.022365687,-1.0
51153,0.3953739,25.0
95242,0.006107408,0.0
45740,0.13263753,8.0
40033,-0.07478095,-5.0
78240,-0.058667958,-4.0
67094,0.03900205,2.0
20499,-0.08682969,-6.0
81115,0.01208321,1.0
9799,-0.08524793,-5.0
30448,-0.00806992,-1.0
59201,0.21964,14.0
38008,0.015585668,1.0
19987,0.053336985,3.0
13524,0.0012493134,0.0
32326,-0.06756106,-4.0
27573,-0.01639993,-1.0
56688,-0.05250401,-3.0
48868,0.049504317,3.0
19544,0.00020482285,0.0
29096,0.17175375,11.0
95377,-0.20556931,-13.0
36331,0.12883025,8.0
3070,0.020598639,1.0
56134,0.10516338,7.0
6611,-0.10573574,-7.0
51196,-0.044688914,-3.0
89786,-0.017414225,-1.0
64672,0.018405544,1.0
79380,0.017573375,1.0
50245,0.008053942,1.0
86662,0.035835627,2.0
35247,-0.062416557,-4.0
65325,-0.14315845,-9.0
66258,-0.036950856,-2.0
69259,-0.07523706,-5.0
68967,-0.007308722,-0.0
41546,-0.06537078,-4.0
81598,-0.0027669207,-0.0
53191,-0.021849075,-1.0
6185,-0.15298857,-10.0
73562,-0.011390743,-1.0
39505,0.096387886,6.0
65490,-0.19640894,-13.0
19382,-0.08577284,-5.0
34500,-0.030426942,-2.0
7957,-0.055254363,-4.0
80068,-0.03750682,-2.0
92771,-0.05536663,-4.0
63610,-0.18752402,-12.0
68063,-0.15573674,-10.0
75813,0.11216047,7.0
87141,0.23739827,15.0
58286,0.030583581,2.0
87308,-0.056283448,-4.0
74846,-0.0053001335,-0.0
2924,0.012693238,1.0
32300,0.047084477,3.0
33059,0.12682725,8.0
39432,-0.011760784,-1.0
7450,0.008690064,1.0
69912,-0.12711915,-8.0
83250,0.17164722,11.0
20662,0.0137621565,1.0
90513,-0.011203507,-1.0
30240,-0.015196018,-1.0
5512,-0.0074873273,-0.0
81895,-0.34307992,-22.0
76697,0.008377818,1.0
7762,-0.042804558,-3.0
100302,0.21997985,14.0
93625,-0.1993276,-13.0
92514,0.03150659,2.0
41138,-0.02568705,-2.0
50684,-0.07610743,-5.0
77978,0.1648305,11.0
72068,-0.077084266,-5.0
61763,-0.16074504,-10.0
35452,-0.2074937,-13.0
83522,-0.05537673,-4.0
23257,-0.1334463,-9.0
44862,-0.09039112,-6.0
89230,-0.011938908,-1.0
36662,0.04275674,3.0
11485,0.0412869,3.0
45375,-0.15603401,-10.0
16991,-0.045764983,-3.0
41597,0.21237585,14.0
82739,0.04793617,3.0
82487,0.008262752,1.0
47932,0.1661151,11.0
16199,0.062402744,4.0
23481,-0.021491548,-1.0
47606,0.07966034,5.0
28029,-0.04075991,-3.0
63016,-0.050666273,-3.0
84927,-0.053680778,-3.0
84409,0.02581594,2.0
57088,0.01868361,1.0
13849,-0.036742117,-2.0
45333,-0.019308407,-1.0
63274,0.2713311,17.0
43783,0.23660235,15.0
77443,0.15234491,10.0
9374,-0.14839186,-9.0
69196,0.036888443,2.0
38334,0.071552314,5.0
90765,0.07396449,5.0
18088,-0.008279111,-1.0
58822,0.006881514,0.0
83945,0.0040955544,0.0
3469,0.0048835827,0.0
4559,-0.028540209,-2.0
30493,-0.007032216,-0.0
54081,0.067574196,4.0
15966,0.071237594,5.0
20573,-0.53646266,-34.0
85739,0.07277093,5.0
41050,-0.06802778,-4.0
16075,-0.12358711,-8.0
26797,-0.01347636,-1.0
9633,-0.17620014,-11.0
25936,-0.16103661,-10.0
45947,-0.073946975,-5.0
6003,0.04599244,3.0
36899,0.08410394,5.0
26377,0.063024774,4.0
94199,0.066287234,4.0
89957,-0.06785812,-4.0
27352,-0.0248901,-2.0
68863,-0.07925575,-5.0
87800,0.10731388,7.0
77593,-0.103629686,-7.0
59917,-0.15865295,-10.0
83356,0.08252962,5.0
53517,0.098299675,6.0
43928,0.02462907,2.0
55363,-0.0710702,-5.0
30583,-0.021653892,-1.0
53362,-0.016247993,-1.0
54794,-0.036908086,-2.0
95171,0.027325911,2.0
23193,0.15378109,10.0
54483,-0.13776594,-9.0
8088,-0.029021103,-2.0
58999,0.0038450807,0.0
65844,0.029102309,2.0
46325,-0.22773711,-15.0
46102,0.03191382,2.0
62364,-0.10694398,-7.0
18349,-0.007207936,-0.0
62572,-0.06692822,-4.0
72484,-0.23316891,-15.0
1316,-0.0072546364,-0.0
82643,0.13075835,8.0
48977,-0.023386465,-1.0
75631,-0.14600106,-9.0
83110,-0.01932206,-1.0
93441,0.20263034,13.0
49081,-0.1707359,-11.0
92558,-0.04050325,-3.0
71674,0.06477332,4.0
72495,0.018526526,1.0
68647,0.10145585,6.0
24195,-0.05290551,-3.0
52712,0.013587208,1.0
65869,-0.03255046,-2.0
53947,-0.06554228,-4.0
70704,0.14733917,9.0
95675,-0.005152856,-0.0
27296,-0.030439164,-2.0
42228,-0.07103117,-5.0
97857,0.0073027997,0.0
35431,-0.16036907,-10.0
99086,-0.027381992,-2.0
27114,0.005688783,0.0
39121,0.10528259,7.0
6438,0.046052545,3.0
55269,0.15054086,10.0
32691,-0.035391737,-2.0
13800,0.23969924,15.0
43737,-0.021895686,-1.0
26197,0.16403034,10.0
71573,0.1559822,10.0
29615,-0.10199613,-7.0
60879,0.26201788,17.0
32095,0.24454574,16.0
6684,0.14931855,10.0
97301,0.00468077,0.0
23135,0.029397562,2.0
42328,0.14208852,9.0
49023,0.07816462,5.0
13208,0.11030853,7.0
22293,-0.078865275,-5.0
99160,-0.026962759,-2.0
85299,0.06392279,4.0
67765,-0.14726849,-9.0
30203,-0.009832098,-1.0
85909,0.23215595,15.0
58772,0.021865897,1.0
52064,-0.12541519,-8.0
41814,0.02399632,2.0
42974,0.013941588,1.0
84605,-0.024329547,-2.0
33219,-0.086916365,-6.0
60271,0.011330212,1.0
77429,0.10763707,7.0
29196,-0.12695429,-8.0
3861,0.22283082,14.0
31175,-0.0043752906,-0.0
17365,0.020720858,1.0
52185,0.011727505,1.0
67676,-0.019315667,-1.0
95074,0.05194859,3.0
54598,-0.090930365,-6.0
45687,-0.008149969,-1.0
40039,-0.0034876126,-0.0
97985,-0.017444475,-1.0
48036,-0.013367817,-1.0
21869,0.029553981,2.0
51104,-0.11457165,-7.0
4187,-0.0027126076,-0.0
64784,0.068037696,4.0
80299,0.16936739,11.0
54113,0.027183807,2.0
28109,0.13535824,9.0
72133,0.018141551,1.0
59258,-0.09075037,-6.0
21939,0.095476896,6.0
84547,0.023922846,2.0
6853,-0.17768826,-11.0
20101,-0.22475395,-14.0
99374,-0.00026811875,-0.0
64822,0.05366135,3.0
35373,0.065723136,4.0
69501,-0.107002474,-7.0
78650,-0.0031264673,-0.0
72419,0.13743225,9.0
58977,-0.36016515,-23.0
76851,0.021189662,1.0
59023,-0.07807807,-5.0
76158,-0.094216555,-6.0
87992,0.36068034,23.0
56224,-0.00906883,-1.0
30404,-0.016150156,-1.0
3074,0.02224517,1.0
80340,-0.18102947,-12.0
43697,0.11317533,7.0
91111,0.01323388,1.0
76260,-0.057407185,-4.0
98281,-0.005746994,-0.0
23263,-0.11925114,-8.0
95047,-0.010535594,-1.0
73484,-0.016943354,-1.0
74833,0.30017778,19.0
24821,0.18622868,12.0
62038,-0.09328302,-6.0
67409,0.053455554,3.0
4367,-0.022711031,-1.0
60999,-0.037561387,-2.0
90016,0.057188604,4.0
10230,-0.025662152,-2.0
82657,0.12544918,8.0
60258,-0.031955797,-2.0
47114,-0.108616136,-7.0
93634,0.08642434,6.0
92071,-0.09106541,-6.0
14451,0.15840326,10.0
89041,0.20443918,13.0
3396,0.1565561,10.0
71283,-0.006317127,-0.0
40827,0.15129144,10.0
52437,0.06987272,4.0
46417,0.16715471,11.0
40533,0.052728917,3.0
22571,-0.17958154,-11.0
12213,-0.07564981,-5.0
54469,0.035224214,2.0
40940,0.03717044,2.0
48888,-0.006725298,-0.0
67922,-0.14431532,-9.0
35167,0.021995507,1.0
50949,-0.07947979,-5.0
89657,-0.14227398,-9.0
24344,-0.07923201,-5.0
92459,0.062052995,4.0
79890,0.17054708,11.0
18707,0.10281741,7.0
4255,0.011963662,1.0
68675,0.039933436,3.0
62256,-0.27625537,-18.0
84975,0.1301974,8.0
98940,-0.036301777,-2.0
90020,0.022433383,1.0
32107,0.23608646,15.0
88901,-0.0338272,-2.0
22200,-0.015127549,-1.0
10089,0.14733738,9.0
60870,0.23990832,15.0
86775,0.28250808,18.0
89107,-0.008685047,-1.0
71789,-0.117516704,-8.0
60060,0.0027785813,0.0
8984,0.16198255,10.0
64332,0.043185808,3.0
98598,0.12612376,8.0
50679,0.07273519,5.0
13976,0.043120597,3.0
30671,0.0009950667,0.0
14936,-0.10156653,-7.0
6318,-0.148058,-9.0
59244,-0.024814472,-2.0
37776,-0.032427352,-2.0
25041,-0.027405888,-2.0
81587,0.09141698,6.0
4709,-0.014812742,-1.0
14007,-0.090118885,-6.0
4252,-0.024993071,-2.0
22765,-0.00089776947,-0.0
85094,0.06387429,4.0
26143,0.07805943,5.0
11088,-0.032889023,-2.0
53343,0.021633996,1.0
73012,0.004977218,0.0
86522,-0.1300185,-8.0
43280,0.05158106,3.0
20294,-0.060339447,-4.0
59941,0.05689428,4.0
54343,0.24472852,16.0
92361,-0.09964183,-6.0
18621,0.065818325,4.0
98276,-0.0010863206,-0.0
12931,-0.22528645,-14.0
29221,0.15094778,10.0
47934,0.05490697,4.0
42664,0.32534495,21.0
13114,-0.015942369,-1.0
36453,0.09610885,6.0
56769,-0.10942564,-7.0
50983,-0.015614314,-1.0
70652,0.22427568,14.0
97732,-0.0008163163,-0.0
33901,0.010584074,1.0
34809,-0.025985593,-2.0
27920,0.043599676,3.0
41408,-0.04203538,-3.0
92504,0.04929204,3.0
50695,-0.040123302,-3.0
70443,-0.10693262,-7.0
95633,-0.017182127,-1.0
53419,-0.084771775,-5.0
82588,-0.056232464,-4.0
39593,-0.0035307556,-0.0
92151,-0.0058021173,-0.0
50073,-0.083829634,-5.0
94372,0.0042270673,0.0
67592,-0.021827402,-1.0
6238,-0.025507653,-2.0
16222,-0.06187351,-4.0
33689,-0.026916573,-2.0
9445,-0.052083023,-3.0
52548,0.0053844624,0.0
23839,0.102832966,7.0
57408,0.047559597,3.0
57753,-0.03929815,-3.0
71382,-0.0668929,-4.0
37535,0.038063236,2.0
20819,0.0054083727,0.0
22906,0.22931126,15.0
49680,0.074346825,5.0
47977,-0.008884019,-1.0
39693,0.051936936,3.0
20898,0.061939858,4.0
45438,-0.016389823,-1.0
54395,-0.09093833,-6.0
48998,-0.015575618,-1.0
74200,-0.03374768,-2.0
64342,0.016475104,1.0
33239,-0.16221796,-10.0
860,0.04348218,3.0
99969,-0.016510474,-1.0
70980,0.062273044,4.0
87325,-0.018753458,-1.0
18029,0.007336459,0.0
46429,-0.21310277,-14.0
57237,0.021114888,1.0
36329,0.39241195,25.0
65256,0.13906096,9.0
88245,0.05795085,4.0
68775,0.09538278,6.0
31080,0.067146644,4.0
76935,-0.21020506,-13.0
71214,0.12639129,8.0
3950,-0.019441333,-1.0
96024,0.12206857,8.0
99591,0.031114716,2.0
87603,-0.043548074,-3.0
54470,0.095250264,6.0
27415,0.012185055,1.0
167,-0.019007875,-1.0
70056,0.029835112,2.0
42548,0.2815604,18.0
33814,0.030975688,2.0
67669,-0.083083965,-5.0
54736,0.18111405,12.0
45988,-0.016174756,-1.0
52019,-0.07366969,-5.0
5187,-0.18207023,-12.0
62604,0.013814339,1.0
45938,0.12976928,8.0
16555,-0.103041604,-7.0
76379,0.06330926,4.0
72741,-0.017550698,-1.0
33082,0.1996127,13.0
67541,-0.007738424,-0.0
43296,0.040768337,3.0
1547,-0.23729113,-15.0
96939,-0.17935158,-11.0
13736,0.10972652,7.0
44041,0.07485583,5.0
89943,0.07839414,5.0
77666,-0.010363208,-1.0
57209,-0.022232734,-1.0
45647,-0.042260133,-3.0
25761,0.009297086,1.0
66768,0.09152839,6.0
96851,0.0015495016,0.0
9779,-0.099456236,-6.0
66719,0.021840516,1.0
90074,0.176994,11.0
82761,0.1868912,12.0
57656,-0.012734793,-1.0
18200,0.01573239,1.0
44998,-0.050724078,-3.0
89996,-0.0061788424,-0.0
89592,0.12517805,8.0
59314,-0.048280038,-3.0
2213,0.0025397837,0.0
42683,-0.15481406,-10.0
53892,-0.031188065,-2.0
56675,0.117961496,8.0
24752,0.019828081,1.0
11052,-0.13193174,-8.0
83693,-0.07078343,-5.0
81284,-0.016721752,-1.0
75725,0.07138711,5.0
33340,0.072387375,5.0
13737,0.02229778,1.0
15355,-0.033881053,-2.0
86704,0.09173733,6.0
39389,-0.12604488,-8.0
61355,0.083712906,5.0
92300,-0.16716635,-11.0
53789,-0.15400451,-10.0
85134,0.027296819,2.0
52151,0.032002952,2.0
94270,-0.0020641466,-0.0
57441,0.2091928,13.0
24473,0.00495815,0.0
73799,0.027637705,2.0
64270,-0.073140785,-5.0
82863,0.00575145,0.0
71388,-0.089687675,-6.0
84244,-0.0016377155,-0.0
19849,0.14032888,9.0
23136,0.079822384,5.0
31638,0.0906429,6.0
43686,0.13430944,9.0
21891,0.15023798,10.0
91414,-0.2028666,-13.0
1521,0.0025958256,0.0
49292,0.20731898,13.0
52345,0.09194627,6.0
33674,0.39360523,25.0
13435,-0.054778565,-4.0
60917,0.25028864,16.0
563,0.01272509,1.0
82501,-0.1564733,-10.0
69587,0.0327043,2.0
93779,0.17557308,11.0
40418,0.15721722,10.0
6191,0.002956333,0.0
42526,-0.19467928,-12.0
17275,0.006732004,0.0
20185,-0.07437336,-5.0
8448,-0.18841739,-12.0
93005,-0.104574256,-7.0
66425,-0.031124499,-2.0
9932,0.12863666,8.0
65206,0.19660296,13.0
19554,0.43630594,28.0
93182,0.094548926,6.0
9587,-0.16145569,-10.0
86432,-0.2581808,-17.0
32179,-0.093923345,-6.0
91064,-0.27564752,-18.0
24866,0.19687022,13.0
70977,-0.02176539,-1.0
3136,0.03321724,2.0
11150,-0.060512174,-4.0
84471,0.0146630835,1.0
88626,-0.0064475476,-0.0
57211,-0.027679862,-2.0
41359,0.10052947,6.0
98942,0.024299124,2.0
83637,0.17277068,11.0
63953,0.12515959,8.0
45601,0.09462362,6.0
77213,0.10030076,6.0
46413,-0.035417654,-2.0
37564,-0.24975334,-16.0
64349,0.035162006,2.0
4041,0.021409832,1.0
42518,0.2689162,17.0
81835,-0.01213703,-1.0
87279,0.02446936,2.0
86136,0.10812664,7.0
52152,0.078679405,5.0
12638,0.068140015,4.0
84725,-0.02787227,-2.0
43921,-0.035228208,-2.0
661,-0.010346481,-1.0
46129,0.08743049,6.0
50942,-0.10153744,-6.0
96472,0.22599812,14.0
56145,-0.1150136,-7.0
3347,0.20877454,13.0
88985,0.0095419735,1.0
84373,0.011547668,1.0
68323,-0.21014811,-13.0
5161,-0.2606317,-17.0
73779,0.01115687,1.0
17854,-0.29044336,-19.0
81642,-0.00010729897,-0.0
82972,-0.20253152,-13.0
49078,0.027387436,2.0
15562,-0.00027410535,-0.0
38048,-0.25195807,-16.0
46123,-0.11682264,-7.0
72808,-0.19774137,-13.0
4498,0.008822155,1.0
83301,0.037442405,2.0
77031,-0.19220196,-12.0
71134,0.11750241,8.0
24789,0.007363035,0.0
59882,-0.05133553,-3.0
198,0.011985187,1.0
52940,-0.05569391,-4.0
97498,-0.0040803724,-0.0
99132,-0.024203684,-2.0
65429,0.02531129,2.0
62868,0.038388703,2.0
68013,0.009849688,1.0
60498,0.072423846,5.0
7252,-0.0131713925,-1.0
93655,-0.33084452,-21.0
51012,-0.03555431,-2.0
75518,0.09410298,6.0
46620,0.08790048,6.0
35057,0.036127932,2.0
22682,-0.034667037,-2.0
44840,0.112232916,7.0
44825,-0.0026014117,-0.0
57635,-0.056218367,-4.0
55081,-0.12228176,-8.0
65045,-0.018087307,-1.0
71520,-0.15671755,-10.0
90787,0.14439099,9.0
74943,-0.023266807,-1.0
88243,0.066110164,4.0
80970,-0.1850966,-12.0
31563,0.100089096,6.0
21942,-0.10736245,-7.0
71623,0.08697185,6.0
17359,-0.011999373,-1.0
23518,-0.021406183,-1.0
73594,-0.0011930041,-0.0
21488,-0.073169254,-5.0
57710,-0.07914439,-5.0
45781,-0.20091084,-13.0
17963,0.049637035,3.0
97204,-0.101374574,-6.0
49121,-0.20306243,-13.0
90053,0.18623495,12.0
64360,0.026004042,2.0
18530,-0.11972309,-8.0
17067,0.19721597,13.0
72680,-0.19775295,-13.0
85551,0.12884241,8.0
42105,-0.14975224,-10.0
27462,0.007882323,1.0
5309,0.003432661,0.0
71094,0.2272829,15.0
31279,0.052482516,3.0
38528,0.014230431,1.0
74805,0.26758072,17.0
33457,0.2970736,19.0
29888,0.018265367,1.0
51183,0.14703818,9.0
26274,0.20377308,13.0
53110,-0.0014927974,-0.0
97255,0.020280642,1.0
94120,-0.19619669,-13.0
62881,0.1293111,8.0
6593,-0.11252086,-7.0
53435,-0.12273432,-8.0
31982,-0.11585405,-7.0
72581,0.14384179,9.0
50292,-0.115694635,-7.0
56366,-0.0778403,-5.0
86128,0.006131888,0.0
87169,0.32733643,21.0
8622,-0.032368626,-2.0
58636,-0.10688399,-7.0
89432,0.020201905,1.0
68068,0.018296052,1.0
4519,0.013235807,1.0
31574,0.1501228,10.0
79189,0.03138709,2.0
95925,-0.14731912,-9.0
49046,-0.08077053,-5.0
41105,-0.080483645,-5.0
90352,-0.12385583,-8.0
73989,0.0031534038,0.0
48533,0.0077151214,0.0
43257,-0.0848593,-5.0
59323,-0.40207204,-26.0
32191,-0.080582656,-5.0
70621,-0.032949187,-2.0
20088,-0.23977658,-15.0
34640,0.016118,1.0
59671,-0.05462404,-3.0
69984,-0.13201405,-8.0
22019,0.17566597,11.0
22547,-0.09274269,-6.0
70956,-0.1331709,-9.0
95837,0.1774151,11.0
99926,0.032414425,2.0
32935,0.03280588,2.0
10883,-0.08125286,-5.0
4045,0.010294783,1.0
34393,0.012903358,1.0
42443,-0.2965927,-19.0
36841,0.08125781,5.0
14931,-0.058588922,-4.0
24943,0.077098735,5.0
42788,0.16009434,10.0
100198,-0.05384846,-3.0
98197,-0.0070316247,-0.0
6757,-0.08473295,-5.0
34044,-0.005393298,-0.0
21797,-0.044105615,-3.0
70412,-0.2437751,-16.0
36094,-0.00383971,-0.0
67337,-0.033847366,-2.0
61668,-0.6544663,-42.0
12258,-0.012307239,-1.0
77019,-0.038853794,-2.0
33426,-0.12365414,-8.0
40245,-0.08863581,-6.0
58551,0.04546819,3.0
81953,-0.15604757,-10.0
34557,-0.06689117,-4.0
10022,-0.07526816,-5.0
64220,0.13449319,9.0
68678,0.007614826,0.0
75065,0.067792006,4.0
97665,0.017120251,1.0
84090,0.008992635,1.0
94306,0.25915062,17.0
86175,-0.15272593,-10.0
1865,-0.08786596,-6.0
58971,-0.07622636,-5.0
6629,-0.037970904,-2.0
60177,-0.13475913,-9.0
57905,-0.006837692,-0.0
56240,-0.06408473,-4.0
99741,-0.2953899,-19.0
29149,0.0070972657,0.0
13344,-0.016343046,-1.0
91758,-0.012221137,-1.0
16757,0.02768193,2.0
82477,-0.03507246,-2.0
49549,0.065340415,4.0
62632,-0.07348741,-5.0
61235,-0.029893996,-2.0
63042,-0.11600535,-7.0
44299,-0.06812441,-4.0
83697,0.003949773,0.0
38188,-0.1418931,-9.0
56187,-0.060716536,-4.0
21380,-0.003906782,-0.0
68066,0.14460924,9.0
46181,0.040340956,3.0
36867,-0.013068459,-1.0
67340,-0.007897271,-1.0
8488,-0.23259974,-15.0
25321,0.143733,9.0
42168,-0.08294764,-5.0
97390,-0.013391935,-1.0
80,-0.026684506,-2.0
30408,-0.020688368,-1.0
97407,0.025413966,2.0
73163,-0.02567068,-2.0
6969,-0.10440891,-7.0
58268,-0.049884975,-3.0
21770,-0.06822168,-4.0
21789,0.35725507,23.0
67000,-0.119657464,-8.0
3229,0.34161207,22.0
22721,0.1380402,9.0
21638,-0.12524718,-8.0
22897,-0.3337853,-21.0
15410,0.035459377,2.0
30971,-0.12001561,-8.0
75113,-0.029604075,-2.0
20523,0.03312515,2.0
74296,-0.03211579,-2.0
56017,-0.09731186,-6.0
60411,-0.041360352,-3.0
95016,0.010679554,1.0
57594,-0.04910511,-3.0
50646,-0.035920855,-2.0
466,0.001148259,0.0
91358,-0.06470639,-4.0
66811,0.17474979,11.0
53893,-0.060779195,-4.0
73800,-0.032053784,-2.0
57616,-0.07877716,-5.0
74195,-0.022533188,-1.0
78796,-0.050536416,-3.0
26863,0.0060963253,0.0
61135,-0.092464626,-6.0
34229,-0.011474467,-1.0
100298,-0.031761296,-2.0
88549,0.20239174,13.0
80786,0.068156436,4.0
62292,0.05837967,4.0
43826,-0.11650344,-7.0
96448,0.029553363,2.0
63480,-0.009063891,-1.0
62580,0.0071654706,0.0
99210,0.005352915,0.0
94723,-0.00617221,-0.0
13418,0.07179079,5.0
86612,0.05704789,4.0
41798,-0.0723473,-5.0
49463,-0.05743808,-4.0
38141,0.12544285,8.0
72427,0.10612885,7.0
78068,-0.043469485,-3.0
43909,0.005327553,0.0
16731,-0.050935827,-3.0
78083,0.09537706,6.0
46352,-0.3502485,-22.0
99522,-0.010806684,-1.0
98554,-0.07572724,-5.0
64918,0.0034019416,0.0
88968,-0.026120815,-2.0
13891,0.03396305,2.0
24931,0.050398454,3.0
72625,0.011010142,1.0
26223,0.10968908,7.0
60547,-0.06933857,-4.0
62156,0.06478304,4.0
77415,0.014247798,1.0
32478,0.18284576,12.0
74913,0.21514276,14.0
15169,0.047587946,3.0
28938,0.04785896,3.0
24027,-0.13966347,-9.0
88154,-0.090152316,-6.0
49647,-0.008941911,-1.0
69867,-0.12872551,-8.0
74505,-0.013814356,-1.0
20782,-0.02142543,-1.0
68393,-0.026776144,-2.0
41469,-0.010532925,-1.0
32483,-0.22190408,-14.0
29964,-0.010555106,-1.0
34283,-0.00803939,-1.0
17495,-0.080706984,-5.0
18593,-0.026563803,-2.0
56171,0.10468737,7.0
100207,0.17704453,11.0
3535,-0.048052162,-3.0
28766,-0.20181175,-13.0
96391,0.0063357083,0.0
99260,0.009519505,1.0
73946,-0.014997304,-1.0
51101,0.032603767,2.0
83808,0.17848344,11.0
47025,-0.052195907,-3.0
35136,0.19006428,12.0
67099,-0.038968798,-2.0
20699,-0.019890422,-1.0
26710,0.02501888,2.0
41808,-0.053388763,-3.0
36655,-0.3353852,-21.0
10384,0.04011826,3.0
15756,-0.15341866,-10.0
93456,0.18110728,12.0
4189,-0.03545496,-2.0
39131,0.08055122,5.0
49743,0.047474477,3.0
49419,-0.003388737,-0.0
75450,-0.16759191,-11.0
29772,-0.02463599,-2.0
3539,-0.18869898,-12.0
56377,0.15470794,10.0
65083,-0.014725698,-1.0
83581,0.2596848,17.0
94452,-0.42512083,-27.0
27236,-0.03144106,-2.0
13096,0.030102445,2.0
40577,0.05028133,3.0
29499,-0.0032306085,-0.0
72024,-0.16471218,-11.0
65136,0.029325929,2.0
47668,0.05987656,4.0
84584,-0.004649639,-0.0
60196,0.1663278,11.0
92159,0.13158706,8.0
91636,-0.06974224,-4.0
7830,0.06746869,4.0
47647,-0.096329086,-6.0
78629,-0.052359026,-3.0
90642,-0.34441397,-22.0
4507,-0.0061541502,-0.0
33132,0.052275423,3.0
48638,-0.019102056,-1.0
39608,0.103753634,7.0
73667,0.026051898,2.0
76518,-0.1344231,-9.0
43181,-0.032365188,-2.0
25482,-0.033843387,-2.0
19607,-0.0069683497,-0.0
48807,-0.05804232,-4.0
30570,-0.026037464,-2.0
27004,0.01958108,1.0
11868,0.009382155,1.0
36348,0.049239308,3.0
30382,0.02062864,1.0
6995,0.2895602,19.0
78962,0.09323048,6.0
47043,-0.017421884,-1.0
45513,-0.07883843,-5.0
80069,-0.022352269,-1.0
55272,0.056353733,4.0
34781,0.03945233,3.0
66431,-0.026504204,-2.0
37533,-0.12469775,-8.0
80599,0.05516023,4.0
70818,-0.08496661,-5.0
674,-0.012228293,-1.0
94502,-0.18889251,-12.0
58211,-0.13406312,-9.0
29481,-0.038874805,-2.0
61399,-0.00025555797,-0.0
85011,0.08310438,5.0
14272,-0.3334002,-21.0
77122,0.04915551,3.0
70552,-0.008349382,-1.0
38473,-0.025187442,-2.0
32492,0.17649683,11.0
20659,-0.15054607,-10.0
96406,0.014269489,1.0
64919,0.03947163,3.0
75167,-0.10852996,-7.0
13022,0.10936226,7.0
25157,0.012361032,1.0
37361,0.10320608,7.0
17348,0.029996842,2.0
1607,0.1488989,10.0
40427,0.0040570754,0.0
60272,0.031447224,2.0
88064,-0.027215736,-2.0
34081,0.013037713,1.0
27600,-0.0970127,-6.0
4171,-0.023445936,-2.0
87245,-0.13210349,-8.0
29036,0.0045712083,0.0
81727,0.049578924,3.0
6548,0.12821576,8.0
68817,0.0335322,2.0
59110,0.04116993,3.0
34574,-0.13810089,-9.0
7147,-0.0065893107,-0.0
44368,0.09497656,6.0
49320,0.16263819,10.0
60345,-0.06524595,-4.0
30473,0.023562824,2.0
52098,-0.0601223,-4.0
6556,-0.043989647,-3.0
11594,-0.006698372,-0.0
15146,-0.008694153,-1.0
37611,0.006892531,0.0
70082,0.20833477,13.0
37424,0.061443463,4.0
37522,0.06755858,4.0
12985,-0.112969086,-7.0
49096,-0.12198977,-8.0
28992,-0.010440326,-1.0
13389,-0.11206427,-7.0
95112,0.31970152,20.0
50050,0.10573649,7.0
66836,-0.011222414,-1.0
84728,0.027922709,2.0
53520,0.18456508,12.0
11697,0.059102982,4.0
18194,0.09940207,6.0
49501,0.012135391,1.0
74705,-0.13685699,-9.0
69595,0.18872887,12.0
83502,0.12898125,8.0
12478,0.1488492,10.0
205,-0.014316849,-1.0
2939,-0.007823821,-1.0
85898,0.07086352,5.0
43157,0.019183524,1.0
99894,-0.12622759,-8.0
59750,-0.061664466,-4.0
68749,0.22207691,14.0
18620,0.14615881,9.0
10514,0.11363825,7.0
11595,0.023002276,1.0
34388,0.020799752,1.0
44724,0.09007196,6.0
32903,-0.010552828,-1.0
80099,-0.043064855,-3.0
10015,0.019580474,1.0
74185,0.0038624213,0.0
48293,0.10807791,7.0
75744,0.15665345,10.0
76513,-0.23880483,-15.0
76134,0.08133975,5.0
72082,-0.14034255,-9.0
86783,0.0058261775,0.0
73307,0.00518821,0.0
72451,-0.004443261,-0.0
45756,0.111910276,7.0
13299,-0.02251159,-1.0
1692,0.18653105,12.0
99690,-0.3159021,-20.0
29041,0.02746239,2.0
48765,0.031331435,2.0
42647,0.0015538571,0.0
55371,-0.008477588,-1.0
97123,-0.044564303,-3.0
64496,-0.004425086,-0.0
783,-0.02170461,-1.0
81620,0.02658862,2.0
13707,0.20490469,13.0
75811,0.053851534,3.0
57140,0.08314396,5.0
24875,-0.018006345,-1.0
928,0.0043372465,0.0
85461,-0.013096006,-1.0
82241,-0.07149111,-5.0
93904,0.116509415,7.0
53838,0.017329779,1.0
31652,0.0992419,6.0
44959,-0.023221394,-1.0
6958,0.042168684,3.0
14205,0.06346253,4.0
33314,0.21797244,14.0
93541,0.023112621,1.0
65672,-0.101693794,-7.0
1588,0.0079869805,1.0
55903,0.011748473,1.0
30886,0.0013862911,0.0
41091,-0.28433767,-18.0
22359,-0.018449532,-1.0
73822,0.0016574094,0.0
44341,-0.04680379,-3.0
98807,0.0043426626,0.0
24630,-0.08608496,-6.0
53100,0.0004931593,0.0
24688,0.057234205,4.0
86419,0.035584133,2.0
64777,-0.06587847,-4.0
28235,0.008577607,1.0
58489,-0.16995445,-11.0
73580,-0.022184117,-1.0
68459,-0.18147086,-12.0
45517,-0.22915852,-15.0
32461,0.066587195,4.0
63419,0.0110799335,1.0
81787,-0.056123387,-4.0
55208,-0.19059071,-12.0
85781,0.04521587,3.0
86513,-0.18039306,-12.0
97819,-0.0044799955,-0.0
14646,0.0039017769,0.0
94375,-0.09831816,-6.0
51621,0.037137732,2.0
55843,0.04935982,3.0
66469,0.029122422,2.0
66791,0.047969792,3.0
76947,-0.14335932,-9.0
23492,-0.027256805,-2.0
6955,0.05751586,4.0
88128,-0.32302734,-21.0
87133,-0.039424405,-3.0
31486,0.017366026,1.0
79853,-0.04551941,-3.0
33758,0.011457125,1.0
28455,0.14396453,9.0
97850,-0.021015791,-1.0
43453,0.07744743,5.0
17809,-0.031073987,-2.0
62622,-0.09632665,-6.0
170,0.023631914,2.0
27244,-0.028608212,-2.0
15984,0.22951782,15.0
55088,0.0126141375,1.0
13870,-0.10145684,-6.0
34973,-0.13091898,-8.0
89892,-0.40139285,-26.0
92265,-0.09470782,-6.0
80324,-0.03575447,-2.0
53019,-0.008989827,-1.0
36647,-0.009378192,-1.0
24086,-0.062916696,-4.0
48905,-0.10468328,-7.0
77809,-0.0456054,-3.0
76062,-0.006378138,-0.0
45636,0.07491001,5.0
75658,0.05243247,3.0
49275,-0.06886844,-4.0
21962,-0.03349098,-2.0
75841,0.07673008,5.0
4024,-0.01793807,-1.0
68572,0.03281478,2.0
76472,-0.20686467,-13.0
29066,-0.014158343,-1.0
13722,-0.07252876,-5.0
31284,0.035792917,2.0
7736,-0.013127372,-1.0
94783,0.22039407,14.0
10474,0.025187366,2.0
17216,0.0006429979,0.0
49077,-0.13723713,-9.0
38829,-0.11512835,-7.0
48298,0.37817314,24.0
59483,0.20182094,13.0
82313,0.008166993,1.0
86877,0.14520179,9.0
77637,0.017372668,1.0
77619,0.0005577931,0.0
85188,-0.14809015,-9.0
82220,-0.012872896,-1.0
35481,0.023242058,1.0
16846,-0.027324086,-2.0
90984,0.00027445165,0.0
39429,-0.053332474,-3.0
9635,0.25435668,16.0
88781,-0.02427811,-2.0
92426,-0.060044702,-4.0
31047,-0.0008512592,-0.0
40549,0.085964516,6.0
46553,-0.19143961,-12.0
67876,-0.08411864,-5.0
68970,-0.010207026,-1.0
93637,-0.0860984,-6.0
51663,-0.009996181,-1.0
62566,0.030889895,2.0
70133,-0.001968048,-0.0
94664,0.041413665,3.0
71332,-0.0038649957,-0.0
48401,0.18524814,12.0
2163,-0.17690866,-11.0
22719,0.038287304,2.0
37529,0.057124667,4.0
88532,0.18580309,12.0
82167,-0.014604104,-1.0
43857,-0.052956685,-3.0
39882,0.10581599,7.0
51084,-0.018895937,-1.0
5105,-0.054496113,-3.0
47550,0.021139644,1.0
7501,-0.07413961,-5.0
74271,-0.021280393,-1.0
91191,-0.12938291,-8.0
90822,-0.015508045,-1.0
74538,-0.009732655,-1.0
93196,0.057427917,4.0
18951,-0.08958527,-6.0
59221,-0.031785384,-2.0
51284,-0.14701207,-9.0
11792,0.03272497,2.0
87199,0.24634114,16.0
6866,-0.07082418,-5.0
20186,-0.042532872,-3.0
10311,0.06852757,4.0
61984,-0.16185218,-10.0
75478,-0.2341182,-15.0
57131,0.12473319,8.0
53271,-0.016576506,-1.0
29504,-0.06544994,-4.0
72611,0.15621911,10.0
26333,0.14779477,9.0
22409,-0.08277274,-5.0
72322,0.16000989,10.0
97942,0.030911528,2.0
90160,0.014711482,1.0
22250,0.04524655,3.0
27794,-0.21770497,-14.0
60318,0.10147383,6.0
49215,0.18367343,12.0
16626,0.1608352,10.0
1169,0.02586357,2.0
38228,-0.08217703,-5.0
80544,-0.002534706,-0.0
93795,0.0883417,6.0
76724,-0.22976069,-15.0
69003,0.022019723,1.0
41162,-0.016100284,-1.0
21284,0.1242413,8.0
80175,-0.13493027,-9.0
99444,0.027976,2.0
77393,-0.034788787,-2.0
82893,0.056027874,4.0
11836,0.03576451,2.0
62050,0.09756103,6.0
72656,-0.237779,-15.0
3590,0.02780286,2.0
28128,-0.34562495,-22.0
19072,0.10981,7.0
67216,-0.07496026,-5.0
67960,0.064071804,4.0
63714,0.0980397,6.0
65486,-0.23281302,-15.0
94925,-0.07003886,-4.0
84673,-0.008713267,-1.0
22725,0.1880382,12.0
24468,0.06989358,4.0
51296,0.0012817511,0.0
77798,0.03572613,2.0
72058,-0.02423005,-2.0
20836,0.17010032,11.0
64704,0.19800866,13.0
74550,0.344267,22.0
76919,-0.1370873,-9.0
58445,0.013646889,1.0
51965,-0.13472077,-9.0
100151,0.18825871,12.0
26719,-0.024395688,-2.0
21070,-0.6796671,-43.0
35933,-0.036323432,-2.0
19451,0.112711124,7.0
326,-0.026532061,-2.0
66035,0.004875779,0.0
32183,-0.050818637,-3.0
19483,-0.17267925,-11.0
37462,0.087299496,6.0
24327,0.0008814463,0.0
13536,0.12644222,8.0
76003,0.096354395,6.0
38470,0.0051937955,0.0
57329,0.29874673,19.0
80992,-0.023413584,-1.0
56225,-0.09527914,-6.0
87803,0.08929258,6.0
26321,-0.082738325,-5.0
24184,-0.18427141,-12.0
26046,-0.054362148,-3.0
42295,0.0024970125,0.0
6485,0.09882159,6.0
62612,0.3183388,20.0
71098,0.17689766,11.0
31837,0.22327645,14.0
98797,0.0057385736,0.0
72921,-0.012106309,-1.0
28525,0.004218049,0.0
68415,-0.03962609,-3.0
97493,0.015284871,1.0
79719,-0.1384295,-9.0
62113,0.0048307786,0.0
3914,0.10372841,7.0
93852,0.062184826,4.0
28804,-0.11169116,-7.0
87455,-0.0075366674,-0.0
71837,-0.075215586,-5.0
88527,0.29343843,19.0
69829,-0.010041608,-1.0
57276,-0.053746667,-3.0
4963,0.05065121,3.0
99883,0.18728256,12.0
23405,-0.12428366,-8.0
85452,0.013383347,1.0
38941,0.15028542,10.0
68313,0.018489985,1.0
87796,0.16426891,11.0
83618,0.1756165,11.0
14576,-0.0558703,-4.0
9418,0.012349347,1.0
7509,0.020057103,1.0
79942,0.018095069,1.0
75138,0.011583315,1.0
82437,-0.038850833,-2.0
22836,-0.1646696,-11.0
21061,-0.057475198,-4.0
46487,0.01003215,1.0
72226,-0.48885682,-31.0
4432,0.008912401,1.0
92337,-0.1696654,-11.0
95794,-0.0459307,-3.0
34270,-0.034875996,-2.0
3743,-0.019460384,-1.0
29142,-0.17725459,-11.0
59827,-0.023724122,-2.0
66292,0.019310735,1.0
52431,0.18161924,12.0
98892,0.025226794,2.0
69551,0.11958765,8.0
96700,-0.09801972,-6.0
80881,-0.07629463,-5.0
47935,0.008727789,1.0
73249,-0.000598222,-0.0
4632,0.017893102,1.0
98975,0.010746071,1.0
35419,-0.039599482,-3.0
26666,0.031651042,2.0
26787,0.046206478,3.0
42301,0.306449,20.0
88479,-0.029073197,-2.0
52983,0.00024633785,0.0
16189,0.02224433,1.0
6564,-0.09645169,-6.0
67219,0.013714491,1.0
64846,-0.07384941,-5.0
39478,0.09756931,6.0
12370,0.27346784,18.0
73434,-0.027177123,-2.0
45933,-0.01121888,-1.0
74598,0.011092065,1.0
72818,0.00062801683,0.0
72119,0.0010632387,0.0
64249,0.0129548535,1.0
63407,0.17341034,11.0
62809,-0.050856072,-3.0
57592,-0.027191337,-2.0
56147,-0.06750799,-4.0
85864,-0.00957453,-1.0
2052,-0.023789586,-2.0
38963,0.0027820573,0.0
31137,0.0046845307,0.0
92738,-0.067295216,-4.0
49766,-0.20617065,-13.0
5418,-0.015787087,-1.0
10580,0.12883507,8.0
4833,0.02879345,2.0
97352,-0.035640944,-2.0
19275,-0.051856946,-3.0
95786,-0.016005008,-1.0
36912,0.08529714,5.0
33274,-0.050267108,-3.0
96858,-0.11048319,-7.0
80639,0.03334911,2.0
96216,0.049267262,3.0
6786,0.042969935,3.0
75298,0.10375219,7.0
63667,-0.21411107,-14.0
44025,-0.08524556,-5.0
22232,0.048780497,3.0
82292,0.02224383,1.0
2223,-0.13159147,-8.0
96808,0.062221557,4.0
71315,-0.011069468,-1.0
76651,-0.088179685,-6.0
64357,0.053554866,3.0
31038,-0.21674146,-14.0
31759,0.045708053,3.0
39641,-0.3096442,-20.0
89315,0.003691198,0.0
64068,0.14567225,9.0
44531,-0.08311435,-5.0
63607,-0.027302,-2.0
16804,-0.12798272,-8.0
30305,-0.026714185,-2.0
37063,-0.16067009,-10.0
82678,0.20189789,13.0
72092,-0.06155583,-4.0
36792,0.003899881,0.0
32895,-0.04524818,-3.0
84252,-0.01125529,-1.0
8943,-0.12343009,-8.0
55545,0.1224745,8.0
26771,0.015853066,1.0
71848,0.05193274,3.0
76933,-0.094877504,-6.0
1388,0.18424948,12.0
76235,-0.027055332,-2.0
92381,0.08602064,6.0
35453,-0.2557628,-16.0
30714,0.15638418,10.0
14096,-0.10634646,-7.0
39488,0.14971787,10.0
93913,0.009812503,1.0
59533,0.17458169,11.0
52442,0.074750744,5.0
28483,0.05741234,4.0
64660,0.29736707,19.0
64882,-0.08213131,-5.0
47158,0.10394067,7.0
35085,-0.037650123,-2.0
8491,0.014070993,1.0
80885,-0.2066803,-13.0
47107,-0.02928417,-2.0
15554,-0.08695374,-6.0
1511,0.029640421,2.0
71369,-0.028542392,-2.0
76192,-0.21491824,-14.0
21241,-0.029169941,-2.0
40125,-0.023409875,-1.0
30924,-0.03879803,-2.0
18623,0.19005494,12.0
27031,-0.015526572,-1.0
51939,0.030639157,2.0
84123,0.016437337,1.0
74464,-0.008284888,-1.0
43501,0.122767724,8.0
35241,-0.10853989,-7.0
70650,0.18670629,12.0
19801,0.17890385,11.0
54996,-0.1691944,-11.0
95151,0.15734728,10.0
82468,0.24303225,16.0
27518,-0.039280646,-3.0
60786,0.18357766,12.0
77732,0.21824074,14.0
82373,0.025627533,2.0
3716,0.062272884,4.0
95350,-0.031154245,-2.0
59388,-0.009759862,-1.0
39127,0.18768142,12.0
66479,0.003957144,0.0
45362,-0.003191783,-0.0
41822,-0.046405453,-3.0
87103,0.0584413,4.0
76797,-0.14135869,-9.0
68911,-0.14346386,-9.0
81610,0.18791893,12.0
92415,-0.17844366,-11.0
75102,0.12432735,8.0
63458,0.110871255,7.0
45986,0.0022141703,0.0
75365,-0.062313765,-4.0
61596,-0.0066647967,-0.0
72692,-0.14212474,-9.0
77597,-0.107503295,-7.0
96595,0.16838701,11.0
12148,0.33172625,21.0
70349,-0.026268259,-2.0
59355,-0.18870321,-12.0
1183,-0.0900019,-6.0
39102,0.057753876,4.0
71147,0.03207066,2.0
52082,0.03294693,2.0
88503,0.19985366,13.0
96223,0.096395716,6.0
62303,0.06411051,4.0
89703,-0.09374802,-6.0
6558,0.094554774,6.0
38402,0.2324288,15.0
91543,-0.054422002,-3.0
59658,-0.07586161,-5.0
19124,0.17246746,11.0
69715,0.06984755,4.0
12368,-0.0068758107,-0.0
51244,-0.04890478,-3.0
24198,-0.090106145,-6.0
95489,-0.0857604,-5.0
59440,0.06608521,4.0
60156,0.0069689574,0.0
14853,0.12855913,8.0
9317,-0.0017645161,-0.0
19311,-0.0066457894,-0.0
12266,-0.15425482,-10.0
19911,0.064696595,4.0
24656,-0.17175102,-11.0
11578,0.039310306,3.0
93948,-0.05798668,-4.0
26928,-0.011138788,-1.0
35823,0.019383531,1.0
36246,0.057403214,4.0
69527,-0.09746371,-6.0
89508,-0.20691366,-13.0
11639,-0.13591462,-9.0
29134,-0.026330322,-2.0
85565,0.06024195,4.0
23094,-0.08311455,-5.0
80464,0.0059633306,0.0
56779,-0.07249325,-5.0
39863,-0.2156815,-14.0
52991,-0.021895675,-1.0
64926,-0.03433735,-2.0
19044,0.060214143,4.0
76133,0.034337237,2.0
81806,-0.032573167,-2.0
37949,0.0025959928,0.0
45032,-0.1911008,-12.0
73197,-0.019683167,-1.0
9847,0.16218306,10.0
82694,0.09077925,6.0
8738,-0.011850615,-1.0
80597,0.050922167,3.0
7700,-0.017099105,-1.0
35776,-0.20783786,-13.0
59135,0.0679327,4.0
1467,-0.18123777,-12.0
8147,0.03874697,2.0
73498,0.00015835678,0.0
37124,-0.14714111,-9.0
74778,0.2393783,15.0
27669,-0.0735494,-5.0
57755,-0.22214858,-14.0
90849,-0.046314772,-3.0
76617,0.09691058,6.0
3588,0.07845048,5.0
28592,0.058810093,4.0
93296,-0.032937933,-2.0
11227,0.026606036,2.0
69063,0.21395935,14.0
91822,-0.042763893,-3.0
97652,0.02478655,2.0
16827,-0.026891347,-2.0
91573,-0.1684754,-11.0
41924,-0.007190393,-0.0
70132,0.074403055,5.0
5791,0.0010150251,0.0
78148,0.018308032,1.0
62711,0.09719734,6.0
8261,0.082999505,5.0
26976,-0.0016052761,-0.0
72882,0.035667207,2.0
20917,-0.21600446,-14.0
41140,-0.049313936,-3.0
49093,-0.13494863,-9.0
88380,0.028215747,2.0
69253,0.08485955,5.0
11130,0.12594482,8.0
79104,-0.25207445,-16.0
45858,0.108596876,7.0
88508,0.0043747043,0.0
23256,-0.05207855,-3.0
31169,-0.033240624,-2.0
84203,-0.032017298,-2.0
6505,0.08147744,5.0
35361,0.0122937085,1.0
65851,-0.0045524286,-0.0
58389,0.06832094,4.0
46500,-0.017514871,-1.0
41819,0.047876827,3.0
18157,-0.32420117,-21.0
79600,-0.12438653,-8.0
88015,0.07392691,5.0
92658,0.18689436,12.0
646,-0.023705658,-2.0
28795,0.06527686,4.0
14898,-0.010673766,-1.0
19284,-0.12674172,-8.0
42017,0.15878363,10.0
51819,0.037059117,2.0
94083,-0.014726844,-1.0
58135,-0.10844604,-7.0
34113,-0.046425384,-3.0
64578,0.19717416,13.0
29930,0.03162479,2.0
2229,0.057265956,4.0
48153,-0.1218355,-8.0
81055,0.017065847,1.0
38982,-0.05234045,-3.0
66052,0.023414882,1.0
16362,-0.103148475,-7.0
38506,0.08544963,5.0
78181,0.06454303,4.0
2959,-0.034791656,-2.0
37793,-0.042420708,-3.0
73952,-0.019657021,-1.0
74915,0.14060192,9.0
72758,0.017944673,1.0
29110,-0.1339863,-9.0
71438,-0.25198945,-16.0
80601,-0.16202235,-10.0
88328,0.07967978,5.0
28505,0.004653085,0.0
87684,-0.12858307,-8.0
25766,-0.22901885,-15.0
18035,-0.0046391063,-0.0
29759,0.0788712,5.0
39515,0.03845945,2.0
3970,0.016462428,1.0
53937,0.024779351,2.0
71091,0.07186079,5.0
4130,-0.04345704,-3.0
36114,0.03345409,2.0
74205,-0.031389862,-2.0
55233,-0.021014636,-1.0
94635,0.11515234,7.0
93239,0.011931841,1.0
75697,0.10840362,7.0
26102,-0.3231997,-21.0
70113,0.049939983,3.0
48156,-0.1886671,-12.0
23751,-0.27094886,-17.0
49387,0.10996511,7.0
91730,0.018532643,1.0
39098,0.10641382,7.0
9737,-0.6144436,-39.0
19376,0.02716656,2.0
19097,0.059233382,4.0
1856,0.28895238,18.0
50418,-0.16417085,-11.0
30048,-0.01581072,-1.0
27568,0.06657189,4.0
73810,-0.030882033,-2.0
31693,-0.04615016,-3.0
58623,-0.026255054,-2.0
85980,-0.17987248,-12.0
83787,0.025446689,2.0
53356,-0.2605348,-17.0
21590,0.14704561,9.0
73879,-0.007851852,-1.0
53816,-0.030322183,-2.0
39878,-0.017080504,-1.0
40805,0.16502221,11.0
8340,-0.2599358,-17.0
25404,0.00012931286,0.0
49899,0.116155766,7.0
81389,0.07634253,5.0
21582,-0.167994,-11.0
48660,-0.020497927,-1.0
87043,-0.019390069,-1.0
73154,-0.0468788,-3.0
34133,0.017306192,1.0
52274,0.20634738,13.0
53671,0.0861797,6.0
96363,-0.20953386,-13.0
40953,0.1900774,12.0
36428,0.105112664,7.0
36020,0.0049118698,0.0
12470,-0.072048455,-5.0
21133,-0.033480532,-2.0
89801,-0.22176862,-14.0
607,0.0012630711,0.0
80137,-0.0046064323,-0.0
69974,0.12867247,8.0
2809,-0.007569725,-0.0
36407,0.11917146,8.0
34240,0.02289896,1.0
69932,-0.26935714,-17.0
82949,-0.04147127,-3.0
87826,0.0051826537,0.0
57090,-0.018861745,-1.0
84112,0.0050718444,0.0
11951,0.10999199,7.0
88740,6.262386e-05,0.0
8852,0.09433872,6.0
5259,0.009389716,1.0
39033,0.0077828937,0.0
62373,0.087914966,6.0
54605,0.11073335,7.0
20209,0.06710835,4.0
34313,-0.048674773,-3.0
79873,0.060427032,4.0
4186,0.006880688,0.0
5996,-0.09619934,-6.0
83189,0.017481161,1.0
91068,-0.07924973,-5.0
23103,0.1599094,10.0
1769,0.017267525,1.0
51821,0.048376996,3.0
96207,-0.05300033,-3.0
99336,0.0018461215,0.0
36366,0.082330555,5.0
19576,0.07810404,5.0
59271,-0.09575807,-6.0
6785,-0.09260746,-6.0
50004,-0.005678675,-0.0
67511,0.10832125,7.0
81626,-0.013953453,-1.0
26620,0.123682305,8.0
2798,-0.010842533,-1.0
97962,-0.018145723,-1.0
85927,0.2154595,14.0
70584,0.00199286,0.0
47155,0.14737573,9.0
41185,0.042655952,3.0
406,0.032409903,2.0
95495,-0.084312044,-5.0
72361,0.15393806,10.0
21154,0.059808142,4.0
41385,-0.014093836,-1.0
37991,-0.1372663,-9.0
18835,0.010700793,1.0
83210,0.029220087,2.0
89078,-0.09097966,-6.0
10251,0.00014197316,0.0
98680,0.041089766,3.0
58041,-0.01400031,-1.0
62905,0.2501836,16.0
49762,0.078508765,5.0
90392,0.2595924,17.0
6393,-0.23961288,-15.0
1345,-0.02256975,-1.0
60796,0.15773788,10.0
91219,-0.030035928,-2.0
91754,-0.019586198,-1.0
73771,-0.03264199,-2.0
91333,-0.042804074,-3.0
21030,0.050729714,3.0
30554,-0.021808358,-1.0
53883,-0.036171794,-2.0
70834,0.066958345,4.0
87049,0.025606982,2.0
65287,0.051502008,3.0
80449,0.030365825,2.0
33264,-0.024217954,-2.0
40681,-0.011705961,-1.0
84735,-0.10205996,-7.0
71923,-0.23831932,-15.0
67799,-0.089290805,-6.0
43658,0.066662304,4.0
21246,-0.026506836,-2.0
51938,0.012028995,1.0
17271,0.0024193227,0.0
52106,-0.0663682,-4.0
40655,0.011114079,1.0
76567,-0.2671908,-17.0
75784,0.110789195,7.0
46745,0.0050369957,0.0
24063,0.15255362,10.0
97859,-0.028016381,-2.0
70706,0.25534227,16.0
17866,-0.008583937,-1.0
5786,0.03347895,2.0
42965,0.030937944,2.0
78298,0.09914126,6.0
68125,-0.022201505,-1.0
63278,0.08435283,5.0
25987,0.059349526,4.0
14481,0.061283253,4.0
68053,-0.035216365,-2.0
71399,-0.022070507,-1.0
63661,0.120372415,8.0
71912,-0.13234958,-8.0
18587,-0.23585826,-15.0
12821,0.056253627,4.0
5685,0.006365396,0.0
18233,-0.20168707,-13.0
47405,0.0155549,1.0
94406,-0.03669478,-2.0
97746,-0.023088329,-1.0
40918,0.011952762,1.0
61827,0.16002285,10.0
62788,0.11793016,8.0
13893,-0.029246626,-2.0
8656,-0.012011743,-1.0
93617,-0.21324699,-14.0
58768,-0.078830995,-5.0
21755,0.02869725,2.0
87416,-0.07749957,-5.0
22619,-0.16948318,-11.0
1848,0.0315371,2.0
75872,-0.07731469,-5.0
88439,-0.033807427,-2.0
99292,-0.0065847808,-0.0
70947,-0.2678829,-17.0
22054,0.19717564,13.0
75976,0.22492976,14.0
10697,0.0735056,5.0
19633,0.076579854,5.0
86145,0.0001831416,0.0
17508,-0.06854839,-4.0
42325,0.17007627,11.0
97024,-0.0019442895,-0.0
21651,-0.47224137,-30.0
63471,0.0580289,4.0
56571,0.11821128,8.0
43910,-0.024594279,-2.0
81873,0.13324928,9.0
97818,0.016494755,1.0
47159,-0.031870212,-2.0
90657,-0.11793981,-8.0
1304,-0.076404855,-5.0
90330,-0.07230786,-5.0
46388,-0.05983437,-4.0
1957,-0.24444363,-16.0
47111,-0.26593554,-17.0
36743,-0.060480043,-4.0
90636,-0.03456859,-2.0
7532,0.0035125571,0.0
53790,0.17932665,11.0
6023,0.00038767664,0.0
92812,-0.008859626,-1.0
94437,0.002089861,0.0
13845,-0.27556223,-18.0
72543,-0.027889695,-2.0
452,0.0026724243,0.0
24838,0.06732777,4.0
96034,0.074015245,5.0
93911,-0.013622431,-1.0
70633,-0.07193201,-5.0
55260,-0.12959775,-8.0
30650,0.111631595,7.0
24984,-0.075274676,-5.0
18282,-0.07315657,-5.0
42850,-0.003691244,-0.0
17580,-0.1330398,-9.0
54274,0.10012619,6.0
94890,0.009575814,1.0
47139,0.10181877,7.0
28931,-0.053641334,-3.0
91433,-0.14907548,-10.0
68811,0.036902763,2.0
25271,-0.14535937,-9.0
28923,-0.031227896,-2.0
78651,0.05826968,4.0
26738,0.021220114,1.0
74161,0.0112697,1.0
95064,-0.22016004,-14.0
24156,-0.2127516,-14.0
97127,0.048282273,3.0
76579,0.16194114,10.0
5829,-0.081608266,-5.0
7718,0.028508255,2.0
46174,0.0074753473,0.0
3505,-0.03367785,-2.0
5475,-0.13344695,-9.0
10100,-0.05260301,-3.0
19684,0.029733961,2.0
62610,0.1716523,11.0
17344,-0.21704145,-14.0
12866,-0.051516667,-3.0
60133,-0.12978706,-8.0
33808,-0.034427598,-2.0
46037,-0.1730013,-11.0
4478,0.019525802,1.0
31318,0.16391477,10.0
74297,0.010739986,1.0
86916,0.039423138,3.0
35153,-0.1043225,-7.0
9960,0.09278806,6.0
71696,0.1431462,9.0
7806,0.05210529,3.0
61285,0.011351704,1.0
46234,-0.18946709,-12.0
40051,0.08624518,6.0
5002,0.008118816,1.0
9407,0.020845968,1.0
33775,0.011686845,1.0
96806,0.16269587,10.0
24220,0.019368624,1.0
84646,0.034401756,2.0
82681,0.130419,8.0
51257,-0.030236736,-2.0
40101,0.15103583,10.0
73509,-0.027779188,-2.0
49693,-0.04485485,-3.0
17819,-0.17383304,-11.0
84014,-0.019941505,-1.0
63277,-0.04412772,-3.0
2164,-0.17826638,-11.0
11283,-0.13581592,-9.0
75379,0.10786427,7.0
19488,-0.032186046,-2.0
10372,-0.009138708,-1.0
29156,-0.11805656,-8.0
85260,-0.024255557,-2.0
73804,-0.035012294,-2.0
88634,-0.10085426,-6.0
30697,0.0349392,2.0
53087,0.019956684,1.0
100295,0.011688186,1.0
26746,-0.013500968,-1.0
2395,-0.024673812,-2.0
30947,0.30371076,19.0
33714,-0.0023483082,-0.0
40421,-0.12019025,-8.0
4611,0.0024004495,0.0
68513,-0.28978923,-19.0
68473,0.12912124,8.0
50807,0.12841108,8.0
26601,-0.034038022,-2.0
54741,-0.03320783,-2.0
29806,-0.020664979,-1.0
43098,-0.02613027,-2.0
73473,0.01662282,1.0
7630,-0.020608118,-1.0
50517,-0.19698492,-13.0
79244,0.09175671,6.0
5761,0.19702433,13.0
52040,0.06036978,4.0
19230,-0.08411218,-5.0
92982,-0.050660238,-3.0
94159,-0.09489664,-6.0
2913,-0.009504242,-1.0
25259,-0.11623202,-7.0
43692,-0.33289027,-21.0
67712,0.069242485,4.0
42433,0.3652491,23.0
95626,-0.0403166,-3.0
3770,-0.06551405,-4.0
6766,0.13386905,9.0
9940,-0.024376892,-2.0
10785,-0.10481362,-7.0
71289,0.02647424,2.0
14921,0.01617935,1.0
8752,0.043663003,3.0
15845,0.19482496,12.0
77474,-0.1132105,-7.0
58681,-0.02599213,-2.0
53158,-0.052546483,-3.0
80133,-0.02858264,-2.0
9630,-0.130526,-8.0
19367,0.09694317,6.0
92676,-0.015001591,-1.0
42123,0.04580192,3.0
18602,-0.061107397,-4.0
77983,0.14642051,9.0
75196,-0.22980884,-15.0
77080,-0.0932713,-6.0
40454,0.016910158,1.0
59788,0.042010225,3.0
27536,-0.025121538,-2.0
1147,-0.024914073,-2.0
68562,-0.18761265,-12.0
32369,-0.21271993,-14.0
77850,-0.10991926,-7.0
55516,0.02809711,2.0
81391,-0.0766533,-5.0
100068,-0.06266733,-4.0
93936,0.15565014,10.0
56598,0.06383319,4.0
18773,0.08510504,5.0
45335,-0.11473622,-7.0
84099,-0.01743769,-1.0
50744,0.06571522,4.0
15177,0.08797439,6.0
16979,-0.21074256,-13.0
18526,-0.17283121,-11.0
80017,0.10349907,7.0
95714,-0.0578472,-4.0
5428,0.05373637,3.0
12862,-0.1870276,-12.0
41647,-0.07244544,-5.0
81387,-0.05779129,-4.0
89199,-0.02286985,-1.0
40676,-0.029654613,-2.0
8332,0.20115122,13.0
42108,-0.04668244,-3.0
73342,-0.04791252,-3.0
96455,0.031607762,2.0
24898,0.089255996,6.0
54307,0.004911348,0.0
24849,0.12215525,8.0
97734,-0.04744254,-3.0
35615,0.052879903,3.0
89675,-0.07637336,-5.0
8545,0.27851668,18.0
78811,0.1933099,12.0
79993,-0.023122018,-1.0
84406,0.011298933,1.0
32129,0.021847777,1.0
32637,-0.1280962,-8.0
73220,0.0027625093,0.0
90247,0.0004902993,0.0
42839,0.018347561,1.0
42536,0.07855312,5.0
47588,0.079782784,5.0
25190,-0.0011137088,-0.0
89780,0.0960512,6.0
18917,0.08852138,6.0
99288,-0.006792784,-0.0
62613,-0.003750642,-0.0
27160,0.03359009,2.0
43563,0.03623309,2.0
14199,-0.16272692,-10.0
2162,-0.126175,-8.0
27825,-0.21589014,-14.0
51419,-0.008779775,-1.0
50747,0.04450302,3.0
39202,0.022213968,1.0
8430,-0.05638,-4.0
64187,-0.011542534,-1.0
15680,0.017256677,1.0
8602,-0.067830354,-4.0
80547,-0.18087374,-12.0
93094,-0.0017716737,-0.0
60241,-0.07135974,-5.0
67852,-0.11460499,-7.0
75941,0.019224163,1.0
34291,-0.012120427,-1.0
70395,-0.020895306,-1.0
95252,-0.15005317,-10.0
24569,0.14768659,9.0
41513,-0.0178262,-1.0
270,-0.017645208,-1.0
74670,-0.06512213,-4.0
97138,-0.20262386,-13.0
94614,-0.05428219,-3.0
12121,0.29517663,19.0
73760,-0.013028878,-1.0
5919,-0.08817872,-6.0
59983,0.13627209,9.0
22592,-0.11154526,-7.0
89393,0.01774753,1.0
35985,-0.16026673,-10.0
25510,-0.059132673,-4.0
99738,0.063160405,4.0
56858,-0.026299639,-2.0
99864,-0.074627355,-5.0
68843,-0.11940655,-8.0
17630,-0.006890548,-0.0
92572,-0.052338243,-3.0
63961,0.11510663,7.0
49851,0.20142236,13.0
5417,0.17510721,11.0
68541,-0.17853735,-11.0
93731,0.14100355,9.0
1122,-0.10005177,-6.0
75660,-0.24337476,-16.0
97409,0.0033481591,0.0
40956,0.09658634,6.0
11570,0.033957474,2.0
58026,-0.00670749,-0.0
15786,-0.031829275,-2.0
91323,0.067698725,4.0
40258,-0.022536032,-1.0
67397,-0.010853691,-1.0
68735,0.14001459,9.0
67721,-0.065226205,-4.0
77000,0.024451116,2.0
27525,0.017511576,1.0
57318,0.11524329,7.0
55151,-0.02991943,-2.0
57505,-0.039590456,-3.0
35242,-0.24294226,-16.0
54620,0.0066453894,0.0
82898,0.115892656,7.0
3698,-0.04459201,-3.0
4482,0.0016646513,0.0
60504,-0.06782882,-4.0
95057,0.13993616,9.0
81419,-0.035108414,-2.0
90857,0.093243346,6.0
89050,-0.06960095,-4.0
70591,0.023368066,1.0
1298,0.14191128,9.0
78871,0.048560493,3.0
48135,-0.20769139,-13.0
97512,0.013713925,1.0
86809,-0.036558602,-2.0
83987,-0.026814675,-2.0
47664,-0.021033643,-1.0
26035,-0.14897563,-10.0
62634,-0.0655402,-4.0
95059,-0.024095893,-2.0
9362,-0.07765318,-5.0
116,-0.026775131,-2.0
15614,0.16486052,11.0
97535,-0.016607074,-1.0
32513,0.11692055,7.0
83552,-0.010517565,-1.0
18843,-0.015352096,-1.0
79336,0.026876498,2.0
81121,-0.23348463,-15.0
84466,0.013008423,1.0
79924,-0.17913498,-11.0
19555,0.3090541,20.0
34663,-0.12641457,-8.0
91508,0.05186494,3.0
93789,0.08254172,5.0
69492,0.16022302,10.0
19628,-0.012761423,-1.0
38027,0.19694214,13.0
89467,0.111550376,7.0
66536,-0.0048376634,-0.0
63547,-0.02930198,-2.0
37788,0.052923437,3.0
38241,-0.12405733,-8.0
48012,-0.077156454,-5.0
12854,-0.079439834,-5.0
42448,0.02045365,1.0
18609,-0.4478888,-29.0
16572,0.023731615,2.0
9397,-0.2161454,-14.0
98285,-0.040466692,-3.0
42058,-0.11177609,-7.0
97069,0.011908999,1.0
7676,-0.057634335,-4.0
58153,0.080597684,5.0
7557,-0.0610125,-4.0
62088,-0.15161663,-10.0
95643,-0.0512387,-3.0
97707,-0.00088420126,-0.0
49933,0.19253008,12.0
77999,-0.14027545,-9.0
8564,-0.049852945,-3.0
70631,0.038120788,2.0
70358,-0.0049287854,-0.0
80784,0.008863117,1.0
54102,-0.022765685,-1.0
73050,0.0070532225,0.0
96666,-0.0046026483,-0.0
16885,0.15470849,10.0
12063,0.25753018,16.0
54664,0.1452788,9.0
39846,-0.03549272,-2.0
5757,0.032176916,2.0
92639,0.14612788,9.0
90282,-0.13962656,-9.0
54336,-0.013752165,-1.0
29985,-0.032428335,-2.0
4159,-0.013939794,-1.0
9130,0.114659294,7.0
46237,0.079839736,5.0
84733,0.036480956,2.0
61086,-0.17125489,-11.0
36275,0.028408233,2.0
97719,0.017320357,1.0
97692,0.018646382,1.0
22552,0.21118827,14.0
23471,0.08948555,6.0
32660,-0.042707495,-3.0
81463,-0.3497384,-22.0
19449,0.044691734,3.0
13157,-0.13458474,-9.0
57311,0.07296322,5.0
14633,0.014555944,1.0
96733,-0.11154522,-7.0
13717,-0.11111802,-7.0
26925,-0.038613036,-2.0
25679,0.011690011,1.0
37142,0.3013184,19.0
63516,0.03402799,2.0
19877,0.07782115,5.0
99511,0.027118225,2.0
31465,-0.087237895,-6.0
12382,0.09422739,6.0
70586,-0.011447575,-1.0
89000,-0.08363379,-5.0
35465,-0.016874108,-1.0
10503,-0.03990263,-3.0
46404,-0.09951302,-6.0
61974,-0.06476388,-4.0
86570,-0.103513554,-7.0
91400,-0.15017986,-10.0
67773,-0.014993964,-1.0
78331,-0.15722151,-10.0
34698,0.12066114,8.0
7073,0.028864637,2.0
88516,0.069111295,4.0
46654,0.14124988,9.0
2530,-0.02055835,-1.0
35151,0.16973506,11.0
52674,-0.027863624,-2.0
25478,-0.208227,-13.0
39014,0.014718633,1.0
65167,-0.29824772,-19.0
46291,-0.0766254,-5.0
22889,-0.17460695,-11.0
60410,0.101199746,6.0
40496,-0.06769825,-4.0
58850,-0.015377114,-1.0
80685,-0.10878662,-7.0
59552,0.055188026,4.0
29158,-0.03524934,-2.0
13364,0.0069216266,0.0
76425,0.061036028,4.0
67884,0.019913556,1.0
96137,-0.14069663,-9.0
13104,-0.035625093,-2.0
63633,0.09193766,6.0
51169,-0.111792035,-7.0
28398,0.20692037,13.0
35427,0.04459772,3.0
72148,0.029448753,2.0
97411,-0.032829624,-2.0
33300,0.0076337634,0.0
26129,-0.30071777,-19.0
375,0.013822039,1.0
49041,-0.12801719,-8.0
62323,-0.2728123,-17.0
89434,0.02420674,2.0
51243,-0.10043723,-6.0
28800,-0.048637606,-3.0
66186,-0.02667787,-2.0
62984,-0.082798734,-5.0
73233,0.0071280967,0.0
45208,-0.21564129,-14.0
10407,0.074529156,5.0
97401,0.020393815,1.0
52124,0.049377058,3.0
80713,-0.0064962804,-0.0
92004,-0.11919643,-8.0
92189,0.03694073,2.0
18229,-0.031828124,-2.0
39731,-0.017513659,-1.0
41988,0.23659138,15.0
77711,0.08637871,6.0
43755,0.26457953,17.0
15864,0.060082853,4.0
18383,0.35828483,23.0
65449,0.069924906,4.0
18838,-0.009318654,-1.0
34252,0.0005984945,0.0
20301,-0.011484585,-1.0
72064,0.0017847607,0.0
94570,-0.08453194,-5.0
7536,-0.017873425,-1.0
56615,-0.09133118,-6.0
85336,-0.041936543,-3.0
48901,-0.07248576,-5.0
99446,0.032219514,2.0
89829,-0.14470829,-9.0
6207,-0.12004847,-8.0
55433,0.11731417,8.0
84265,-0.02704088,-2.0
49595,0.036425628,2.0
12097,-0.03378689,-2.0
53578,-0.27812174,-18.0
90230,0.017717827,1.0
45465,-0.029947154,-2.0
1693,0.15070567,10.0
8112,-0.06632811,-4.0
69902,0.0040356806,0.0
92235,-0.083061896,-5.0
773,0.002594569,0.0
39789,-0.031232527,-2.0
12920,0.06165355,4.0
15378,-0.1362304,-9.0
60995,0.023313096,1.0
39452,-0.08450537,-5.0
49773,-0.07085848,-5.0
63199,-0.0618782,-4.0
75087,0.088051446,6.0
4912,0.028191177,2.0
45439,-0.007997639,-1.0
1853,0.059661523,4.0
20299,0.018631935,1.0
20834,0.06566189,4.0
31792,0.02703409,2.0
84641,0.019738786,1.0
40920,-0.012493559,-1.0
64394,0.14875677,10.0
93292,0.018879946,1.0
92551,-0.024586346,-2.0
89622,0.0039609578,0.0
91479,0.0719942,5.0
23106,0.117437564,8.0
89069,0.24437928,16.0
57773,-0.0051552104,-0.0
66672,-0.001568194,-0.0
52254,0.023480363,2.0
46379,0.03898983,2.0
96587,0.079172336,5.0
47791,-0.0026600924,-0.0
20339,-0.10597127,-7.0
80802,0.088898405,6.0
4411,-0.0060972148,-0.0
72654,-0.22547337,-14.0
26087,-0.0940803,-6.0
6539,-0.065325394,-4.0
22691,-0.045425028,-3.0
30475,-0.0071656452,-0.0
36057,-0.22241224,-14.0
1200,-0.2845554,-18.0
24828,-0.056305967,-4.0
35764,0.0027903903,0.0
38118,-0.17650253,-11.0
83354,0.16109954,10.0
31272,-0.06521047,-4.0
41517,-0.016439028,-1.0
51310,-0.23145454,-15.0
10312,0.036580775,2.0
57776,0.0038738004,0.0
44188,-0.2085329,-13.0
18942,0.052330222,3.0
41649,0.0715156,5.0
42550,0.3020621,19.0
96815,-0.0030351968,-0.0
73929,0.0015177302,0.0
88823,0.080954805,5.0
99617,-0.02449507,-2.0
38749,-0.12892261,-8.0
28056,0.07413864,5.0
16236,-0.007856972,-1.0
34969,0.025679134,2.0
11422,-0.10023141,-6.0
54084,-0.1473944,-9.0
74292,0.027103417,2.0
12342,0.28525558,18.0
20139,0.034183383,2.0
33242,0.16981132,11.0
1495,0.019627903,1.0
19223,0.16531812,11.0
16203,-0.111075535,-7.0
7547,-0.04518825,-3.0
89779,-0.029214274,-2.0
27917,-0.20329969,-13.0
63784,0.050192185,3.0
24349,0.19343032,12.0
97046,0.11610423,7.0
34459,-0.0040818113,-0.0
7350,-0.009588285,-1.0
56609,-0.23019816,-15.0
8515,-0.047864635,-3.0
20728,-0.12193807,-8.0
61198,-0.032922745,-2.0
74137,-0.008651564,-1.0
82410,0.22598378,14.0
5442,-0.08740344,-6.0
20723,0.0002478413,0.0
94220,-0.028024266,-2.0
8223,0.15482824,10.0
84884,-0.16658384,-11.0
48139,-0.17289944,-11.0
28132,-0.015986133,-1.0
99957,-0.030275445,-2.0
4813,-0.023723766,-2.0
10704,0.08151184,5.0
90478,0.015998403,1.0
6576,0.09443145,6.0
46048,-0.09047647,-6.0
46685,-0.04189461,-3.0
56349,0.0937918,6.0
66645,0.0004570825,0.0
21491,-0.014029365,-1.0
29089,0.02941956,2.0
4527,0.019714506,1.0
25340,-0.027620884,-2.0
65434,0.013981848,1.0
5846,-0.0019711743,-0.0
5516,-0.0008145912,-0.0
94234,0.030745339,2.0
88100,-0.21498382,-14.0
35982,-0.033392455,-2.0
52966,0.016813027,1.0
57369,-0.028653702,-2.0
10262,-0.2643918,-17.0
31289,0.048514336,3.0
75663,-0.21706821,-14.0
56695,-0.20331128,-13.0
58517,-0.3178526,-20.0
84497,0.03464965,2.0
57449,0.082996875,5.0
89790,-0.22988541,-15.0
48722,-0.032103784,-2.0
17462,0.045555472,3.0
36583,0.3430632,22.0
20081,0.005510578,0.0
31785,0.093588546,6.0
68550,0.10851502,7.0
89198,-0.012636365,-1.0
94001,0.0034012664,0.0
127,-0.038330194,-2.0
46184,0.09008211,6.0
81706,0.13885252,9.0
91238,0.1706474,11.0
11434,0.073136546,5.0
32270,0.06752716,4.0
34629,-0.06871562,-4.0
78593,0.14452532,9.0
80157,-0.030127507,-2.0
60030,-0.017237494,-1.0
44873,0.08553626,5.0
35942,0.0778172,5.0
12502,-0.19409764,-12.0
40962,0.19525017,12.0
45222,-0.06853181,-4.0
70830,-0.1317926,-8.0
46948,0.36748543,24.0
73954,-0.00056007935,-0.0
91415,-0.11769501,-8.0
47741,0.0014495467,0.0
77625,0.0039765625,0.0
89361,-0.0074230456,-0.0
77184,-0.036313098,-2.0
38261,-0.06924028,-4.0
80054,0.0036644824,0.0
72891,0.036348674,2.0
19036,0.15477625,10.0
1294,0.029135587,2.0
79654,0.25321698,16.0
88237,-0.020808402,-1.0
26716,-0.026078042,-2.0
89694,-0.074260525,-5.0
70160,-0.035767045,-2.0
737,-0.009445995,-1.0
89217,-0.0155765,-1.0
72122,0.09121101,6.0
78469,0.13672313,9.0
87921,-0.039074417,-3.0
56536,0.048719864,3.0
89541,0.13966918,9.0
98067,-0.20070477,-13.0
38512,0.08163685,5.0
11357,-0.10103323,-6.0
98215,0.17896982,11.0
30913,-0.064309604,-4.0
67247,0.036439665,2.0
34527,0.03294968,2.0
43227,0.10618779,7.0
96478,0.23201782,15.0
7576,-0.029617716,-2.0
89252,-0.09700788,-6.0
47384,-0.08876505,-6.0
91755,-0.031018186,-2.0
67428,-0.014207419,-1.0
26022,-0.18657714,-12.0
42383,-0.1272753,-8.0
100006,0.036351413,2.0
27668,-0.015103129,-1.0
54125,0.03273306,2.0
77025,0.08019716,5.0
81283,0.1217967,8.0
58089,-0.11878533,-8.0
88486,0.15940157,10.0
6443,-0.20966783,-13.0
40538,0.034207277,2.0
92735,-0.0024309498,-0.0
100321,0.026371542,2.0
54552,-0.36240512,-23.0
77704,0.10907443,7.0
42392,-0.008505698,-1.0
35782,0.060435724,4.0
49496,-0.22775102,-15.0
22159,-0.03218935,-2.0
42535,-0.04472613,-3.0
95261,0.265792,17.0
48468,0.024677929,2.0
78003,-0.2734424,-18.0
30644,0.046946995,3.0
33941,-0.0067841415,-0.0
47096,-0.002890289,-0.0
77220,0.016140334,1.0
35521,-0.09777662,-6.0
39148,-0.012476625,-1.0
18515,-0.33450204,-21.0
10517,-0.022411736,-1.0
79145,-0.31760862,-20.0
96629,-0.079446316,-5.0
54995,-0.100068375,-6.0
48118,-0.22781071,-15.0
82160,-0.041688655,-3.0
61935,-0.02250761,-1.0
20951,-0.028642664,-2.0
77349,0.16558284,11.0
21902,0.10655174,7.0
63995,-0.05560791,-4.0
31853,0.15169753,10.0
18811,0.025057467,2.0
35708,-0.08063006,-5.0
93378,0.018574303,1.0
57462,-0.1408903,-9.0
83671,0.084908605,5.0
85606,-0.019807385,-1.0
86939,0.02951623,2.0
30934,0.15828088,10.0
97720,-0.028427994,-2.0
56457,0.012052448,1.0
18796,0.008104716,1.0
93535,-0.13823783,-9.0
20821,0.19441567,12.0
86010,0.0750832,5.0
45558,-0.064450696,-4.0
44849,0.05202714,3.0
46013,-0.14934617,-10.0
51524,-0.04733673,-3.0
35762,0.009030999,1.0
45360,-0.020090258,-1.0
73737,0.01224202,1.0
67674,0.031683173,2.0
99811,0.03390057,2.0
64635,-0.066016,-4.0
30503,-0.012924395,-1.0
100343,0.08391994,5.0
77996,-0.017784063,-1.0
61722,0.00392796,0.0
38113,-0.036286503,-2.0
64450,-0.06841261,-4.0
86756,0.035571963,2.0
25289,-0.22698458,-15.0
85865,-0.084122695,-5.0
61174,-0.01644361,-1.0
14457,0.23694427,15.0
70237,-0.22251253,-14.0
8270,0.06296196,4.0
82221,0.05323734,3.0
32780,0.18129668,12.0
85469,-0.054848175,-4.0
39155,-0.07763888,-5.0
43114,0.04600728,3.0
25638,0.0658295,4.0
9454,-0.17850183,-11.0
87562,-0.083937995,-5.0
28272,0.18969986,12.0
581,-0.040624935,-3.0
61449,-0.028506171,-2.0
52807,-0.0005620761,-0.0
70126,-0.072488405,-5.0
96550,-0.14386566,-9.0
85478,-0.024729671,-2.0
74506,0.0026890638,0.0
30629,0.020298358,1.0
63504,0.00080605067,0.0
85585,-0.07939508,-5.0
419,-0.03044878,-2.0
40919,0.024437118,2.0
87824,-0.030329412,-2.0
5459,-0.015639454,-1.0
18943,0.15228833,10.0
69329,-0.13878994,-9.0
5563,-0.09464189,-6.0
25855,0.010680305,1.0
56647,-0.10164956,-7.0
96456,0.0059311693,0.0
70483,0.09792738,6.0
29636,0.015794065,1.0
66732,0.111735344,7.0
89081,-0.044278543,-3.0
93545,0.0017685916,0.0
8704,0.0012307756,0.0
17621,-0.062097963,-4.0
1148,0.025641214,2.0
41947,0.15905553,10.0
26896,-0.01839269,-1.0
7751,0.07393458,5.0
90751,-0.18882297,-12.0
10465,0.096832365,6.0
74985,0.055712618,4.0
16208,0.03041237,2.0
40823,-0.026421424,-2.0
71482,-0.15786578,-10.0
52975,-0.023484703,-2.0
49262,0.04319439,3.0
47800,-0.014175739,-1.0
92391,-0.2148517,-14.0
3656,0.009762639,1.0
64406,-0.044877704,-3.0
85622,-0.038306963,-2.0
14307,0.37402916,24.0
67861,-0.0005355449,-0.0
87797,0.16820213,11.0
26825,0.0041452097,0.0
3086,0.01836928,1.0
74742,-0.055768367,-4.0
67495,0.13348494,9.0
31829,0.027330805,2.0
34104,0.0065476005,0.0
30683,0.37382612,24.0
68015,0.05723042,4.0
80079,-0.024344305,-2.0
1634,0.11881949,8.0
20772,0.27254024,17.0
11903,-0.1425968,-9.0
79165,-0.17707717,-11.0
81367,-0.013446437,-1.0
68512,0.011529601,1.0
99015,0.010661456,1.0
89905,0.12119601,8.0
13804,-0.002655038,-0.0
44906,0.20908189,13.0
87339,-0.024220787,-2.0
23444,-0.35589534,-23.0
29525,-0.12998657,-8.0
39626,-0.26712433,-17.0
69793,-0.0070128655,-0.0
80493,-0.20767517,-13.0
15419,-0.20814897,-13.0
15155,0.051145907,3.0
83147,0.079032086,5.0
6511,0.052824214,3.0
26964,0.008305695,1.0
27011,0.00803459,1.0
20432,0.17510344,11.0
43596,-0.00319079,-0.0
58055,-0.04885628,-3.0
20058,-0.016671078,-1.0
5812,0.0744755,5.0
46950,0.15836447,10.0
66094,-0.0440485,-3.0
56535,0.039814506,3.0
11318,-0.028495112,-2.0
89283,-0.16251862,-10.0
51115,-0.013464034,-1.0
65438,-0.10167003,-7.0
87213,-0.16334549,-10.0
30043,-0.014351003,-1.0
98494,-0.102757625,-7.0
74541,0.018112015,1.0
91253,-0.04041246,-3.0
34276,0.01642139,1.0
76609,-0.040077124,-3.0
9327,-0.107177444,-7.0
90723,-0.022514425,-1.0
45263,-0.07957833,-5.0
62307,-0.03439145,-2.0
49751,-0.13400185,-9.0
47424,-0.079045564,-5.0
3660,0.061659925,4.0
73258,-0.0040917196,-0.0
40506,0.040624604,3.0
89594,0.08296249,5.0
76598,-0.094895944,-6.0
79025,-0.008120213,-1.0
98420,-0.0100876605,-1.0
89726,0.07393746,5.0
40579,0.27496752,18.0
45838,-0.11091178,-7.0
41869,0.09891697,6.0
42969,-0.03866658,-2.0
40320,-0.027070073,-2.0
61511,0.1017247,7.0
31429,-0.25456056,-16.0
49009,0.010373955,1.0
15142,0.029000355,2.0
17438,-0.14324795,-9.0
47724,0.012912381,1.0
38145,-0.027753152,-2.0
34571,-0.0058118724,-0.0
41283,-0.07098635,-5.0
12956,-0.105733484,-7.0
4391,0.016875723,1.0
63566,-0.12525684,-8.0
23151,-0.10004842,-6.0
10826,-0.06500691,-4.0
89984,-0.010764459,-1.0
9078,-0.028456636,-2.0
31720,0.05104084,3.0
45878,-0.066517755,-4.0
47325,-0.09119757,-6.0
34061,0.0027375445,0.0
63772,0.22751842,15.0
63293,0.0087698065,1.0
60607,-0.04757667,-3.0
82677,0.21254869,14.0
41325,0.18113254,12.0
39301,0.0015642626,0.0
67483,0.13381144,9.0
47807,0.1300046,8.0
83453,-0.08580518,-5.0
15895,0.030638056,2.0
10534,0.004260755,0.0
34098,0.006432535,0.0
74129,-0.013490315,-1.0
40249,-0.020932537,-1.0
77219,0.009747516,1.0
51736,-0.066439524,-4.0
58040,0.007350024,0.0
55914,0.10766377,7.0
88081,-0.330145,-21.0
12401,-0.01827723,-1.0
60331,-0.12700228,-8.0
76406,-0.0223198,-1.0
57416,0.16908373,11.0
54559,-0.11808439,-8.0
50364,0.003060617,0.0
70538,0.03253811,2.0
48173,-0.21871482,-14.0
42063,-0.28571647,-18.0
42732,0.1270992,8.0
88630,-0.051293727,-3.0
83031,-0.21047607,-13.0
22374,-0.006641551,-0.0
20885,0.12518328,8.0
10788,0.081618756,5.0
44092,0.11473542,7.0
63030,-0.13104254,-8.0
52788,0.0012085433,0.0
61941,0.012127374,1.0
10868,0.06545742,4.0
10035,-0.050421983,-3.0
34457,-0.023386428,-1.0
79207,-0.011218046,-1.0
42951,0.003405628,0.0
57531,0.0155990515,1.0
2088,-0.19216056,-12.0
22244,0.0067376806,0.0
15694,0.062012177,4.0
42085,0.03837984,2.0
45019,-0.25102288,-16.0
37761,0.0007378554,0.0
23804,-0.04755454,-3.0
46258,-0.0007651023,-0.0
48967,-0.045955524,-3.0
7036,-0.14396264,-9.0
70167,0.047488615,3.0
78520,0.09512641,6.0
13923,0.15692465,10.0
35984,-0.1980379,-13.0
37435,-0.03429481,-2.0
33272,0.09524761,6.0
49251,-0.0047317524,-0.0
65535,0.023825372,2.0
47909,0.025303373,2.0
77573,-0.04889843,-3.0
42367,-0.033774238,-2.0
71449,-0.20970729,-13.0
5017,-0.11012519,-7.0
73882,-0.0038340278,-0.0
39582,-0.053103425,-3.0
59386,0.012563954,1.0
15478,-0.17597985,-11.0
94202,0.022720201,1.0
87045,-0.013800068,-1.0
46690,-0.048805382,-3.0
75969,0.047187034,3.0
47870,-0.10900795,-7.0
6119,0.031248944,2.0
30337,-0.013711824,-1.0
77771,0.04316447,3.0
47006,-0.023299789,-1.0
81651,0.07025385,4.0
99359,-0.04433844,-3.0
78285,-0.1023986,-7.0
65731,0.04870515,3.0
30891,0.1962218,13.0
91208,0.028141866,2.0
40648,0.23399875,15.0
85029,0.18247464,12.0
11519,-0.19492178,-12.0
55950,0.16522498,11.0
18909,-0.122530326,-8.0
16858,-0.10180623,-7.0
56726,-0.047147285,-3.0
51883,0.02597914,2.0
94192,0.0355263,2.0
56012,-0.076421574,-5.0
30640,0.12880306,8.0
750,-0.015290432,-1.0
37185,-0.044480037,-3.0
21067,-0.62644464,-40.0
50655,0.0830918,5.0
78649,0.08341124,5.0
21692,6.153876e-05,0.0
1442,0.058723867,4.0
43515,0.0057470715,0.0
824,-0.06040257,-4.0
86828,-0.044132445,-3.0
16334,-0.016887052,-1.0
53318,0.024799932,2.0
14555,0.17464939,11.0
74673,0.00868193,1.0
24124,-0.09430799,-6.0
62431,-0.035308216,-2.0
56962,-0.37361708,-24.0
86427,-0.10943278,-7.0
68860,-0.058002315,-4.0
92668,0.08067834,5.0
75346,0.024335917,2.0
80696,-0.009042493,-1.0
99973,0.10315844,7.0
37014,-0.05647467,-4.0
65277,-0.41826725,-27.0
50890,-0.060668744,-4.0
14542,-0.10121534,-6.0
56644,-0.017383568,-1.0
4420,-0.014526994,-1.0
90594,-0.099900156,-6.0
38338,0.26727188,17.0
30328,-0.033432532,-2.0
10424,-0.003898028,-0.0
45146,0.22212327,14.0
82099,0.044641882,3.0
75721,-0.0254476,-2.0
12297,0.22395578,14.0
26460,0.1465024,9.0
75999,0.04048331,3.0
18700,0.03262986,2.0
53777,0.27788702,18.0
32031,-0.024432886,-2.0
45436,0.01709372,1.0
81948,0.16794178,11.0
20051,0.04477395,3.0
31724,-0.083997555,-5.0
62624,-0.02442676,-2.0
50027,-0.0255538,-2.0
91996,0.14853509,10.0
53312,-0.021455582,-1.0
51721,-0.054350797,-3.0
59384,-0.12134805,-8.0
14524,-0.18499306,-12.0
96952,-0.06203077,-4.0
12153,-0.108390346,-7.0
43682,-0.017739428,-1.0
14962,-0.06427343,-4.0
73184,-0.05190597,-3.0
37960,0.08415957,5.0
4581,0.009148851,1.0
92989,0.07356976,5.0
58254,-0.043610938,-3.0
74558,0.07864194,5.0
52968,-0.04789897,-3.0
52284,-0.029880561,-2.0
79714,0.045304947,3.0
2394,0.014215065,1.0
20603,-0.48975924,-31.0
89289,0.17992823,12.0
52233,-0.03658042,-2.0
37873,0.009926501,1.0
80591,0.018152583,1.0
54189,0.15879148,10.0
1682,-0.0065989792,-0.0
3487,0.033326466,2.0
44100,0.004593228,0.0
30260,0.016570892,1.0
29415,-0.08514247,-5.0
39502,0.030224051,2.0
38140,-0.056034494,-4.0
23628,0.067856856,4.0
69791,-0.004403949,-0.0
99264,0.019204443,1.0
7679,-0.07034481,-5.0
43443,-0.06986131,-4.0
89825,-5.366196e-05,-0.0
17891,-0.02712989,-2.0
80616,0.029217143,2.0
95137,0.049509823,3.0
89797,0.015891317,1.0
49235,0.04201177,3.0
19557,0.47570303,30.0
11003,0.034793504,2.0
49715,-0.047098823,-3.0
90465,0.04170703,3.0
91652,-0.019878559,-1.0
66083,-0.017852712,-1.0
73653,0.034876447,2.0
44872,0.14555816,9.0
80303,0.026390804,2.0
74753,-0.45799413,-29.0
11731,-0.029294642,-2.0
26973,-0.016312676,-1.0
98884,-0.018853303,-1.0
14797,0.055453386,4.0
18512,-0.10269504,-7.0
72267,-0.08536128,-5.0
91507,0.07002709,4.0
52262,0.2279966,15.0
91812,-0.020063836,-1.0
3223,-0.017725844,-1.0
53462,0.060037546,4.0
2781,0.015756533,1.0
36803,-0.058237065,-4.0
41725,-0.074791566,-5.0
27805,0.024408124,2.0
89349,0.027820274,2.0
22522,0.07856415,5.0
21537,-0.07496748,-5.0
42960,0.17402783,11.0
46421,0.10362124,7.0
20275,0.054773606,4.0
13896,0.107184015,7.0
22926,-0.21977185,-14.0
86638,-0.032994974,-2.0
10885,-0.0764566,-5.0
812,0.012392053,1.0
7134,-0.011533791,-1.0
77126,-0.11462703,-7.0
71871,-0.31554118,-20.0
35702,0.23569591,15.0
53802,-0.2891314,-19.0
49404,0.018040614,1.0
88444,0.061628323,4.0
85523,0.14739868,9.0
51003,-0.051445965,-3.0
30347,-0.02251009,-1.0
69765,-0.0030055728,-0.0
49812,0.08063028,5.0
57552,-0.1664871,-11.0
25185,-0.007534368,-0.0
72246,-0.22767694,-15.0
98211,0.113954455,7.0
79917,0.0042707603,0.0
99902,0.26923123,17.0
95189,-0.24755949,-16.0
65021,0.018460024,1.0
27596,0.077743754,5.0
28946,0.09462696,6.0
93520,0.027554765,2.0
7585,-0.012318152,-1.0
16041,-0.016115226,-1.0
20727,-0.12215019,-8.0
53284,-0.009991783,-1.0
21484,0.06310113,4.0
53024,-0.035717078,-2.0
59957,0.1115054,7.0
20655,-0.040492944,-3.0
79094,-0.03704183,-2.0
77987,0.006704323,0.0
3812,0.18220298,12.0
15312,-0.11245365,-7.0
24234,-0.0067286487,-0.0
17952,-0.15445873,-10.0
26736,0.021786299,1.0
16216,-0.07332885,-5.0
55548,-0.094239384,-6.0
60466,0.022823704,1.0
56673,-0.020882254,-1.0
31197,-0.20411678,-13.0
57122,0.07784582,5.0
59807,0.019475883,1.0
79652,0.07799194,5.0
98603,-0.18872514,-12.0
16013,0.081979714,5.0
17661,-0.24153712,-15.0
31575,0.08216018,5.0
22904,0.027022695,2.0
40734,-0.16265486,-10.0
14624,-0.24692051,-16.0
72728,-0.115466684,-7.0
5541,-0.014660696,-1.0
70031,0.18932626,12.0
93116,0.040578038,3.0
5827,0.12490226,8.0
13248,-0.20220721,-13.0
80140,0.17114593,11.0
96078,-0.031242978,-2.0
49987,-0.114069566,-7.0
72357,0.059796266,4.0
88473,0.13188982,8.0
74545,0.34397355,22.0
14277,0.09475668,6.0
34606,-0.01845414,-1.0
93694,0.096525595,6.0
41002,0.14362003,9.0
15052,-0.23887143,-15.0
66833,-0.08002244,-5.0
41212,0.034152824,2.0
57736,0.13883278,9.0
24754,-0.068708904,-4.0
40906,0.24590532,16.0
17453,-0.1492032,-10.0
51229,-0.043063495,-3.0
44236,-0.17322397,-11.0
98471,-0.041941714,-3.0
11293,-0.15212987,-10.0
68971,-0.033445522,-2.0
37189,-0.12099089,-8.0
31835,-0.21496317,-14.0
66443,0.008839118,1.0
35286,0.0025556004,0.0
755,-0.011626811,-1.0
92443,0.03273772,2.0
51278,0.1283621,8.0
70131,0.037323933,2.0
72747,-0.06887229,-4.0
26246,0.08501403,5.0
18750,-0.21658997,-14.0
51321,0.101864174,7.0
48225,0.14115778,9.0
6631,-0.11753314,-8.0
55865,0.056273356,4.0
33487,-0.17573105,-11.0
43492,0.1280842,8.0
74615,-0.17750156,-11.0
95618,0.03367825,2.0
94196,-0.122328766,-8.0
81190,0.07766853,5.0
17330,0.0019204277,0.0
536,0.0048919446,0.0
64957,0.1534314,10.0
70210,-0.2180507,-14.0
6407,0.09883599,6.0
18911,-0.017359067,-1.0
67865,-0.10701718,-7.0
14868,-0.025850262,-2.0
83165,0.018964954,1.0
95192,-0.0507388,-3.0
39717,-0.018713143,-1.0
6300,-0.0053973286,-0.0
92382,0.15317258,10.0
3359,0.05174711,3.0
55142,0.053169433,3.0
70389,-0.058818538,-4.0
52551,0.008676078,1.0
22485,0.012391036,1.0
61473,-0.062345657,-4.0
99988,-0.05128079,-3.0
17184,-0.08679668,-6.0
97158,-0.024424892,-2.0
21112,0.024665404,2.0
36795,-0.015937086,-1.0
42778,-0.036939494,-2.0
33193,-0.3664852,-23.0
15250,0.123502076,8.0
93232,0.08155395,5.0
32749,0.13857105,9.0
7774,0.067021765,4.0
6110,-0.34653437,-22.0
15784,-0.17469227,-11.0
30725,0.04548665,3.0
74494,0.008379869,1.0
60360,-0.020055378,-1.0
50571,-0.030797139,-2.0
61630,-0.05970129,-4.0
53717,-0.08777706,-6.0
98543,-0.011833411,-1.0
43099,-0.03791219,-2.0
63791,-0.1678767,-11.0
66774,-0.030003743,-2.0
6055,-0.2130224,-14.0
25902,0.03113279,2.0
832,-0.08924885,-6.0
16857,-0.0037083344,-0.0
11817,0.032593418,2.0
40542,-0.026495993,-2.0
13562,0.026548877,2.0
39240,-0.029894797,-2.0
18500,-0.065408885,-4.0
92203,-0.138615,-9.0
90068,-0.07004123,-4.0
97369,-0.025987167,-2.0
8796,0.05071763,3.0
94499,0.13363393,9.0
11080,-0.08887053,-6.0
97126,0.014134926,1.0
51577,-0.0672941,-4.0
9443,-0.14477792,-9.0
80222,0.08339856,5.0
65459,-0.22699936,-15.0
42985,-0.051570397,-3.0
71998,-0.004188352,-0.0
45784,0.19267847,12.0
65059,0.001623508,0.0
23312,-0.038164742,-2.0
25769,-0.17473815,-11.0
83917,0.030760648,2.0
39144,0.0123071205,1.0
30355,-0.029337766,-2.0
6616,-9.809842e-05,-0.0
43694,-0.24361688,-16.0
3220,-0.03503447,-2.0
88765,0.055329528,4.0
30335,-0.004105734,-0.0
37206,0.015450361,1.0
100097,0.08333628,5.0
19748,0.06316157,4.0
74487,0.02342567,1.0
98525,0.020928537,1.0
1720,0.021996016,1.0
96317,-0.103995666,-7.0
88912,-0.39255062,-25.0
32632,0.10258431,7.0
67168,0.010224599,1.0
82390,0.097059146,6.0
11804,-0.054706972,-4.0
19335,-0.0553449,-4.0
83329,0.09455768,6.0
96816,0.028700503,2.0
98329,0.3016243,19.0
78078,-0.058013838,-4.0
53194,-0.038725685,-2.0
3367,0.074512504,5.0
40023,-0.041759368,-3.0
84005,0.019104064,1.0
13639,-0.15470539,-10.0
47251,0.050582096,3.0
303,-0.020596635,-1.0
75855,0.11507079,7.0
87949,-0.00725036,-0.0
19578,0.033581834,2.0
96741,0.064346015,4.0
42719,0.041253995,3.0
922,0.038484998,2.0
89451,0.1343195,9.0
5583,0.098687164,6.0
87186,-0.18159534,-12.0
39915,-0.014159861,-1.0
70645,-0.02842853,-2.0
32843,-0.032642327,-2.0
68714,-0.13493542,-9.0
62340,-0.020960907,-1.0
84332,0.0039582453,0.0
79242,0.0554257,4.0
87241,-0.13221826,-8.0
28014,0.11636305,7.0
99534,-0.00021370819,-0.0
30274,-0.03346594,-2.0
9420,-0.07623915,-5.0
83539,-0.009730523,-1.0
81251,-0.06201355,-4.0
60883,-0.23538746,-15.0
81800,0.14445136,9.0
94758,-0.09095259,-6.0
16277,0.10918447,7.0
78729,0.10230781,7.0
20104,0.06262309,4.0
61959,-0.0033504071,-0.0
12662,-0.035210732,-2.0
89684,-0.087906644,-6.0
11296,-0.1543332,-10.0
8095,-0.007195101,-0.0
97808,-0.026533348,-2.0
94765,0.11330384,7.0
69324,0.23402105,15.0
82750,-0.14138162,-9.0
87641,0.04430398,3.0
40620,0.3422007,22.0
75094,0.302575,19.0
34913,0.048823804,3.0
81870,-0.044223674,-3.0
62011,-0.1475679,-9.0
877,0.24222846,16.0
31083,-0.24052374,-15.0
18279,-0.14482443,-9.0
23281,-0.0747052,-5.0
86098,-0.055943303,-4.0
43478,0.18484476,12.0
18542,-0.30706745,-20.0
10205,0.053150367,3.0
58023,0.023450715,2.0
21498,0.1428574,9.0
54286,0.05030005,3.0
35449,-0.022484737,-1.0
80386,-0.11673155,-7.0
32089,-0.0021278348,-0.0
82847,-0.010660686,-1.0
26113,0.2580562,17.0
92717,0.0014060729,0.0
62365,-0.057493474,-4.0
39730,-0.0072445967,-0.0
89482,-0.15160891,-10.0
82419,0.09123022,6.0
64782,-0.15758355,-10.0
27567,0.066366285,4.0
92313,0.14694159,9.0
58093,-0.16883238,-11.0
52583,0.032894183,2.0
42825,-0.049623724,-3.0
52761,-0.016025692,-1.0
39418,0.051022757,3.0
49396,0.012712781,1.0
44346,-0.13733721,-9.0
50707,-0.0519877,-3.0
7276,0.0052617565,0.0
28214,0.02842197,2.0
8220,0.24125662,15.0
60791,0.07900985,5.0
40820,0.034217536,2.0
41483,0.18892048,12.0
94315,0.1484375,10.0
54240,0.03293535,2.0
1716,0.022824446,1.0
74729,-0.2625684,-17.0
92967,-0.11342164,-7.0
56179,0.102909945,7.0
45344,0.049128063,3.0
96460,-0.023059433,-1.0
9127,0.16017058,10.0
35675,0.1297044,8.0
43457,0.15138726,10.0
34769,-0.01441621,-1.0
84499,-0.016309261,-1.0
54071,0.015492896,1.0
52342,-0.028837692,-2.0
39990,-0.024230238,-2.0
65457,-0.040067453,-3.0
62885,0.21871863,14.0
69603,0.080069974,5.0
57038,0.089628614,6.0
67995,0.066287585,4.0
41243,-0.006003832,-0.0
96486,-0.0026467273,-0.0
3080,0.026270952,2.0
99639,-0.07752842,-5.0
91680,-0.0045678914,-0.0
14627,-0.2575798,-16.0
87304,0.07929069,5.0
11155,0.08974083,6.0
65322,0.017882576,1.0
96436,-0.023588326,-2.0
27503,-0.014941162,-1.0
8438,-0.3386715,-22.0
37672,-0.116382144,-7.0
93247,-0.16431548,-11.0
38232,-0.11154586,-7.0
16479,-0.025880875,-2.0
9438,0.023975706,2.0
83892,0.032309547,2.0
83002,-0.20944795,-13.0
71114,0.006266103,0.0
81361,0.23284903,15.0
80061,0.1727525,11.0
23616,-0.39949527,-26.0
27452,-0.017504139,-1.0
94965,-0.02328927,-1.0
83768,-0.2950637,-19.0
53554,0.1084155,7.0
40931,0.15002167,10.0
13663,-0.012873991,-1.0
28990,0.083842725,5.0
45178,0.10457762,7.0
52049,-0.120520025,-8.0
57631,-0.0025988251,-0.0
38979,0.20656455,13.0
15534,-0.09127231,-6.0
93547,0.022895295,1.0
70336,-0.028880091,-2.0
69477,-0.008028287,-1.0
88224,0.017123511,1.0
12444,0.1651473,11.0
88150,-0.029308451,-2.0
25980,-0.3105336,-20.0
72560,-0.040079683,-3.0
46881,0.006346003,0.0
4787,-0.005682439,-0.0
11925,0.25979564,17.0
26394,0.0023408115,0.0
18195,0.013472204,1.0
93563,-0.16897807,-11.0
14289,-0.07840317,-5.0
68719,0.108920604,7.0
89803,-0.23504658,-15.0
38550,0.08541628,5.0
58961,-0.14321932,-9.0
5250,-0.12870964,-8.0
98092,-0.09759823,-6.0
96201,-0.06303992,-4.0
96353,-0.08119431,-5.0
2650,-0.017198533,-1.0
54359,-0.22328441,-14.0
17657,0.049116064,3.0
17276,0.0089404285,1.0
90202,-0.035177063,-2.0
34289,-0.014668206,-1.0
9639,0.09726579,6.0
635,0.003500132,0.0
40310,0.050911516,3.0
90493,-0.07443029,-5.0
53276,0.022615466,1.0
54646,0.0121118715,1.0
64527,-0.07543994,-5.0
34440,-0.03502928,-2.0
83974,-0.011984911,-1.0
86309,0.04861614,3.0
32356,-0.061171964,-4.0
16644,-0.024074193,-2.0
63022,0.018800726,1.0
71497,-0.38937774,-25.0
12419,0.049260043,3.0
95084,0.165705,11.0
32605,0.21299607,14.0
45908,0.027106818,2.0
13972,-0.01318187,-1.0
47525,-0.23482254,-15.0
73405,0.015383342,1.0
16325,0.031922456,2.0
93997,0.029151276,2.0
99696,-0.05284127,-3.0
61945,-0.01858882,-1.0
36535,-0.22599134,-14.0
87970,0.2150806,14.0
91132,-0.20355007,-13.0
54529,-0.08767809,-6.0
15374,0.004397744,0.0
3370,0.15979688,10.0
94099,0.013105026,1.0
7938,-0.0127822505,-1.0
63662,0.0806165,5.0
1960,-0.024941744,-2.0
99637,-0.11455008,-7.0
25120,0.002025917,0.0
41377,0.1487973,10.0
73838,-0.02239935,-1.0
54222,0.005814009,0.0
44688,0.013635512,1.0
15507,-0.19148105,-12.0
29418,-0.05546917,-4.0
670,-0.010941834,-1.0
96294,0.14745183,9.0
13258,0.22005475,14.0
51923,0.10090933,6.0
62048,-0.008252753,-1.0
47285,0.021460291,1.0
22478,0.10528403,7.0
92084,-0.04714033,-3.0
81135,-0.035237677,-2.0
80033,0.042705417,3.0
3259,0.014433039,1.0
90275,0.039485145,3.0
16742,0.18186909,12.0
11534,-0.13864556,-9.0
20426,-0.16643123,-11.0
56453,0.03333474,2.0
9051,0.027023805,2.0
79063,-0.07756451,-5.0
75894,0.022262936,1.0
72426,0.1492187,10.0
28048,0.177557,11.0
18496,0.17562912,11.0
65827,-0.035667606,-2.0
27925,0.10714351,7.0
20383,0.025943523,2.0
70312,-0.15894398,-10.0
43475,-0.0059152613,-0.0
91664,0.0051990747,0.0
51514,0.09737064,6.0
15153,0.18731444,12.0
17428,-0.050809857,-3.0
49115,-0.0679617,-4.0
68682,0.02581446,2.0
43509,-0.0006938589,-0.0
1051,-0.08546303,-5.0
97696,-0.004177323,-0.0
37707,-0.028549796,-2.0
72439,-0.024660844,-2.0
79705,0.0590756,4.0
32654,-0.06656283,-4.0
38882,0.022712197,1.0
69029,0.058792457,4.0
18688,-0.036860343,-2.0
28137,0.09576958,6.0
42385,-0.06234703,-4.0
67829,0.11852642,8.0
89964,0.016809337,1.0
23360,-0.06185837,-4.0
99878,0.14733125,9.0
70187,-0.057750184,-4.0
96656,0.14588812,9.0
62720,0.014478799,1.0
16185,-0.06845236,-4.0
32598,-0.102057405,-7.0
28690,0.09525544,6.0
98885,0.02255594,1.0
17416,-0.00021452138,-0.0
86647,-0.1590285,-10.0
53994,-0.08174233,-5.0
25686,0.11410709,7.0
482,0.02364902,2.0
55286,-0.032438755,-2.0
78115,-0.28349128,-18.0
3584,0.06905177,4.0
14186,0.030270215,2.0
46289,-0.029598784,-2.0
27991,0.15886618,10.0
48307,0.19091202,12.0
6809,0.09786227,6.0
33545,-0.061502423,-4.0
34520,0.015795631,1.0
75949,0.018249609,1.0
6328,0.016595293,1.0
54016,0.012007275,1.0
34878,0.11025442,7.0
83318,0.13359292,9.0
72653,-0.12187785,-8.0
51127,0.061372213,4.0
58024,0.034674753,2.0
40392,0.077677,5.0
65788,0.2536851,16.0
91989,0.23476687,15.0
15692,-0.004080207,-0.0
69252,0.14983161,10.0
97948,0.023360493,1.0
25588,0.0023123184,0.0
3440,-0.06309504,-4.0
9768,0.11837115,8.0
11151,-0.053737883,-3.0
16453,-0.11647808,-7.0
92701,0.027665649,2.0
76157,-0.058584925,-4.0
68305,0.106160745,7.0
96962,-0.20451511,-13.0
1036,-0.005314627,-0.0
527,0.010304435,1.0
44803,-0.13406289,-9.0
67130,0.06666576,4.0
84655,0.024222357,2.0
64925,-0.046736423,-3.0
72698,-0.4420285,-28.0
76864,0.021536695,1.0
48309,0.020915877,1.0
100139,-0.1688976,-11.0
45649,0.09116129,6.0
95050,0.030059064,2.0
81861,-0.05077381,-3.0
80394,-0.041662138,-3.0
25225,0.055726323,4.0
86424,0.005899713,0.0
42770,-0.023667887,-2.0
55607,-0.03248593,-2.0
41369,0.12357944,8.0
3624,0.14941327,10.0
42617,0.07446073,5.0
56816,-0.18013471,-12.0
40381,-0.59103185,-38.0
86357,0.15469182,10.0
89822,0.08471364,5.0
45770,-0.02538495,-2.0
91127,0.010928176,1.0
88105,-0.3138353,-20.0
73077,0.0014240913,0.0
99143,-0.034248944,-2.0
57405,-0.1606422,-10.0
30179,-0.033908654,-2.0
86029,-0.030036844,-2.0
26081,-0.29991797,-19.0
85456,0.0033342117,0.0
37530,-0.031807892,-2.0
23941,0.011325006,1.0
35577,0.13062474,8.0
25236,-0.09282856,-6.0
80118,-0.11330108,-7.0
65474,-0.0022791976,-0.0
14299,-0.02042354,-1.0
38625,0.041989952,3.0
17021,-0.06270435,-4.0
32930,0.0060701245,0.0
33141,-0.18849313,-12.0
5935,0.05866773,4.0
16691,-0.24365371,-16.0
93099,0.03028619,2.0
58357,0.024857687,2.0
87689,0.027509114,2.0
27061,0.032750923,2.0
40056,0.07177483,5.0
36538,0.021165172,1.0
11129,0.14344114,9.0
24820,0.1414894,9.0
94036,-0.16705093,-11.0
59806,0.124732025,8.0
43752,-0.01466937,-1.0
11872,-0.0121074235,-1.0
40753,-0.285377,-18.0
8341,-0.07549906,-5.0
32446,-0.019748678,-1.0
17339,-0.0034073845,-0.0
67781,-0.15072803,-10.0
63631,0.19482817,12.0
6555,-0.09632856,-6.0
53149,0.025157835,2.0
45603,-0.1013053,-6.0
75796,0.011302962,1.0
78405,-0.009019345,-1.0
9921,-0.10477415,-7.0
61054,-0.24418893,-16.0
65623,-0.107975766,-7.0
9073,0.18218917,12.0
52118,-0.22035545,-14.0
53094,-0.028007569,-2.0
62790,-0.15876174,-10.0
81949,-0.04132486,-3.0
30882,0.046680644,3.0
25052,0.05851131,4.0
77281,0.0026100613,0.0
57792,0.015353067,1.0
74918,-0.3801646,-24.0
74958,0.014828938,1.0
31059,-0.059308667,-4.0
93477,-0.22799811,-15.0
8333,0.114543065,7.0
48039,-0.008827844,-1.0
65977,-0.014552964,-1.0
59160,0.22567008,14.0
8561,0.2794218,18.0
38557,0.015922641,1.0
17387,0.05574312,4.0
1847,0.07036876,5.0
50789,-0.06937917,-4.0
94147,0.0073709954,0.0
26281,-0.00067017076,-0.0
8146,-0.3106672,-20.0
88808,0.023719205,2.0
68456,-0.09789927,-6.0
74001,0.02919224,2.0
26259,-0.1978557,-13.0
90317,-0.037185084,-2.0
84105,0.0015045429,0.0
15652,0.00832688,1.0
67190,0.06792468,4.0
10570,0.12520802,8.0
65278,-0.12551828,-8.0
69290,0.09710953,6.0
8344,-0.018138459,-1.0
92149,-0.072157525,-5.0
48665,0.031377234,2.0
47879,0.008946462,1.0
41100,-0.7391273,-47.0
34966,-0.012366209,-1.0
37408,-0.00498744,-0.0
9197,-0.028387234,-2.0
50897,-0.17088144,-11.0
8194,0.26942626,17.0
75145,0.15803999,10.0
23387,-0.3433576,-22.0
54589,0.05947772,4.0
11952,0.17505373,11.0
68710,0.11088937,7.0
97247,-0.00067145063,-0.0
5371,0.033471227,2.0
55514,0.0665261,4.0
81454,0.05512058,4.0
5654,0.16717501,11.0
62938,0.016419094,1.0
44971,-0.044149872,-3.0
94744,-0.027867768,-2.0
72283,0.069750346,4.0
67645,-0.08760646,-6.0
6422,0.063025385,4.0
27291,0.024049692,2.0
98146,-0.2200062,-14.0
69828,-0.03193874,-2.0
67408,0.043660212,3.0
5553,0.07118319,5.0
1491,-0.10715661,-7.0
61050,0.061284617,4.0
9067,-0.1702202,-11.0
41119,-0.19477198,-12.0
30573,0.035073236,2.0
99813,-0.009891219,-1.0
3834,0.21769509,14.0
34045,0.0066218125,0.0
22599,-0.19862436,-13.0
58241,-0.23747034,-15.0
15724,-0.022187367,-1.0
53818,0.030570619,2.0
52800,0.009243539,1.0
42110,0.15953189,10.0
15860,-0.06419295,-4.0
88796,-0.06308323,-4.0
39666,-0.09178672,-6.0
13116,-0.14990301,-10.0
46305,-0.06599039,-4.0
17182,-0.021134736,-1.0
83607,0.01522809,1.0
66889,0.1290158,8.0
61419,0.05644577,4.0
53622,-0.07471823,-5.0
16952,-0.072924696,-5.0
12604,-0.026363578,-2.0
53408,-0.19893028,-13.0
22642,-0.17271583,-11.0
61184,-0.00617155,-0.0
57804,0.20007835,13.0
82298,0.122857235,8.0
69816,0.047192235,3.0
33483,0.032458927,2.0
96033,-0.02024962,-1.0
91480,0.1160799,7.0
94811,-0.070139244,-4.0
53314,-0.030332183,-2.0
33767,-0.030336961,-2.0
31973,-0.1806015,-12.0
12051,-0.012835998,-1.0
86358,0.16353792,10.0
73601,-0.018683739,-1.0
46159,0.19560824,13.0
7767,0.024544438,2.0
8630,0.025206069,2.0
64763,-0.04866927,-3.0
40723,-0.092703745,-6.0
16151,-0.14348744,-9.0
65066,0.17691882,11.0
93908,0.13405529,9.0
59146,0.17736052,11.0
94986,-0.33977827,-22.0
10260,-0.097269505,-6.0
10182,-0.051174495,-3.0
18711,0.24496894,16.0
95877,-0.05152179,-3.0
26864,-0.021780498,-1.0
31598,0.13599598,9.0
61401,0.08698341,6.0
25258,0.20360988,13.0
36521,-0.16571373,-11.0
85675,-0.019932033,-1.0
46665,0.0969649,6.0
2881,-0.0062570875,-0.0
62005,-0.14114831,-9.0
40211,-0.21197902,-14.0
73598,-0.039187554,-3.0
64114,0.02093915,1.0
54202,-0.098205015,-6.0
56625,0.14994337,10.0
94582,0.1657729,11.0
80506,0.041939057,3.0
62871,0.2790925,18.0
74566,0.051988717,3.0
88525,0.12288881,8.0
99116,0.012876515,1.0
50817,-0.05309168,-3.0
77958,-0.25686905,-16.0
10912,-0.01513855,-1.0
45526,-0.023381235,-1.0
35010,-0.16164446,-10.0
22062,0.012928588,1.0
99598,-0.034640934,-2.0
12262,-0.06377588,-4.0
53062,-0.028265167,-2.0
60651,-0.060790624,-4.0
46055,0.15633579,10.0
25143,-0.006058012,-0.0
14973,-0.25337347,-16.0
32204,-0.08474843,-5.0
34372,-0.045427144,-3.0
21489,-0.14859295,-10.0
16153,0.2259294,14.0
873,0.043027546,3.0
44355,0.016031183,1.0
49305,-0.08585783,-5.0
1642,-0.041401166,-3.0
82553,-0.19350371,-12.0
44195,0.017887255,1.0
26785,-0.032044016,-2.0
71681,0.12749197,8.0
90182,-0.0018106913,-0.0
24404,-0.23151301,-15.0
91199,-0.0736209,-5.0
91056,-0.017403744,-1.0
8688,0.13126081,8.0
40081,-0.110515945,-7.0
13271,-0.004727423,-0.0
70166,-0.04640039,-3.0
42540,0.051866036,3.0
26757,-0.0027853877,-0.0
12957,-0.14297101,-9.0
67004,-0.04740866,-3.0
37519,0.023217041,1.0
91019,0.025223477,2.0
94795,0.26320133,17.0
22369,0.21925335,14.0
84559,-0.02043284,-1.0
58087,-0.27152237,-17.0
45982,-0.008638091,-1.0
74174,0.031914458,2.0
99243,-0.01553214,-1.0
10481,0.031625345,2.0
78359,-0.058244377,-4.0
49437,0.045017503,3.0
68929,0.04132948,3.0
36009,0.029529199,2.0
86719,0.16241032,10.0
68782,0.012707259,1.0
79481,-0.3554953,-23.0
91142,0.33914644,22.0
28602,-0.24709228,-16.0
67911,0.12308522,8.0
53239,0.014418735,1.0
64020,-0.028262593,-2.0
31697,0.07267217,5.0
96832,0.13500507,9.0
94586,-0.17809302,-11.0
87247,0.0073522986,0.0
11580,-0.023216043,-1.0
27428,0.010935324,1.0
67413,0.08321175,5.0
24847,-0.017553976,-1.0
79144,-0.29174334,-19.0
24339,0.025276253,2.0
44966,-0.11026387,-7.0
91367,0.12185803,8.0
50720,-0.05350027,-3.0
80018,0.062768094,4.0
59821,-0.089578085,-6.0
46378,-0.005021237,-0.0
68370,-0.13399695,-9.0
24488,-0.13230833,-8.0
55973,-0.07165771,-5.0
84653,-0.012077924,-1.0
44082,-0.16344184,-10.0
3298,-0.41057083,-26.0
18930,0.093680196,6.0
67341,0.03376425,2.0
15913,0.0015716185,0.0
70116,-0.12683964,-8.0
23566,0.18148717,12.0
77951,0.04632156,3.0
56438,0.10832805,7.0
4940,0.029455604,2.0
23335,-0.3190458,-20.0
28827,0.037862528,2.0
26448,-0.29920542,-19.0
100276,0.1665746,11.0
5133,-0.06703503,-4.0
70411,-0.11440333,-7.0
69216,0.0409273,3.0
35374,0.04441503,3.0
48859,0.09422578,6.0
25888,-0.027081193,-2.0
8317,0.006967257,0.0
33448,0.048239015,3.0
40803,0.082164474,5.0
76031,-0.053330157,-3.0
37778,0.08425203,5.0
72708,-0.18622695,-12.0
71803,-0.014110853,-1.0
56907,0.18784165,12.0
23475,0.03325659,2.0
90677,0.083161466,5.0
18808,0.04916455,3.0
3868,0.047212966,3.0
48376,0.19103707,12.0
44455,0.019387709,1.0
63962,0.080825776,5.0
19260,-0.15142794,-10.0
46364,0.006328479,0.0
14444,0.1441719,9.0
89581,-0.101239696,-6.0
79491,0.06542927,4.0
41019,0.052775715,3.0
68451,-0.07652722,-5.0
15033,0.42625946,27.0
47826,-0.012383202,-1.0
20054,-0.028513227,-2.0
46861,0.016380273,1.0
7959,-0.13444477,-9.0
7136,-0.01319666,-1.0
97913,0.017088462,1.0
30249,0.018669605,1.0
48304,0.16638386,11.0
72418,0.09348038,6.0
3581,-0.12948093,-8.0
59809,-0.08857354,-6.0
72671,-0.33374766,-21.0
59676,-0.22284742,-14.0
57583,-0.16996057,-11.0
50531,-0.01668283,-1.0
94611,0.13372529,9.0
80029,-0.027856518,-2.0
12098,-0.08409249,-5.0
17288,0.15219486,10.0
15503,-0.17616463,-11.0
37971,0.25566986,16.0
41870,0.03078161,2.0
68972,-0.024338318,-2.0
55555,-0.0430077,-3.0
62598,0.055114426,4.0
20332,-0.05663913,-4.0
76388,-0.12527211,-8.0
60638,0.20976262,13.0
49238,0.24226233,16.0
70387,-0.08458316,-5.0
56108,-0.061342537,-4.0
82111,-0.026801992,-2.0
31337,-0.041302186,-3.0
96813,-0.0840298,-5.0
80951,-0.031147437,-2.0
63382,0.07184735,5.0
38501,0.018487966,1.0
8951,0.06210664,4.0
76286,0.07722668,5.0
46867,0.2444736,16.0
31455,0.07776057,5.0
58388,0.0025793586,0.0
20381,0.021613104,1.0
19273,-0.08063965,-5.0
73252,-0.005121057,-0.0
74981,0.2934815,19.0
39753,-0.2204382,-14.0
40009,0.011301297,1.0
35927,-0.19435921,-12.0
71307,-0.027735272,-2.0
53289,-0.025664058,-2.0
72883,-0.011564804,-1.0
66264,-0.033926234,-2.0
20567,-0.13198398,-8.0
24251,0.078398235,5.0
86582,-0.038188577,-2.0
58949,-0.2434835,-16.0
98248,-0.22525632,-14.0
52685,-0.048360974,-3.0
32133,0.24042279,15.0
97527,0.011148168,1.0
25410,-0.30353197,-19.0
27870,-0.11545699,-7.0
7245,-0.0011643518,-0.0
8570,0.014380158,1.0
15151,0.03798149,2.0
18676,-0.030406341,-2.0
99949,-0.038398262,-2.0
44035,0.054369166,3.0
66389,-0.020459045,-1.0
20255,-0.009049788,-1.0
66772,-0.063432015,-4.0
49376,0.24626814,16.0
13764,-0.0015020111,-0.0
31568,0.10122069,6.0
12949,0.08485717,5.0
90439,-0.017998934,-1.0
66278,-0.029598884,-2.0
61678,-0.048751716,-3.0
66398,0.015664792,1.0
14578,0.043066822,3.0
64905,-0.0067284964,-0.0
95141,0.35364506,23.0
48398,-0.17220515,-11.0
32821,-0.16430795,-11.0
61200,0.026295863,2.0
98286,0.008219549,1.0
69465,0.31239176,20.0
18837,0.022494985,1.0
50134,-0.21163078,-14.0
95577,0.12382544,8.0
11853,0.14809196,9.0
54152,-0.03471095,-2.0
91937,0.22931807,15.0
69999,-0.031154549,-2.0
43827,-0.12734663,-8.0
85384,-0.0749529,-5.0
94045,-0.23247172,-15.0
88692,0.08039694,5.0
67328,0.043144472,3.0
21449,0.03366603,2.0
87460,0.029414305,2.0
36850,-0.022843085,-1.0
72549,0.0842634,5.0
27990,0.19766688,13.0
60971,-0.13188364,-8.0
40654,0.22980541,15.0
61131,0.053741306,3.0
28919,-0.2086373,-13.0
36525,-0.16302274,-10.0
25602,0.042317864,3.0
92723,0.013844888,1.0
68366,0.043950424,3.0
74534,-0.029466154,-2.0
6863,-0.024476461,-2.0
5762,0.13756953,9.0
29326,0.05572986,4.0
67621,-0.041123565,-3.0
87453,-0.0413003,-3.0
40232,-0.2108724,-13.0
51214,-0.054722574,-4.0
1907,-0.040596813,-3.0
79918,0.0039004604,0.0
84872,-0.036355145,-2.0
50127,0.025355998,2.0
87501,0.14082229,9.0
24916,0.0707165,5.0
15026,-0.15803726,-10.0
20802,0.3246602,21.0
74507,-0.007260012,-0.0
33191,0.16260763,10.0
65703,-0.00012219022,-0.0
75468,0.10598511,7.0
85983,-0.07622061,-5.0
14998,-0.25341848,-16.0
39285,-0.020417232,-1.0
55931,0.115403585,7.0
26154,0.068500504,4.0
15248,0.033767197,2.0
92747,-0.0328969,-2.0
89350,-0.0061690556,-0.0
37397,-0.0035055098,-0.0
32058,-0.1372048,-9.0
23337,0.112840906,7.0
38028,0.19709152,13.0
8607,-0.05674759,-4.0
80998,-0.093264915,-6.0
52779,-0.02805918,-2.0
10916,-0.03887806,-2.0
30877,-0.14959063,-10.0
84167,0.00021472575,0.0
33030,0.26818925,17.0
95969,-0.03259376,-2.0
14411,0.2910441,19.0
28691,0.058795277,4.0
66561,0.033124484,2.0
77542,-0.1798725,-12.0
90037,0.057793368,4.0
68450,-0.06642739,-4.0
32168,0.011704905,1.0
62545,-0.023951156,-2.0
47087,0.032266892,2.0
54481,-0.085769676,-5.0
20598,-0.43461698,-28.0
55065,-0.05918127,-4.0
67514,-0.02949259,-2.0
45788,0.23002689,15.0
97927,-0.021136355,-1.0
87776,0.10117542,6.0
96413,-0.0012297543,-0.0
92087,-0.049797807,-3.0
29077,-0.121742845,-8.0
56416,-0.033770178,-2.0
94364,-0.18534485,-12.0
57847,-0.0016314236,-0.0
91625,0.17995466,12.0
45401,-0.04750837,-3.0
63530,0.021399338,1.0
95853,-0.06473872,-4.0
10527,-0.04078985,-3.0
3975,0.006177792,0.0
18946,0.09476693,6.0
12924,0.025761876,2.0
81964,0.15259644,10.0
53052,-0.025168076,-2.0
59395,-0.04264364,-3.0
85804,-0.2769832,-18.0
65586,0.18852778,12.0
65175,0.061668858,4.0
23373,-0.12279664,-8.0
52486,0.122920364,8.0
86752,0.1801648,12.0
57685,-0.03518996,-2.0
13739,-0.27852613,-18.0
91086,-0.20351952,-13.0
62889,-0.016331954,-1.0
17283,0.067761175,4.0
63427,0.0046224394,0.0
29127,-0.10291742,-7.0
81934,-0.06794277,-4.0
40447,-0.13892241,-9.0
50249,0.25147244,16.0
93192,-0.19676901,-13.0
16636,-0.14801842,-9.0
74803,0.23680806,15.0
82252,-0.04356124,-3.0
30183,-0.016822517,-1.0
1009,0.061545156,4.0
20037,0.06066284,4.0
73495,-0.01612885,-1.0
80710,-0.0128542315,-1.0
25383,-0.19412993,-12.0
66659,-0.0028537428,-0.0
28843,-0.18545002,-12.0
53532,0.1651713,11.0
53962,0.07885559,5.0
94143,-0.1286957,-8.0
51317,-0.06270867,-4.0
20035,-0.02881164,-2.0
30520,0.022058936,1.0
8587,-0.044347268,-3.0
26860,0.022865418,1.0
2891,-0.035369486,-2.0
13192,0.0055983006,0.0
82194,-0.011609651,-1.0
78738,-0.012132997,-1.0
49408,0.030439403,2.0
68648,0.077580966,5.0
31147,0.014597668,1.0
89396,-0.011206696,-1.0
10175,-0.021739617,-1.0
19088,0.063259184,4.0
82134,-0.1380988,-9.0
43754,0.23081964,15.0
76119,0.4691079,30.0
41505,-0.19480693,-12.0
74718,0.07674989,5.0
89555,0.013396314,1.0
46669,-0.044638295,-3.0
76294,-0.011969669,-1.0
14042,0.08000035,5.0
35158,-0.19683959,-13.0
79255,0.36599353,23.0
53130,-0.009730608,-1.0
28288,0.2182733,14.0
28080,0.2814508,18.0
25711,-0.34980378,-22.0
16477,0.026839769,2.0
81386,-0.070800565,-5.0
51520,0.027828213,2.0
25423,-0.058550894,-4.0
42484,-0.082303,-5.0
80798,0.033708833,2.0
68077,-0.2803602,-18.0
95863,0.051850297,3.0
62357,0.1596891,10.0
76335,-0.10862857,-7.0
15596,1.2367965e-05,0.0
26932,0.024476388,2.0
41705,0.057465505,4.0
73463,-0.027541086,-2.0
25290,-0.26493695,-17.0
12725,0.06554515,4.0
847,0.031627893,2.0
40091,-0.025644764,-2.0
41124,-0.36740687,-24.0
73889,0.013470702,1.0
4705,0.017055197,1.0
78055,0.040553857,3.0
62549,0.091532014,6.0
78427,0.0077263885,0.0
69019,0.03112227,2.0
86413,0.21170326,14.0
41543,-0.2161899,-14.0
76835,0.00437318,0.0
36552,-0.29245377,-19.0
81082,-0.14214353,-9.0
38106,-0.11108712,-7.0
41941,-0.11681927,-7.0
65179,0.41966236,27.0
34767,0.09904501,6.0
1258,0.09364712,6.0
55994,-0.022084305,-1.0
91692,-0.029491346,-2.0
99317,-0.0060838764,-0.0
43127,0.0032359066,0.0
83635,0.00026500993,0.0
60590,-0.1161545,-7.0
901,0.020142153,1.0
80567,0.05846233,4.0
1721,-0.0055719553,-0.0
23139,-0.025894906,-2.0
85899,0.0911952,6.0
90893,-0.14969285,-10.0
44876,0.031244406,2.0
37979,0.011557849,1.0
99836,-0.037902832,-2.0
67357,0.09077009,6.0
42505,-0.003210845,-0.0
79760,0.07504515,5.0
65146,0.19321756,12.0
49318,0.035068627,2.0
83532,0.008289511,1.0
34929,-0.2130839,-14.0
72315,-0.018193634,-1.0
42453,0.10048711,6.0
83903,0.018725988,1.0
65680,-0.13346858,-9.0
5598,-0.050946433,-3.0
15305,0.118137985,8.0
59630,-0.05963446,-4.0
51092,0.079424165,5.0
25997,-0.10318658,-7.0
71465,-0.28030458,-18.0
90581,0.0066483663,0.0
41361,0.05245144,3.0
63255,-0.073776744,-5.0
30717,-0.020162135,-1.0
13119,-0.097264074,-6.0
83043,-0.024439324,-2.0
57374,0.07991885,5.0
70919,-0.25042674,-16.0
62587,0.08681665,6.0
74201,-0.01693689,-1.0
9214,0.06562163,4.0
36560,-0.035170954,-2.0
35244,-0.26517048,-17.0
13468,0.0031466528,0.0
73382,0.0018132511,0.0
35898,0.021102263,1.0
81427,-0.09872475,-6.0
94136,0.0023249942,0.0
91933,0.1607734,10.0
91499,-0.38118526,-24.0
50072,-0.12038634,-8.0
8297,-0.02695936,-2.0
34591,-0.18747556,-12.0
1909,-0.06715516,-4.0
21893,-0.054577686,-3.0
49457,0.08729263,6.0
70632,-0.12557653,-8.0
86440,0.041071847,3.0
85995,-0.057977356,-4.0
1713,-0.21595539,-14.0
49468,-0.027665576,-2.0
83899,-0.00046490348,-0.0
71360,-0.027676035,-2.0
62847,0.10406381,7.0
84934,-0.012094156,-1.0
93209,0.2362254,15.0
51307,0.19445491,12.0
5856,-0.21614893,-14.0
27570,0.024946284,2.0
92590,-0.14151168,-9.0
43971,-0.05500011,-4.0
55982,0.13386178,9.0
17502,0.016793672,1.0
83088,-0.10340883,-7.0
27747,0.013537165,1.0
41903,-0.051862523,-3.0
47849,0.020364601,1.0
6745,-0.03878828,-2.0
67201,-0.112623304,-7.0
24334,-0.014010805,-1.0
98017,0.02460471,2.0
35171,-0.14022437,-9.0
69684,0.20553273,13.0
62316,0.19860499,13.0
57912,0.002357583,0.0
91483,-0.27094948,-17.0
11392,-0.1020023,-7.0
35606,0.32805434,21.0
17637,-0.34668714,-22.0
62684,0.11892073,8.0
42560,0.16629125,11.0
39600,-0.015331437,-1.0
71193,0.06767418,4.0
69534,0.0099560935,1.0
23708,0.18819112,12.0
98506,-0.055579927,-4.0
78008,0.037560135,2.0
75544,0.028579809,2.0
14214,-0.27155527,-17.0
29311,0.13560313,9.0
6232,-0.107989825,-7.0
10617,0.14019106,9.0
51071,0.005606396,0.0
94241,-0.010167293,-1.0
57215,-0.10680744,-7.0
79656,0.24078122,15.0
68028,0.0031593088,0.0
13250,0.038132016,2.0
65352,-0.10354318,-7.0
47554,-0.14824416,-9.0
45921,-0.021181708,-1.0
69875,-0.0071185087,-0.0
78978,0.11441824,7.0
14539,-0.1269375,-8.0
35908,-0.021685757,-1.0
44234,-0.11794802,-8.0
17800,-0.33014223,-21.0
48447,-0.16690332,-11.0
59173,0.23165372,15.0
13263,0.087082714,6.0
17622,-0.026741367,-2.0
30514,0.025911221,2.0
60882,-0.02688834,-2.0
10185,-0.06967562,-4.0
559,0.00035665717,0.0
40265,-0.09772752,-6.0
27406,0.0038127857,0.0
47899,0.1754436,11.0
21181,-0.04455278,-3.0
11628,0.041825283,3.0
75100,-0.06535478,-4.0
15066,0.010032782,1.0
12780,-0.0014933522,-0.0
32145,0.016582528,1.0
91685,0.0735954,5.0
46812,0.10659368,7.0
78898,0.0838637,5.0
13371,0.10182348,7.0
59451,0.04506253,3.0
57956,0.04514543,3.0
48644,-0.03241767,-2.0
13822,-0.11690299,-7.0
49198,0.059173916,4.0
47589,0.011037504,1.0
23107,0.14771016,9.0
66114,-0.013625712,-1.0
16259,-0.017522506,-1.0
85859,0.18854944,12.0
80635,-0.12519184,-8.0
25514,-0.17823325,-11.0
6401,-0.023324676,-1.0
64512,0.05192136,3.0
43846,-0.008524431,-1.0
54123,-0.032077014,-2.0
33472,0.030687522,2.0
74554,-0.114622995,-7.0
58923,-0.2190925,-14.0
51902,-0.085767195,-5.0
86431,-0.13977908,-9.0
83479,-0.26454675,-17.0
61723,0.022277556,1.0
5261,-0.15275079,-10.0
13990,0.14050299,9.0
8857,0.016923701,1.0
48802,0.06698743,4.0
712,0.02977303,2.0
8059,-0.049215425,-3.0
15396,0.013534165,1.0
22371,0.10349777,7.0
41423,0.16574919,11.0
24429,0.022398228,1.0
6241,-0.02270711,-1.0
79703,0.050370567,3.0
76716,-0.11808864,-8.0
63886,-0.08942926,-6.0
23906,-0.49340728,-32.0
37213,-0.054566253,-3.0
95412,-0.07019557,-4.0
91108,0.08893706,6.0
63012,-0.09479248,-6.0
39423,-0.054620925,-3.0
26512,0.2964517,19.0
49068,-0.16453935,-11.0
97724,0.011144186,1.0
74454,-0.015560453,-1.0
83259,0.12837768,8.0
4067,-0.02707078,-2.0
39469,-0.071385406,-5.0
66368,-0.032689035,-2.0
37677,-0.10021401,-6.0
70154,-0.21003126,-13.0
95600,0.1656218,11.0
1180,-0.07152457,-5.0
100007,0.17480032,11.0
84534,-0.034252882,-2.0
89118,-0.0035850573,-0.0
60835,0.2260105,14.0
14113,0.0042560147,0.0
35172,-0.22262001,-14.0
93297,-0.034273464,-2.0
74190,-0.034598198,-2.0
40657,-0.0031514808,-0.0
83640,0.044075575,3.0
64080,-0.009180035,-1.0
32431,0.106763445,7.0
33450,0.011995527,1.0
43358,-0.2141292,-14.0
61815,-0.07141464,-5.0
55475,0.13271749,8.0
97781,-0.027929818,-2.0
845,0.029029248,2.0
52149,0.15208057,10.0
21189,0.024102641,2.0
25300,-0.24147218,-15.0
67661,0.047539532,3.0
6997,-0.05179256,-3.0
89497,0.010324489,1.0
31633,0.22770818,15.0
21542,0.15283681,10.0
47153,-0.0061276644,-0.0
69958,-0.18697856,-12.0
23426,-0.067405306,-4.0
20224,-0.07459718,-5.0
61009,0.05487429,4.0
1934,0.19422826,12.0
100274,0.15906872,10.0
12715,0.032178078,2.0
82473,-0.047068067,-3.0
22808,-0.2762021,-18.0
76939,0.14144552,9.0
29115,-0.13043176,-8.0
1657,0.19604184,13.0
90874,0.10191363,7.0
82511,-0.108247414,-7.0
35517,-0.021364853,-1.0
15647,0.18649739,12.0
18569,-0.36319712,-23.0
8914,-0.10734303,-7.0
16002,-0.0691452,-4.0
23402,-0.24479876,-16.0
70744,0.11336671,7.0
53472,-0.015052081,-1.0
42713,-0.102443956,-7.0
81666,-0.12625326,-8.0
74302,0.013544109,1.0
65220,-0.38571647,-25.0
29811,-0.008298589,-1.0
74609,-0.16764638,-11.0
6924,0.17958412,11.0
20548,-0.3615124,-23.0
41659,0.058352742,4.0
6041,-0.081300564,-5.0
23573,0.011600474,1.0
12168,-0.22545268,-14.0
17482,-0.024956578,-2.0
87980,-0.07562278,-5.0
78906,0.028260656,2.0
33547,0.013286915,1.0
61568,0.004290603,0.0
55452,0.088561885,6.0
51645,0.026200635,2.0
37703,-0.57069826,-37.0
99724,-0.052008715,-3.0
20170,-0.09260263,-6.0
79470,-0.10349578,-7.0
11037,-0.01175718,-1.0
91759,0.006611394,0.0
8958,-0.23966324,-15.0
59756,-0.040854584,-3.0
33454,-0.11020166,-7.0
48723,-0.04438619,-3.0
37852,0.13206634,8.0
50581,0.1388481,9.0
7921,-0.25409967,-16.0
33186,0.09682699,6.0
58106,-0.13242495,-8.0
28688,0.29663175,19.0
31508,-0.0035061124,-0.0
31159,0.08636837,6.0
65871,-0.030615875,-2.0
4342,9.537595e-05,0.0
84489,0.0020674712,0.0
97005,0.015143876,1.0
53209,-0.022031568,-1.0
78311,-0.037180252,-2.0
98731,0.03726079,2.0
56993,-0.23340987,-15.0
57481,-0.13857391,-9.0
89838,0.07164692,5.0
98509,-0.048573468,-3.0
60301,0.017644394,1.0
65359,-0.22425179,-14.0
23211,-0.0108074015,-1.0
97921,0.023284258,1.0
38562,0.182472,12.0
88535,-0.032449953,-2.0
2252,0.0479191,3.0
44103,-0.24093916,-15.0
5613,0.060982093,4.0
33309,0.031710006,2.0
50366,0.041165713,3.0
2664,0.018135259,1.0
99509,0.027106112,2.0
41126,-0.7210636,-46.0
70078,0.10389023,7.0
71522,-0.19014752,-12.0
44138,-0.057271253,-4.0
18436,0.012148776,1.0
9162,-0.13598259,-9.0
11432,0.0680922,4.0
33780,-0.033305548,-2.0
22892,-0.06432454,-4.0
38814,-0.081453234,-5.0
74712,-0.09612948,-6.0
86782,0.08056864,5.0
63691,0.01780235,1.0
21049,-0.20345482,-13.0
74608,-0.12805544,-8.0
49374,0.19635744,13.0
22678,0.008849108,1.0
43573,0.070748,5.0
9234,0.09977921,6.0
30949,0.13229056,8.0
23640,-0.2836907,-18.0
961,-0.19194028,-12.0
34408,-0.023237778,-1.0
8838,-0.10122523,-6.0
24044,-0.13640338,-9.0
1591,-0.00890218,-1.0
87986,0.10252524,7.0
68913,-0.028562844,-2.0
99258,-0.007392543,-0.0
6741,-0.1749871,-11.0
72521,0.0540699,3.0
97937,-0.02053469,-1.0
35277,0.013117093,1.0
31956,-0.12127129,-8.0
44166,-0.030238273,-2.0
93085,0.009352992,1.0
5122,-0.0014209434,-0.0
29521,0.14086507,9.0
44016,-0.01635455,-1.0
6124,-0.13070782,-8.0
69924,-0.20255631,-13.0
50963,0.02761894,2.0
66097,-0.0075237965,-0.0
97702,-0.0054443786,-0.0
12986,-0.034963805,-2.0
39738,-0.003788219,-0.0
44788,0.07560137,5.0
54201,0.003076278,0.0
86475,-0.24916695,-16.0
10086,0.15054284,10.0
86790,0.09221888,6.0
36208,0.16617455,11.0
27272,0.007320281,0.0
100231,-0.041286282,-3.0
99232,-0.0017858574,-0.0
43525,-0.26514536,-17.0
52692,-0.013556281,-1.0
2843,-0.030642224,-2.0
10479,0.048536073,3.0
29794,0.035553087,2.0
50848,-0.016682386,-1.0
47435,0.13665645,9.0
46557,0.008470443,1.0
18214,-0.1338339,-9.0
88622,0.020058721,1.0
86848,0.06928557,4.0
22826,0.029569253,2.0
41963,0.28959686,19.0
38592,0.06852174,4.0
68108,-0.17329931,-11.0
17287,0.04372883,3.0
34200,-0.047758695,-3.0
100338,0.2719144,17.0
82196,0.041031227,3.0
954,-0.16434202,-11.0
27631,0.053927697,3.0
92524,-0.039405636,-3.0
15174,0.085441045,5.0
78959,0.09902667,6.0
42569,0.0067693368,0.0
83256,-0.0049181464,-0.0
35721,-0.052375488,-3.0
10438,0.15544577,10.0
9364,-0.032762133,-2.0
2659,0.0022805333,0.0
82202,-0.03439763,-2.0
29031,0.016821675,1.0
41998,-0.0042983773,-0.0
87236,-0.03547262,-2.0
34824,0.015714359,1.0
79362,0.012411615,1.0
33194,-0.37615827,-24.0
91750,-0.025148133,-2.0
24982,-0.17108642,-11.0
59779,-0.009648968,-1.0
23779,-0.35376805,-23.0
77269,0.060597803,4.0
65392,0.24949557,16.0
96875,-0.043759387,-3.0
47231,0.033262324,2.0
45685,0.13911107,9.0
86491,-0.055555824,-4.0
21468,0.17432201,11.0
15753,-0.2527282,-16.0
33693,-0.17098637,-11.0
7353,-0.044146825,-3.0
61700,-0.084042266,-5.0
71069,0.1677211,11.0
16849,-0.20182215,-13.0
61696,-0.36454043,-23.0
52187,0.10340341,7.0
97429,0.026139665,2.0
6005,0.28935298,19.0
46328,-0.18856935,-12.0
19425,-0.08999709,-6.0
85917,0.16072752,10.0
90966,-0.01658378,-1.0
91489,-0.03260887,-2.0
55410,-0.08230172,-5.0
20256,0.052603338,3.0
76698,0.015891485,1.0
100334,0.10514021,7.0
96385,-0.28474328,-18.0
57525,-0.07683022,-5.0
55869,0.06291779,4.0
71105,0.24231987,16.0
89479,0.13245465,8.0
63933,0.10675581,7.0
43214,-0.012413345,-1.0
88577,-0.019046165,-1.0
16516,-0.0031591272,-0.0
54828,-0.103650585,-7.0
94465,0.037713278,2.0
29372,-0.028678283,-2.0
84263,-0.017976373,-1.0
54915,-0.1204807,-8.0
49149,-0.13989544,-9.0
33824,0.022824753,1.0
38458,0.017174898,1.0
62252,0.07916143,5.0
42395,0.0380958,2.0
64021,-0.049084187,-3.0
93507,-0.27374598,-18.0
15009,-0.0068665235,-0.0
71152,-0.029143801,-2.0
23075,0.17991722,12.0
25465,-0.061599467,-4.0
2561,0.0079896385,1.0
