time,ch1,ch2,ch3,ch4,ch5,ch1_Spike,ch2_Spike,ch3_Spike,ch4_Spike,ch5_Spike
0.1140019999999999,0.019653,0.021915,-0.015868,0.10735,0.009926,0,0,0,1,0
0.114004,0.0203,0.023857,-0.016192,0.107027,0.008955,0,0,0,1,0
0.114006,0.021594,0.024504,-0.016192,0.106056,0.007013,0,0,0,1,0
0.114008,0.022888,0.023533,-0.015545,0.105086,0.004425,0,0,0,1,0
0.11401,0.024506,0.020297,-0.015221,0.103469,0.002159,0,0,0,1,0
0.1140119999999999,0.025153,0.015444,-0.014251,0.101852,0.000541,0,0,0,1,0
0.1140139999999999,0.025153,0.01059,-0.014251,0.100559,-0.00043,0,0,0,1,0
0.1140159999999999,0.025153,0.006707,-0.013281,0.099589,-0.00043,0,0,0,0,0
0.114018,0.02483,0.004118,-0.012957,0.098942,0.000541,0,0,0,0,0
0.11402,0.023859,0.003795,-0.012634,0.098618,0.000865,0,0,0,0,0
0.114022,0.023859,0.005413,-0.012634,0.097972,0.001188,0,0,0,0,0
0.114024,0.024506,0.008648,-0.012957,0.097325,0.000541,0,0,0,0,0
0.1140259999999999,0.026124,0.012855,-0.013604,0.096031,-0.001401,0,0,0,0,0
0.1140279999999999,0.027418,0.014797,-0.015221,0.094091,-0.004313,0,0,0,0,0
0.1140299999999999,0.030006,0.017062,-0.015868,0.091504,-0.007549,0,0,0,0,0
0.114032,0.031948,0.019327,-0.016515,0.08924,-0.010785,0,0,0,0,0
0.114034,0.032918,0.019974,-0.017486,0.0873,-0.013374,0,0,0,0,0
0.114036,0.033242,0.020297,-0.01878,0.085683,-0.015316,0,0,0,0,0
0.114038,0.033565,0.020297,-0.019103,0.084066,-0.01661,0,0,0,0,0
0.1140399999999999,0.032595,0.01965,-0.019103,0.082126,-0.017581,0,0,0,0,0
0.1140419999999999,0.031301,0.019974,-0.01975,0.080832,-0.017905,0,0,0,0,0
0.1140439999999999,0.030006,0.019003,-0.01975,0.079215,-0.018552,0,0,0,0,0
0.114046,0.029036,0.019327,-0.020073,0.077598,-0.019199,0,0,0,0,0
0.114048,0.027742,0.018356,-0.020397,0.075981,-0.019523,0,0,0,0,0
0.11405,0.026771,0.017709,-0.020397,0.074688,-0.019847,0,0,0,0,0
0.114052,0.026124,0.017062,-0.02072,0.073717,-0.020817,0,0,0,0,0
0.1140539999999999,0.025477,0.01512,-0.020397,0.072101,-0.021465,0,0,0,0,0
0.1140559999999999,0.025477,0.013179,-0.020397,0.070807,-0.022112,0,0,0,0,0
0.1140579999999999,0.025153,0.010266,-0.019103,0.069513,-0.022759,0,0,0,0,0
0.11406,0.024183,0.008001,-0.018133,0.068543,-0.02373,0,0,0,0,0
0.114062,0.023212,0.005413,-0.016839,0.067573,-0.024377,0,0,0,0,0
0.114064,0.022565,0.003147,-0.016192,0.065956,-0.025024,0,0,0,0,0
0.114066,0.022241,0.001853,-0.014898,0.064339,-0.026319,0,0,0,0,0
0.1140679999999999,0.021594,0.00153,-0.014251,0.062399,-0.026966,0,0,0,0,0
0.1140699999999999,0.020947,0.000235,-0.013604,0.059812,-0.028908,0,0,0,0,0
0.1140719999999999,0.0203,-0.00203,-0.01231,0.057548,-0.028908,0,0,0,0,0
0.114074,0.019653,-0.003971,-0.011663,0.055608,-0.029555,0,0,0,0,0
0.114076,0.018682,-0.006237,-0.010693,0.053344,-0.029879,0,0,0,0,0
0.114078,0.017065,-0.008178,-0.009723,0.051727,-0.029555,0,0,0,0,0
0.11408,0.015447,-0.009149,-0.009076,0.049787,-0.028584,0,0,0,0,0
0.1140819999999999,0.014153,-0.009472,-0.008105,0.047846,-0.027613,0,0,0,0,0
0.1140839999999999,0.013182,-0.008825,-0.007782,0.045259,-0.02729,0,0,0,0,0
0.1140859999999999,0.012535,-0.008825,-0.007135,0.042349,-0.026966,0,0,0,0,0
0.114088,0.012859,-0.009149,-0.006488,0.038468,-0.02729,0,0,0,0,0
0.11409,0.013182,-0.008502,-0.005518,0.035881,-0.027613,0,0,0,0,0
0.114092,0.013182,-0.009149,-0.004547,0.032324,-0.028584,0,0,0,0,0
0.114094,0.013182,-0.010767,-0.0039,0.02909,-0.027613,0,0,0,0,0
0.1140959999999999,0.012859,-0.012385,-0.003577,0.026503,-0.026966,0,0,0,0,0
0.1140979999999999,0.011888,-0.013355,-0.002607,0.023915,-0.025348,0,0,0,0,0
0.1141,0.011241,-0.014973,-0.002283,0.021005,-0.023406,0,0,0,0,0
0.114102,0.010917,-0.014973,-0.001636,0.018094,-0.022435,0,0,0,0,0
0.114104,0.010917,-0.014326,-0.000989,0.014537,-0.021788,0,0,0,0,0
0.114106,0.010917,-0.012708,-1.8859e-05,0.010656,-0.021788,0,0,0,0,0
0.114108,0.011564,-0.01109,0.000628,0.006776,-0.022112,0,0,0,0,0
0.1141099999999999,0.012211,-0.010443,0.001275,0.002895,-0.022759,0,0,0,0,0
0.1141119999999999,0.011888,-0.009796,0.002245,-0.000986,-0.023083,0,0,0,0,0
0.114114,0.011888,-0.010443,0.002892,-0.00422,-0.022112,0,0,0,0,0
0.114116,0.011564,-0.011414,0.003539,-0.00713,-0.021141,0,0,0,0,0
0.114118,0.009947,-0.012708,0.003863,-0.010041,-0.018876,0,0,0,0,0
0.11412,0.008976,-0.014003,0.004186,-0.011981,-0.016287,0,0,0,0,0
0.114122,0.007682,-0.014973,0.004186,-0.013921,-0.013698,0,0,0,0,0
0.1141239999999999,0.006711,-0.014973,0.00451,-0.015862,-0.011433,0,0,0,0,0
0.1141259999999999,0.006388,-0.014326,0.00451,-0.017802,-0.009814,0,0,0,0,0
0.114128,0.005741,-0.014973,0.004833,-0.019095,-0.00852,0,0,0,0,0
0.11413,0.005417,-0.015297,0.004186,-0.019742,-0.006902,0,0,0,0,0
0.114132,0.005417,-0.015621,0.00451,-0.020712,-0.005607,0,0,0,0,0
0.114134,0.005093,-0.016268,0.004186,-0.020712,-0.003342,0,0,0,0,0
0.114136,0.004446,-0.017886,0.00451,-0.021359,-0.001724,0,0,0,0,0
0.1141379999999999,0.004123,-0.019827,0.004186,-0.021036,0.000218,0,0,0,0,0
0.1141399999999999,0.003152,-0.021122,0.00451,-0.020712,0.002483,0,0,0,0,0
0.114142,0.002182,-0.021445,0.004833,-0.020066,0.004748,0,0,0,0,0
0.114144,0.001535,-0.020474,0.005157,-0.019419,0.007013,0,0,0,0,0
0.114146,0.001535,-0.018856,0.005157,-0.018772,0.008955,0,0,0,0,0
0.114148,0.001858,-0.01465,0.005157,-0.017802,0.01025,0,0,0,0,0
0.11415,0.002829,-0.009796,0.005803,-0.017802,0.009926,0,0,0,0,0
0.1141519999999999,0.004446,-0.005266,0.005803,-0.017802,0.009602,0,0,0,0,0
0.1141539999999999,0.005741,-0.002677,0.005803,-0.018125,0.008632,0,0,0,0,0
0.114156,0.007035,-8.8422e-05,0.006127,-0.018772,0.007984,0,0,0,0,0
0.114158,0.008005,0.001206,0.006774,-0.018772,0.007984,0,0,0,0,0
0.11416,0.008005,0.001206,0.007097,-0.018125,0.009279,0,0,0,0,0
0.114162,0.007682,0.001206,0.007421,-0.017479,0.010573,0,0,0,0,0
0.114164,0.007682,0.000882,0.007744,-0.016508,0.011868,0,0,0,0,0
0.1141659999999999,0.007358,0.002177,0.007744,-0.015862,0.012839,0,0,0,0,0
0.1141679999999999,0.008005,0.002824,0.008391,-0.015215,0.012515,0,0,0,0,0
0.11417,0.0093,0.003147,0.008391,-0.014568,0.011544,0,0,0,0,0
0.114172,0.010917,0.003795,0.008068,-0.014568,0.009602,0,0,0,0,0
0.114174,0.012535,0.004442,0.008068,-0.014891,0.007337,0,0,0,0,0
0.114176,0.013829,0.004118,0.008068,-0.015215,0.005395,0,0,0,0,0
0.114178,0.014153,0.002824,0.008068,-0.015215,0.003777,0,0,0,0,0
0.1141799999999999,0.013829,0.003147,0.007744,-0.015215,0.003454,0,0,0,0,0
0.1141819999999999,0.012859,0.002824,0.008715,-0.014568,0.00313,0,0,0,0,0
0.114184,0.012211,0.004442,0.007744,-0.014245,0.003777,0,0,0,0,0
0.114186,0.010594,0.006707,0.008068,-0.013274,0.004425,0,0,0,0,0
0.114188,0.008976,0.009943,0.007744,-0.013598,0.005072,0,0,0,0,0
0.11419,0.007682,0.013179,0.007421,-0.012951,0.004748,0,0,0,0,0
0.1141919999999999,0.006388,0.016091,0.00645,-0.012304,0.003777,0,0,0,0,0
0.1141939999999999,0.005093,0.019003,0.00645,-0.012304,0.002483,0,0,0,0,0
0.1141959999999999,0.00477,0.020297,0.006127,-0.012304,0.000865,0,0,0,0,0
0.114198,0.003476,0.021268,0.005803,-0.012628,-0.000753,0,0,0,0,0
0.1142,0.002182,0.022239,0.006127,-0.012304,-0.001401,0,0,0,0,0
0.114202,0.001211,0.022239,0.006774,-0.012304,-0.003666,0,0,0,0,0
0.114204,0.00024,0.022563,0.007097,-0.012304,-0.004637,0,0,0,0,0
0.1142059999999999,-8.3218e-05,0.024181,0.007421,-0.012628,-0.005607,0,0,0,0,0
0.1142079999999999,-0.000407,0.025151,0.008068,-0.012951,-0.006902,0,0,0,0,0
0.1142099999999999,-8.3218e-05,0.025798,0.008391,-0.013274,-0.009167,0,0,0,0,0
0.114212,-0.000407,0.025798,0.009038,-0.013598,-0.009814,0,0,0,0,0
0.114214,0.00024,0.026122,0.009361,-0.014245,-0.011433,0,0,0,0,0
0.114216,-8.3218e-05,0.027093,0.010008,-0.015215,-0.011433,0,0,0,0,0
0.114218,-0.00073,0.026769,0.010332,-0.015862,-0.011433,0,0,0,0,0
0.1142199999999999,-0.001701,0.026122,0.011302,-0.016832,-0.011433,0,0,0,0,0
0.1142219999999999,-0.001701,0.026446,0.011949,-0.017802,-0.011433,0,0,0,0,0
0.1142239999999999,-0.002024,0.026769,0.012596,-0.018772,-0.011433,0,0,0,0,0
0.114226,-0.002024,0.026122,0.013243,-0.019419,-0.01208,0,0,0,0,0
0.114228,-0.001701,0.025475,0.013566,-0.020712,-0.013374,0,0,0,0,0
0.11423,-0.001054,0.025798,0.014213,-0.022653,-0.015316,0,0,0,0,0
0.114232,0.00024,0.026122,0.015184,-0.02427,-0.018228,0,0,0,0,0
0.1142339999999999,0.001858,0.025475,0.016478,-0.026857,-0.021465,0,0,0,0,0
0.1142359999999999,0.003152,0.023857,0.018095,-0.02815,-0.024053,0,0,0,0,0
0.1142379999999999,0.003799,0.023533,0.019712,-0.029767,-0.026966,0,0,0,0,0
0.11424,0.004123,0.021592,0.021006,-0.031061,-0.029879,0,0,0,0,0
0.114242,0.003799,0.019003,0.022623,-0.030738,-0.031497,0,0,0,0,0
0.114244,0.003152,0.017385,0.023594,-0.030738,-0.032144,0,0,0,0,0
0.114246,0.002505,0.017062,0.024241,-0.030738,-0.033115,0,0,0,0,0
0.1142479999999999,0.001858,0.017062,0.025211,-0.029444,-0.033438,0,0,0,0,0
0.1142499999999999,0.002182,0.018032,0.025858,-0.028797,-0.035056,0,0,0,0,0
0.1142519999999999,0.003152,0.018032,0.026181,-0.028474,-0.036351,0,0,0,0,0
0.114254,0.00477,0.017385,0.026505,-0.027504,-0.038616,0,0,0,0,0
0.114256,0.005741,0.013826,0.027152,-0.026857,-0.039587,0,0,0,0,0
0.114258,0.007035,0.009943,0.027799,-0.025563,-0.040558,0,0,0,0,0
0.11426,0.007035,0.006383,0.028446,-0.02427,-0.040558,0,0,0,0,0
0.1142619999999999,0.007035,0.001206,0.028446,-0.022653,-0.040234,0,0,0,0,0
0.1142639999999999,0.007035,-0.003324,0.028769,-0.021036,-0.039911,0,0,0,0,0
0.1142659999999999,0.006388,-0.006884,0.029739,-0.019095,-0.03894,0,0,0,0,0
0.114268,0.006711,-0.01012,0.030386,-0.017155,-0.03894,0,0,0,0,0
0.11427,0.007035,-0.012061,0.031357,-0.015538,-0.03894,0,0,0,0,0
0.114272,0.008329,-0.014003,0.032327,-0.013921,-0.039587,0,0,0,0,0
0.114274,0.008976,-0.015944,0.032651,-0.012304,-0.039911,0,0,0,0,0
0.1142759999999999,0.01027,-0.017562,0.032974,-0.011334,-0.039911,0,0,0,0,0
0.1142779999999999,0.011241,-0.019827,0.032974,-0.009717,-0.039263,0,0,0,0,0
0.1142799999999999,0.012535,-0.021445,0.033298,-0.0081,-0.037969,0,0,0,0,0
0.114282,0.012535,-0.023387,0.032327,-0.00713,-0.036351,0,0,0,0,0
0.114284,0.013182,-0.024034,0.03168,-0.005836,-0.034409,0,0,0,0,0
0.114286,0.013506,-0.024357,0.030063,-0.00519,-0.031497,0,0,0,0,0
0.114288,0.013182,-0.02371,0.028446,-0.00422,-0.028908,0,0,0,0,0
0.1142899999999999,0.013829,-0.02371,0.026181,-0.00422,-0.025995,0,0,0,0,0
0.1142919999999999,0.014153,-0.023063,0.024241,-0.004543,-0.02373,0,0,0,0,0
0.1142939999999999,0.0148,-0.021445,0.0223,-0.00519,-0.021465,0,0,0,0,0
0.114296,0.016094,-0.020474,0.020359,-0.00616,-0.019523,0,0,0,0,0
0.114298,0.016741,-0.01918,0.018418,-0.00713,-0.017581,0,0,0,0,0
0.1143,0.017712,-0.019827,0.016801,-0.007453,-0.015316,0,0,0,0,0
0.114302,0.017712,-0.020474,0.015831,-0.006807,-0.01208,0,0,0,0,0
0.1143039999999999,0.017065,-0.020798,0.015184,-0.005836,-0.00852,0,0,0,0,0
0.1143059999999999,0.016094,-0.021122,0.01486,-0.00422,-0.003989,0,0,0,0,0
0.1143079999999999,0.0148,-0.019827,0.014537,-0.001956,0.000865,0,0,0,0,0
0.11431,0.013506,-0.017562,0.01389,-1.5452e-05,0.005395,0,0,0,0,0
0.114312,0.013506,-0.013355,0.013243,0.000955,0.009279,0,0,0,0,0
0.114314,0.013182,-0.009149,0.012273,0.001925,0.011868,0,0,0,0,0
0.114316,0.013829,-0.006237,0.011302,0.001925,0.013486,0,0,0,0,0
0.1143179999999999,0.014476,-0.003648,0.010655,0.001601,0.014457,0,0,0,0,0
0.1143199999999999,0.015447,-0.001706,0.010008,0.001278,0.015427,0,0,0,0,0
0.114322,0.01577,-0.000412,0.009038,0.001278,0.017369,0,0,0,0,0
0.114324,0.016418,-0.000736,0.008068,0.001278,0.019311,0,0,0,0,0
0.114326,0.016094,-8.8422e-05,0.007744,0.001925,0.022223,0,0,0,0,0
0.114328,0.01577,0.001206,0.007097,0.002572,0.024812,0,0,0,0,0
0.11433,0.016418,0.004118,0.00645,0.003218,0.027725,0,0,0,0,0
0.1143319999999999,0.017388,0.005736,0.00548,0.003865,0.030314,0,0,0,0,0
0.1143339999999999,0.018682,0.008648,0.004833,0.004189,0.031932,0,0,0,0,0
0.114336,0.020624,0.011237,0.00451,0.004189,0.03355,0,0,0,0,0
0.114338,0.021594,0.011237,0.003863,0.003865,0.034844,0,0,0,0,0
0.11434,0.022888,0.012208,0.002892,0.004512,0.036786,0,0,0,0,0
0.114342,0.023535,0.013502,0.001922,0.004835,0.038728,0,0,0,0,0
0.114344,0.023859,0.016414,0.000952,0.005482,0.040669,0,0,0,0,0
0.1143459999999999,0.024183,0.019974,-0.000666,0.005482,0.042935,0,0,0,0,0
0.1143479999999999,0.023859,0.024181,-0.00196,0.006129,0.044229,0,0,0,0,0
0.11435,0.024506,0.028387,-0.003577,0.006129,0.044876,0,0,0,0,0
0.114352,0.026124,0.03227,-0.005194,0.005482,0.044876,0,0,0,0,0
0.114354,0.027418,0.035506,-0.005841,0.005159,0.044553,0,0,0,0,0
0.114356,0.029359,0.037448,-0.007458,0.004512,0.044229,0,0,0,0,0
0.114358,0.030977,0.038418,-0.008429,0.003542,0.043905,0,0,0,0,0
0.1143599999999999,0.032271,0.038742,-0.009076,0.003218,0.043258,0,0,0,0,0
0.1143619999999999,0.033242,0.038095,-0.010046,0.002248,0.043582,0,0,0,0,0
0.114364,0.033889,0.036477,-0.01037,0.001925,0.043582,0,0,0,0,0
0.114366,0.033889,0.034535,-0.011016,0.001925,0.044229,0,0,0,0,0
0.114368,0.034212,0.033241,-0.011663,0.001601,0.044876,0,0,0,0,0
0.11437,0.034536,0.031299,-0.011987,0.001925,0.046171,0,0,0,0,0
0.114372,0.035183,0.030976,-0.012634,0.002572,0.046818,0,0,0,0,0
0.1143739999999999,0.03583,0.030329,-0.012957,0.002572,0.047142,0,0,0,0,0
0.1143759999999999,0.036801,0.029681,-0.013928,0.002895,0.048112,0,0,0,0,0
0.114378,0.038095,0.028711,-0.014251,0.002895,0.048436,0,0,0,0,0
0.11438,0.039389,0.026769,-0.014898,0.003218,0.049083,0,0,0,0,0
0.114382,0.040036,0.022886,-0.015221,0.003542,0.049731,0,0,0,0,0
0.114384,0.04036,0.018356,-0.014898,0.004189,0.050701,0,0,0,0,0
0.114386,0.039066,0.013826,-0.015221,0.004835,0.051672,0,0,0,0,0
0.1143879999999999,0.037771,0.008972,-0.014898,0.006129,0.05329,0,0,0,0,0
0.1143899999999999,0.037448,0.005089,-0.015221,0.007423,0.053937,0,0,0,0,0
0.114392,0.036154,0.002824,-0.014898,0.008393,0.054261,0,0,0,0,0
0.114394,0.036154,0.000235,-0.013928,0.009363,0.053937,0,0,0,0,0
0.114396,0.03583,-0.000412,-0.013281,0.01001,0.052319,0,0,0,0,0
0.114398,0.036477,-0.003324,-0.012634,0.010656,0.051349,0,0,0,0,0
0.1144,0.036801,-0.005589,-0.011663,0.01098,0.049731,0,0,0,0,0
0.1144019999999999,0.037124,-0.009149,-0.01037,0.011303,0.048436,0,0,0,0,0
0.1144039999999999,0.037124,-0.013032,-0.010046,0.011627,0.048436,0,0,0,0,0
0.114406,0.036801,-0.016268,-0.009723,0.012273,0.048436,0,0,0,0,0
0.114408,0.036154,-0.018856,-0.009399,0.013567,0.049731,0,0,0,0,0
0.11441,0.03486,-0.019827,-0.008752,0.015507,0.051349,0,0,0,0,0
0.114412,0.034212,-0.020151,-0.008105,0.016801,0.051996,0,0,0,0,0
0.1144139999999999,0.034536,-0.01918,-0.007458,0.018094,0.052319,0,0,0,0,0
0.1144159999999999,0.035183,-0.016591,-0.006488,0.019065,0.052643,0,0,0,0,0
0.1144179999999999,0.036154,-0.01465,-0.005841,0.020035,0.051672,0,0,0,0,0
0.11442,0.037448,-0.014003,-0.005194,0.020358,0.051672,0,0,0,0,0
0.114422,0.038095,-0.013355,-0.005194,0.021328,0.051996,0,0,0,0,0
0.114424,0.038095,-0.013032,-0.005194,0.022298,0.052643,0,0,0,0,0
0.114426,0.037124,-0.013032,-0.006165,0.023592,0.054261,0,0,0,0,0
0.1144279999999999,0.036154,-0.012061,-0.006812,0.024886,0.05685,0,0,0,0,0
0.1144299999999999,0.03486,-0.009796,-0.007782,0.026179,0.058792,0,0,0,0,0
0.1144319999999999,0.033242,-0.00656,-0.009076,0.027796,0.061057,0,0,0,0,0
0.114434,0.033242,-0.002677,-0.010046,0.028766,0.062999,0,0,0,0,0
0.114436,0.033242,-8.8422e-05,-0.011987,0.02909,0.064293,0,0,0,0,0
0.114438,0.033889,0.004118,-0.013928,0.02909,0.065588,0,0,0,0,0
0.11444,0.03486,0.006383,-0.015868,0.028443,0.066235,0,0,0,0,0
0.1144419999999999,0.036801,0.008648,-0.016839,0.027473,0.066882,0,0,0,0,0
0.1144439999999999,0.038095,0.010266,-0.018133,0.026503,0.067529,0,0,0,0,0
0.1144459999999999,0.039389,0.009943,-0.019103,0.025532,0.0685,0,0,0,0,0
0.114448,0.039389,0.008648,-0.01975,0.024886,0.070765,0,0,0,0,0
0.11445,0.039066,0.00606,-0.019426,0.024562,0.072707,0,0,0,0,0
0.114452,0.038095,0.003471,-0.019426,0.024239,0.075296,0,0,0,0,0
0.114454,0.036801,0.001853,-0.019426,0.023592,0.076914,0,0,0,0,0
0.1144559999999999,0.036154,0.000559,-0.01975,0.022945,0.078532,0,0,0,0,0
0.1144579999999999,0.035183,-8.8422e-05,-0.019426,0.022622,0.078532,0,0,0,0,0
0.1144599999999999,0.034212,-8.8422e-05,-0.01975,0.021005,0.078209,0,0,0,0,0
0.114462,0.033889,-0.00203,-0.020073,0.019388,0.07659,0,0,0,0,0
0.114464,0.032595,-0.003001,-0.019426,0.018418,0.074972,0,0,0,0,0
0.114466,0.030653,-0.004942,-0.019103,0.017448,0.073678,0,0,0,0,0
0.114468,0.028712,-0.007207,-0.01975,0.017124,0.073031,0,0,0,0,0
0.1144699999999999,0.026771,-0.009796,-0.019426,0.016477,0.073031,0,0,0,0,0
0.1144719999999999,0.024506,-0.01109,-0.01975,0.016477,0.073031,0,0,0,0,0
0.1144739999999999,0.022888,-0.011414,-0.01975,0.015507,0.073031,0,0,0,0,0
0.114476,0.021271,-0.010767,-0.01975,0.01486,0.071413,0,0,0,0,0
0.114478,0.020624,-0.010443,-0.020397,0.014214,0.069795,0,0,0,0,0
0.11448,0.019653,-0.009149,-0.020073,0.013567,0.067206,0,0,0,0,0
0.114482,0.019653,-0.008825,-0.01975,0.013244,0.065264,0,0,0,0,0
0.1144839999999999,0.019006,-0.008825,-0.019426,0.013244,0.062999,0,0,0,0,0
0.1144859999999999,0.017712,-0.008825,-0.01878,0.013244,0.061381,0,0,0,0,0
0.1144879999999999,0.017388,-0.007207,-0.018456,0.013567,0.060733,0,0,0,0,0
0.11449,0.016418,-0.006237,-0.018133,0.01389,0.060086,0,0,0,0,0
0.114492,0.016741,-0.006237,-0.018133,0.014537,0.059115,0,0,0,0,0
0.114494,0.016741,-0.005589,-0.018456,0.01486,0.058144,0,0,0,0,0
0.114496,0.017065,-0.004619,-0.019103,0.015184,0.057497,0,0,0,0,0
0.1144979999999999,0.018035,-0.003324,-0.019426,0.015507,0.055556,0,0,0,0,0
0.1144999999999999,0.018682,-0.003001,-0.020073,0.015831,0.053614,0,0,0,0,0
0.1145019999999999,0.0203,-0.001706,-0.021367,0.016154,0.051672,0,0,0,0,0
0.114504,0.021271,-0.001383,-0.021691,0.016477,0.050378,0,0,0,0,0
0.114506,0.021594,-0.001059,-0.022661,0.016477,0.049083,0,0,0,0,0
0.114508,0.021594,-0.001059,-0.023308,0.016801,0.048112,0,0,0,0,0
0.11451,0.020624,-0.001706,-0.023631,0.016477,0.047465,0,0,0,0,0
0.1145119999999999,0.019653,-0.000736,-0.023955,0.016477,0.047142,0,0,0,0,0
0.1145139999999999,0.019006,-0.000736,-0.024278,0.016801,0.046171,0,0,0,0,0
0.1145159999999999,0.018359,-8.8422e-05,-0.024925,0.016801,0.044876,0,0,0,0,0
0.114518,0.017712,0.000882,-0.024925,0.016477,0.043258,0,0,0,0,0
0.11452,0.017388,0.001853,-0.024602,0.016477,0.041964,0,0,0,0,0
0.114522,0.017712,0.001853,-0.024278,0.016801,0.040022,0,0,0,0,0
0.114524,0.018359,0.001206,-0.023955,0.017448,0.03808,0,0,0,0,0
0.1145259999999999,0.018359,-0.000412,-0.024278,0.018094,0.037757,0,0,0,0,0
0.1145279999999999,0.018682,-0.001706,-0.023308,0.019065,0.03711,0,0,0,0,0
0.1145299999999999,0.018682,-0.003648,-0.023631,0.020035,0.03711,0,0,0,0,0
0.114532,0.018035,-0.005913,-0.022985,0.021652,0.036786,0,0,0,0,0
0.114534,0.017712,-0.008178,-0.022338,0.022945,0.036462,0,0,0,0,0
0.114536,0.018035,-0.007531,-0.021367,0.024886,0.035491,0,0,0,0,0
0.114538,0.018035,-0.006884,-0.01975,0.025532,0.033873,0,0,0,0,0
0.1145399999999999,0.019006,-0.005589,-0.018133,0.026503,0.031608,0,0,0,0,0
0.1145419999999999,0.020624,-0.005589,-0.016839,0.026503,0.029343,0,0,0,0,0
0.1145439999999999,0.022241,-0.005913,-0.015221,0.026826,0.02643,0,0,0,0,0
0.114546,0.022888,-0.008825,-0.013604,0.026503,0.024489,0,0,0,0,0
0.114548,0.022888,-0.012708,-0.012634,0.026503,0.023194,0,0,0,0,0
0.11455,0.021594,-0.017562,-0.01134,0.026503,0.022547,0,0,0,0,0
0.114552,0.019977,-0.020798,-0.011016,0.026826,0.023518,0,0,0,0,0
0.1145539999999999,0.018035,-0.022092,-0.01037,0.026503,0.023841,0,0,0,0,0
0.1145559999999999,0.016094,-0.021122,-0.010693,0.025856,0.023518,0,0,0,0,0
0.114558,0.015123,-0.01918,-0.011016,0.025532,0.0219,0,0,0,0,0
0.11456,0.015123,-0.016268,-0.011663,0.024239,0.019958,0,0,0,0,0
0.114562,0.015123,-0.014003,-0.011987,0.022945,0.016722,0,0,0,0,0
0.114564,0.01577,-0.012708,-0.011987,0.021328,0.013486,0,0,0,0,0
0.114566,0.015123,-0.011738,-0.01231,0.020035,0.01122,0,0,0,0,0
0.1145679999999999,0.0148,-0.012385,-0.011987,0.019388,0.008955,0,0,0,0,0
0.1145699999999999,0.013182,-0.012708,-0.011663,0.019065,0.007661,0,0,0,0,0
0.114572,0.011564,-0.012061,-0.011663,0.019065,0.006366,0,0,0,0,0
0.114574,0.009623,-0.012061,-0.011016,0.019388,0.005719,0,0,0,0,0
0.114576,0.007682,-0.010767,-0.01037,0.019065,0.004425,0,0,0,0,0
0.114578,0.006064,-0.009472,-0.01037,0.019065,0.004101,0,0,0,0,0
0.11458,0.004446,-0.007531,-0.009076,0.018418,0.002483,0,0,0,0,0
0.1145819999999999,0.003799,-0.00656,-0.009076,0.017124,0.001188,0,0,0,0,0
0.1145839999999999,0.002829,-0.004619,-0.008105,0.015507,-0.00043,0,0,0,0,0
0.114586,0.002182,-0.002354,-0.007135,0.014214,-0.002371,0,0,0,0,0
0.114588,0.001535,-0.001059,-0.005518,0.012597,-0.004637,0,0,0,0,0
0.11459,-8.3218e-05,-8.8422e-05,-0.004547,0.01195,-0.006578,0,0,0,0,0
0.114592,-0.002024,0.000882,-0.00293,0.011303,-0.007549,0,0,0,0,0
0.114594,-0.004289,0.002177,-0.001313,0.011627,-0.008196,0,0,0,0,0
0.1145959999999999,-0.005907,0.003147,-0.000666,0.011303,-0.009167,0,0,0,0,0
0.1145979999999999,-0.007525,0.005089,-1.8859e-05,0.01195,-0.010138,0,0,0,0,0
0.1146,-0.008495,0.007354,0.000628,0.012273,-0.010785,0,0,0,0,0
0.114602,-0.008819,0.009619,0.000628,0.012597,-0.012727,0,0,0,0,0
0.114604,-0.008495,0.010914,0.000628,0.011303,-0.014992,0,0,0,0,0
0.114606,-0.007201,0.01059,0.000628,0.011303,-0.016934,0,0,0,0,0
0.114608,-0.006878,0.010914,0.000952,0.010333,-0.019199,0,0,0,0,0
0.1146099999999999,-0.006231,0.009943,0.000628,0.009686,-0.020494,0,0,0,0,0
0.1146119999999999,-0.006554,0.007678,-0.000342,0.009039,-0.021788,0,0,0,0,0
0.114614,-0.006231,0.006707,-0.001313,0.008393,-0.022435,0,0,0,0,0
0.114616,-0.005907,0.00606,-0.002607,0.007423,-0.02373,0,0,0,0,0
0.114618,-0.005583,0.00703,-0.0039,0.005806,-0.025995,0,0,0,0,0
0.11462,-0.004613,0.008001,-0.005194,0.003865,-0.027937,0,0,0,0,0
0.114622,-0.003319,0.008325,-0.006488,0.001601,-0.031173,0,0,0,0,0
0.1146239999999999,-0.002348,0.008325,-0.007782,-0.000339,-0.034409,0,0,0,0,0
0.1146259999999999,-0.001377,0.007678,-0.008752,-0.002279,-0.037969,0,0,0,0,0
0.114628,-0.00073,0.004442,-0.009723,-0.003896,-0.040558,0,0,0,0,0
0.11463,-0.001054,0.000559,-0.010693,-0.00519,-0.041529,0,0,0,0,0
0.114632,-0.001377,-0.003324,-0.01134,-0.005836,-0.041852,0,0,0,0,0
0.114634,-0.001701,-0.007531,-0.01134,-0.00616,-0.040881,0,0,0,0,0
0.1146359999999999,-0.002024,-0.010443,-0.01231,-0.006483,-0.040234,0,0,0,0,0
0.1146379999999999,-0.002024,-0.013032,-0.012957,-0.006807,-0.039587,0,0,0,0,0
0.1146399999999999,-0.002024,-0.013679,-0.012957,-0.007777,-0.039263,0,0,0,0,0
0.114642,-0.001701,-0.01465,-0.013604,-0.008747,-0.039587,0,0,0,0,0
0.114644,-0.001054,-0.014326,-0.014251,-0.009394,-0.039911,0,0,0,0,0
0.114646,-0.000407,-0.014003,-0.014575,-0.010687,-0.039587,0,0,0,0,0
0.114648,0.00024,-0.013032,-0.015545,-0.011334,-0.039263,0,0,0,0,0
0.1146499999999999,0.001535,-0.011414,-0.015545,-0.012628,-0.038293,0,0,0,0,0
0.1146519999999999,0.001858,-0.01012,-0.015545,-0.013921,-0.037969,0,0,0,0,0
0.1146539999999999,0.003476,-0.008502,-0.015868,-0.014891,-0.037322,0,0,0,0,0
0.114656,0.00477,-0.006237,-0.015868,-0.016185,-0.036998,0,0,0,0,0
0.114658,0.006388,-0.003971,-0.015545,-0.018449,-0.036998,0,0,0,0,0
0.11466,0.007682,-0.000736,-0.015545,-0.020389,-0.038293,0,0,0,0,0
0.114662,0.008976,0.001853,-0.014898,-0.022653,-0.039911,0,0,0,0,0
0.1146639999999999,0.010917,0.003795,-0.014575,-0.025563,-0.041852,0,0,0,0,0
0.1146659999999999,0.013182,0.005413,-0.013281,-0.028797,-0.043794,0,0,0,0,0
0.1146679999999999,0.014153,0.005736,-0.01231,-0.030414,-0.046383,0,0,0,0,0
0.11467,0.015447,0.004118,-0.011016,-0.032678,-0.048972,0,0,0,0,0
0.114672,0.015447,0.0025,-0.010046,-0.034618,-0.050266,0,0,0,0,0
0.114674,0.015447,0.000235,-0.008752,-0.035588,-0.050913,0,0,0,0,0
0.114676,0.014153,-0.001059,-0.007782,-0.036559,-0.051884,0,0,0,0,0
0.1146779999999999,0.013182,-0.000736,-0.007135,-0.036882,-0.051884,0,0,0,0,0
0.1146799999999999,0.012211,0.000559,-0.006812,-0.036882,-0.052855,0,0,0,0,0
0.1146819999999999,0.011241,0.003147,-0.007135,-0.037205,-0.05415,0,0,0,0,0
0.114684,0.010917,0.00606,-0.006488,-0.037852,-0.056738,0,0,0,0,0
0.114686,0.011564,0.007354,-0.006812,-0.038175,-0.059327,0,0,0,0,0
0.114688,0.011241,0.008001,-0.006488,-0.038822,-0.061916,0,0,0,0,0
0.11469,0.011564,0.007354,-0.006165,-0.039146,-0.064505,0,0,0,0,0
0.1146919999999999,0.01027,0.005413,-0.006165,-0.038822,-0.0658,0,0,0,0,0
0.1146939999999999,0.008329,0.003471,-0.006165,-0.038175,-0.066771,0,0,0,0,0
0.1146959999999999,0.006711,0.003147,-0.005841,-0.036882,-0.066771,0,0,0,0,0
0.114698,0.00477,0.003471,-0.005841,-0.035912,-0.067418,0,0,0,0,0
0.1147,0.002829,0.004442,-0.005841,-0.034618,-0.068389,0,0,0,0,0
0.114702,0.001535,0.006707,-0.005518,-0.033971,-0.070007,0,0,0,0,0
0.114704,0.000564,0.009619,-0.005518,-0.032678,-0.071948,0,0,0,0,0
0.1147059999999999,0.001211,0.009619,-0.005194,-0.032031,-0.074214,0,0,0,0,0
0.1147079999999999,0.001858,0.009296,-0.004871,-0.031384,-0.076479,0,0,0,0,0
0.1147099999999999,0.002505,0.008972,-0.004547,-0.031384,-0.078421,0,0,0,0,0
0.114712,0.002182,0.00703,-0.0039,-0.030414,-0.079391,0,0,0,0,0
0.114714,0.001858,0.004442,-0.00293,-0.030414,-0.080039,0,0,0,0,0
0.114716,0.00024,0.001206,-0.00196,-0.029767,-0.079715,0,0,0,0,0
0.114718,-0.002024,-0.001059,-0.000666,-0.029444,-0.078097,0,0,0,0,0
0.1147199999999999,-0.004289,-0.00203,-0.000342,-0.028474,-0.076803,0,0,0,0,0
0.1147219999999999,-0.005907,-0.003001,-0.000666,-0.02815,-0.075184,0,0,0,0,0
0.1147239999999999,-0.007525,-0.003324,-0.000342,-0.027827,-0.074537,0,0,0,0,0
0.114726,-0.009466,-0.003001,-0.000989,-0.027504,-0.073566,0,0,0,0,0
0.114728,-0.00979,-0.002354,-0.001313,-0.027827,-0.073243,0,0,0,0,0
0.11473,-0.01076,-0.00203,-0.00196,-0.027827,-0.073243,0,0,0,0,0
0.114732,-0.012054,-0.002677,-0.002607,-0.027827,-0.072596,0,0,0,0,0
0.1147339999999999,-0.013349,-0.003324,-0.003253,-0.02815,-0.072272,0,0,0,0,0
0.1147359999999999,-0.014643,-0.003001,-0.003253,-0.027827,-0.071948,0,0,0,0,0
0.1147379999999999,-0.015613,-0.003001,-0.0039,-0.02815,-0.071301,0,0,0,0,0
0.11474,-0.015937,-0.002677,-0.004871,-0.027827,-0.07033,0,0,0,0,0
0.114742,-0.016584,-0.000736,-0.005841,-0.02815,-0.069683,0,0,0,0,0
0.114744,-0.015937,0.002177,-0.007135,-0.028474,-0.069683,0,0,0,0,0
0.114746,-0.015613,0.005089,-0.008429,-0.02815,-0.069683,0,0,0,0,0
0.1147479999999999,-0.01529,0.006707,-0.009076,-0.027827,-0.07033,0,0,0,0,0
0.1147499999999999,-0.015613,0.007354,-0.010693,-0.02815,-0.070654,0,0,0,0,0
0.1147519999999999,-0.01529,0.007354,-0.010693,-0.026857,-0.070978,0,0,0,0,0
0.114754,-0.016584,0.005089,-0.01134,-0.02621,-0.069683,0,0,0,0,0
0.114756,-0.017555,0.003147,-0.011663,-0.02524,-0.068389,0,0,0,0,0
0.114758,-0.018525,0.001853,-0.01231,-0.02427,-0.066447,0,0,0,0,0
0.11476,-0.019819,0.000559,-0.01231,-0.0233,-0.063858,0,0,0,0,0
0.1147619999999999,-0.02079,-8.8422e-05,-0.012957,-0.022006,-0.062564,0,0,0,0,0
0.1147639999999999,-0.020466,-0.000736,-0.013281,-0.021683,-0.061916,0,0,0,0,0
0.1147659999999999,-0.019819,-0.001383,-0.013281,-0.021359,-0.062564,0,0,0,0,0
0.114768,-0.018849,-0.002677,-0.012957,-0.021036,-0.062887,0,0,0,0,0
0.11477,-0.017878,-0.005589,-0.012957,-0.021036,-0.063858,0,0,0,0,0
0.114772,-0.017231,-0.008825,-0.012957,-0.020712,-0.063534,0,0,0,0,0
0.114774,-0.016908,-0.013032,-0.013604,-0.020712,-0.062564,0,0,0,0,0
0.1147759999999999,-0.016584,-0.015944,-0.013604,-0.020066,-0.060622,0,0,0,0,0
0.1147779999999999,-0.016908,-0.017886,-0.014898,-0.020066,-0.05868,0,0,0,0,0
0.11478,-0.016908,-0.01918,-0.015545,-0.019742,-0.056415,0,0,0,0,0
0.114782,-0.016584,-0.018856,-0.016515,-0.019419,-0.05512,0,0,0,0,0
0.114784,-0.015613,-0.017886,-0.016515,-0.018772,-0.053502,0,0,0,0,0
0.114786,-0.014966,-0.016591,-0.017486,-0.018449,-0.052532,0,0,0,0,0
0.114788,-0.013672,-0.015297,-0.018133,-0.017802,-0.051237,0,0,0,0,0
0.1147899999999999,-0.011731,-0.014326,-0.01878,-0.017479,-0.049619,0,0,0,0,0
0.1147919999999999,-0.010113,-0.013355,-0.020073,-0.016832,-0.048001,0,0,0,0,0
0.114794,-0.008495,-0.011738,-0.021367,-0.015862,-0.046059,0,0,0,0,0
0.114796,-0.006878,-0.01109,-0.023308,-0.014568,-0.04347,0,0,0,0,0
0.114798,-0.005583,-0.009796,-0.024602,-0.012951,-0.040881,0,0,0,0,0
0.1148,-0.004936,-0.007854,-0.026866,-0.011011,-0.037969,0,0,0,0,0
0.114802,-0.004613,-0.00656,-0.02816,-0.00907,-0.03538,0,0,0,0,0
0.1148039999999999,-0.004613,-0.00656,-0.029454,-0.006483,-0.033438,0,0,0,0,0
0.1148059999999999,-0.004613,-0.006237,-0.031394,-0.004543,-0.030849,0,0,0,0,0
0.114808,-0.003966,-0.007207,-0.032688,-0.002279,-0.029879,0,0,0,0,0
0.11481,-0.002995,-0.008502,-0.033982,-1.5452e-05,-0.029231,0,0,0,0,0
0.114812,-0.002024,-0.011414,-0.035599,0.001601,-0.02826,0,0,0,0,0
0.114814,-0.001701,-0.014973,-0.03657,0.003218,-0.026966,0,0,0,0,0
0.114816,-0.001701,-0.017886,-0.03754,0.005159,-0.025024,0,0,0,0,0
0.1148179999999999,-0.002348,-0.021445,-0.037864,0.007099,-0.022435,0,0,0,0,0
0.1148199999999999,-0.002995,-0.024681,-0.039158,0.008716,-0.019523,0,0,0,0,0
0.114822,-0.003319,-0.026299,-0.039158,0.010656,-0.01661,0,0,0,0,0
0.114824,-0.003642,-0.026946,-0.040128,0.01195,-0.015316,0,0,0,0,0
0.114826,-0.002672,-0.02727,-0.039804,0.012597,-0.014669,0,0,0,0,0
0.114828,-0.001054,-0.02727,-0.040775,0.013244,-0.015316,0,0,0,0,0
0.11483,0.000887,-0.02727,-0.040775,0.013244,-0.01661,0,0,0,0,0
0.1148319999999999,0.003152,-0.028564,-0.041098,0.01389,-0.017905,0,0,0,0,0
0.1148339999999999,0.004446,-0.031153,-0.041098,0.01486,-0.018876,0,0,0,0,0
0.114836,0.005093,-0.034389,-0.040775,0.015831,-0.018228,0,0,0,0,0
0.114838,0.00477,-0.036977,-0.041098,0.017124,-0.017258,0,0,0,0,0
0.11484,0.003799,-0.038595,-0.041098,0.018741,-0.014992,0,0,0,0,0
0.114842,0.002182,-0.039242,-0.040775,0.021005,-0.013374,0,0,0,0,0
0.114844,0.001211,-0.037948,-0.040775,0.022945,-0.01208,0,0,0,0,0
0.1148459999999999,-0.000407,-0.035683,-0.040451,0.023915,-0.011756,0,0,0,0,0
0.1148479999999999,-0.00073,-0.033418,-0.039481,0.024562,-0.01208,0,0,0,0,0
0.11485,-0.000407,-0.0318,-0.039158,0.024562,-0.014021,0,0,0,0,0
0.114852,-8.3218e-05,-0.029858,-0.038187,0.024239,-0.014992,0,0,0,0,0
0.114854,0.000887,-0.027917,-0.03754,0.023269,-0.016934,0,0,0,0,0
0.114856,0.001858,-0.025975,-0.03657,0.022298,-0.019199,0,0,0,0,0
0.1148579999999999,0.001858,-0.023387,-0.035923,0.021328,-0.021141,0,0,0,0,0
0.1148599999999999,0.001535,-0.021122,-0.034306,0.020358,-0.022759,0,0,0,0,0
0.1148619999999999,0.001211,-0.017886,-0.033335,0.019065,-0.023406,0,0,0,0,0
0.114864,0.00024,-0.014326,-0.032365,0.017124,-0.024053,0,0,0,0,0
0.114866,-8.3218e-05,-0.01109,-0.031718,0.015831,-0.025348,0,0,0,0,0
0.114868,-0.001054,-0.008178,-0.031071,0.01389,-0.025995,0,0,0,0,0
0.11487,-0.001054,-0.005913,-0.030101,0.011627,-0.02729,0,0,0,0,0
0.1148719999999999,-0.002024,-0.003971,-0.029454,0.01001,-0.028584,0,0,0,0,0
0.1148739999999999,-0.002672,-0.003324,-0.02816,0.008069,-0.030202,0,0,0,0,0
0.1148759999999999,-0.003319,-0.003324,-0.026543,0.006776,-0.031497,0,0,0,0,0
0.114878,-0.004289,-0.003001,-0.025249,0.006129,-0.032144,0,0,0,0,0
0.11488,-0.00526,-0.004295,-0.023631,0.005159,-0.03182,0,0,0,0,0
0.114882,-0.006878,-0.004619,-0.021691,0.004835,-0.032144,0,0,0,0,0
0.114884,-0.007201,-0.004942,-0.02072,0.004512,-0.031173,0,0,0,0,0
0.1148859999999999,-0.007848,-0.004619,-0.01975,0.004189,-0.030849,0,0,0,0,0
0.1148879999999999,-0.007848,-0.003001,-0.019103,0.003865,-0.031173,0,0,0,0,0
0.1148899999999999,-0.007848,-0.002354,-0.017809,0.003542,-0.031173,0,0,0,0,0
0.114892,-0.007848,-0.00203,-0.017809,0.003542,-0.031497,0,0,0,0,0
0.114894,-0.008172,-0.00203,-0.016515,0.003865,-0.030526,0,0,0,0,0
0.114896,-0.009466,-0.003971,-0.016192,0.003865,-0.029879,0,0,0,0,0
0.114898,-0.011731,-0.006237,-0.015868,0.004835,-0.027613,0,0,0,0,0
0.1148999999999999,-0.013996,-0.008502,-0.016192,0.005482,-0.024701,0,0,0,0,0
0.1149019999999999,-0.015937,-0.01012,-0.015868,0.005806,-0.021141,0,0,0,0,0
0.1149039999999999,-0.017878,-0.01109,-0.016192,0.006452,-0.018228,0,0,0,0,0
0.114906,-0.018849,-0.011738,-0.016515,0.006776,-0.01564,0,0,0,0,0
0.114908,-0.019172,-0.011738,-0.016192,0.006129,-0.014345,0,0,0,0,0
0.11491,-0.018849,-0.012385,-0.016192,0.006129,-0.014021,0,0,0,0,0
0.114912,-0.017878,-0.013679,-0.015545,0.005806,-0.013374,0,0,0,0,0
0.1149139999999999,-0.017555,-0.015621,-0.014575,0.005806,-0.013051,0,0,0,0,0
0.1149159999999999,-0.016908,-0.017562,-0.014251,0.005806,-0.011756,0,0,0,0,0
0.1149179999999999,-0.016584,-0.019827,-0.012957,0.006129,-0.010138,0,0,0,0,0
0.11492,-0.016584,-0.020474,-0.011987,0.006129,-0.006902,0,0,0,0,0
0.114922,-0.017555,-0.021769,-0.01134,0.006129,-0.004637,0,0,0,0,0
0.114924,-0.017878,-0.022416,-0.010693,0.006129,-0.002048,0,0,0,0,0
0.114926,-0.018202,-0.022416,-0.01037,0.005806,0.000541,0,0,0,0,0
0.1149279999999999,-0.018202,-0.022416,-0.009723,0.005482,0.002483,0,0,0,0,0
0.1149299999999999,-0.017878,-0.022092,-0.008752,0.004835,0.004748,0,0,0,0,0
0.1149319999999999,-0.016584,-0.022416,-0.007782,0.004512,0.006366,0,0,0,0,0
0.114934,-0.01529,-0.022092,-0.007135,0.003865,0.007337,0,0,0,0,0
0.114936,-0.014319,-0.021769,-0.005841,0.003218,0.008308,0,0,0,0,0
0.114938,-0.013349,-0.022416,-0.005194,0.002895,0.009602,0,0,0,0,0
0.11494,-0.012378,-0.021769,-0.004224,0.002572,0.010897,0,0,0,0,0
0.1149419999999999,-0.011407,-0.021122,-0.0039,0.002248,0.012839,0,0,0,0,0
0.1149439999999999,-0.011084,-0.019504,-0.003253,0.001601,0.01478,0,0,0,0,0
0.1149459999999999,-0.01076,-0.015944,-0.00293,0.000631,0.016075,0,0,0,0,0
0.114948,-0.010113,-0.012385,-0.002607,-1.5452e-05,0.016398,0,0,0,0,0
0.11495,-0.009142,-0.007531,-0.002607,-0.001309,0.015427,0,0,0,0,0
0.114952,-0.007525,-0.003324,-0.003577,-0.002926,0.014457,0,0,0,0,0
0.114954,-0.005907,-0.000736,-0.003577,-0.004543,0.012515,0,0,0,0,0
0.1149559999999999,-0.004613,0.00153,-0.004224,-0.006483,0.011544,0,0,0,0,0
0.1149579999999999,-0.003966,0.002177,-0.004871,-0.008424,0.010573,0,0,0,0,0
0.1149599999999999,-0.003319,0.001853,-0.005518,-0.010364,0.010897,0,0,0,0,0
0.114962,-0.003966,0.002177,-0.005518,-0.011981,0.011868,0,0,0,0,0
0.114964,-0.003966,0.0025,-0.005841,-0.012951,0.013809,0,0,0,0,0
0.114966,-0.004936,0.005413,-0.006812,-0.014568,0.015751,0,0,0,0,0
0.114968,-0.004289,0.009296,-0.007135,-0.016185,0.017045,0,0,0,0,0
0.1149699999999999,-0.003319,0.012855,-0.007782,-0.017802,0.018016,0,0,0,0,0
0.1149719999999999,-0.001054,0.016414,-0.008752,-0.019742,0.01834,0,0,0,0,0
0.1149739999999999,0.001211,0.018356,-0.009723,-0.021036,0.01834,0,0,0,0,0
0.114976,0.003152,0.018356,-0.011016,-0.022653,0.018664,0,0,0,0,0
0.114978,0.004446,0.016091,-0.01231,-0.023623,0.019634,0,0,0,0,0
0.11498,0.005417,0.012208,-0.013281,-0.023623,0.022223,0,0,0,0,0
0.114982,0.005417,0.008325,-0.014251,-0.023623,0.025459,0,0,0,0,0
0.1149839999999999,0.005093,0.003795,-0.015221,-0.022976,0.02999,0,0,0,0,0
0.1149859999999999,0.00477,0.001206,-0.015868,-0.022653,0.033873,0,0,0,0,0
0.1149879999999999,0.00477,-0.000412,-0.016515,-0.021683,0.037757,0,0,0,0,0
0.11499,0.005417,-0.001383,-0.017486,-0.021036,0.040346,0,0,0,0,0
0.114992,0.006388,-0.001383,-0.01878,-0.020389,0.042287,0,0,0,0,0
0.114994,0.007682,-0.000736,-0.020073,-0.020712,0.042935,0,0,0,0,0
0.114996,0.009623,-0.000736,-0.020397,-0.020712,0.042935,0,0,0,0,0
0.1149979999999999,0.011888,0.000235,-0.021044,-0.021036,0.042287,0,0,0,0,0
0.1149999999999999,0.013506,0.000559,-0.02072,-0.020712,0.041964,0,0,0,0,0
0.115002,0.0148,0.000559,-0.020397,-0.020389,0.041317,0,0,0,0,0
0.115004,0.01577,-0.001383,-0.019426,-0.019419,0.040669,0,0,0,0,0
0.115006,0.016094,-0.003648,-0.01878,-0.018772,0.040346,0,0,0,0,0
0.115008,0.016418,-0.004942,-0.018133,-0.018449,0.040669,0,0,0,0,0
0.11501,0.017065,-0.005913,-0.018133,-0.017802,0.040993,0,0,0,0,0
0.1150119999999999,0.017712,-0.007207,-0.018456,-0.017155,0.041317,0,0,0,0,0
0.1150139999999999,0.018359,-0.007854,-0.018456,-0.017155,0.041964,0,0,0,0,0
0.115016,0.018682,-0.009472,-0.019103,-0.017155,0.042287,0,0,0,0,0
0.115018,0.019329,-0.009796,-0.019103,-0.017479,0.042611,0,0,0,0,0
0.11502,0.019653,-0.01012,-0.019103,-0.017802,0.042935,0,0,0,0,0
0.115022,0.019329,-0.01012,-0.01878,-0.017155,0.043582,0,0,0,0,0
0.115024,0.019006,-0.009149,-0.01975,-0.017802,0.0452,0,0,0,0,0
0.1150259999999999,0.019006,-0.007531,-0.020397,-0.018125,0.046171,0,0,0,0,0
0.1150279999999999,0.019653,-0.004619,-0.02072,-0.018449,0.046494,0,0,0,0,0
0.11503,0.0203,-0.00203,-0.02072,-0.019095,0.045847,0,0,0,0,0
0.115032,0.021271,0.000882,-0.021044,-0.020389,0.0452,0,0,0,0,0
0.115034,0.022241,0.004118,-0.02072,-0.021359,0.043258,0,0,0,0,0
0.115036,0.023212,0.005736,-0.020397,-0.022006,0.04164,0,0,0,0,0
0.115038,0.022565,0.006707,-0.01975,-0.022329,0.040669,0,0,0,0,0
0.1150399999999999,0.021594,0.007354,-0.01878,-0.022329,0.041317,0,0,0,0,0
0.1150419999999999,0.019977,0.008325,-0.017162,-0.021683,0.041964,0,0,0,0,0
0.115044,0.017712,0.009296,-0.016192,-0.020712,0.043258,0,0,0,0,0
0.115046,0.016094,0.010914,-0.015221,-0.019419,0.044229,0,0,0,0,0
0.115048,0.014476,0.013502,-0.014251,-0.018125,0.0452,0,0,0,0,0
0.11505,0.013182,0.015444,-0.013281,-0.017479,0.045847,0,0,0,0,0
0.115052,0.012211,0.017709,-0.01231,-0.016832,0.046494,0,0,0,0,0
0.1150539999999999,0.010917,0.019974,-0.011987,-0.016185,0.046818,0,0,0,0,0
0.1150559999999999,0.01027,0.021915,-0.011663,-0.016185,0.046818,0,0,0,0,0
0.115058,0.0093,0.022239,-0.011663,-0.015862,0.047142,0,0,0,0,0
0.11506,0.008005,0.022239,-0.011663,-0.015538,0.047789,0,0,0,0,0
0.115062,0.006064,0.021268,-0.011663,-0.015538,0.04876,0,0,0,0,0
0.115064,0.003799,0.020297,-0.011987,-0.015215,0.050054,0,0,0,0,0
0.115066,0.001211,0.019003,-0.01231,-0.014568,0.052319,0,0,0,0,0
0.1150679999999999,-0.001701,0.016738,-0.012957,-0.013921,0.053614,0,0,0,0,0
0.1150699999999999,-0.004613,0.015767,-0.013604,-0.013598,0.054908,0,0,0,0,0
0.115072,-0.006231,0.016091,-0.013604,-0.013274,0.055556,0,0,0,0,0
0.115074,-0.008172,0.017709,-0.013604,-0.012951,0.055556,0,0,0,0,0
0.115076,-0.009142,0.01868,-0.013604,-0.012951,0.054261,0,0,0,0,0
0.115078,-0.009466,0.019327,-0.013281,-0.012951,0.052643,0,0,0,0,0
0.1150799999999999,-0.009466,0.017709,-0.013281,-0.012628,0.051025,0,0,0,0,0
0.1150819999999999,-0.010113,0.015444,-0.013281,-0.011657,0.050054,0,0,0,0,0
0.1150839999999999,-0.011731,0.012208,-0.013281,-0.011011,0.049407,0,0,0,0,0
0.115086,-0.013349,0.009943,-0.013604,-0.009717,0.049407,0,0,0,0,0
0.115088,-0.01529,0.009619,-0.014251,-0.007777,0.050378,0,0,0,0,0
0.11509,-0.017555,0.01059,-0.013928,-0.00616,0.050054,0,0,0,0,0
0.115092,-0.018525,0.012531,-0.014575,-0.005836,0.049407,0,0,0,0,0
0.1150939999999999,-0.018202,0.014473,-0.014898,-0.005513,0.047465,0,0,0,0,0
0.1150959999999999,-0.017878,0.017385,-0.015545,-0.005513,0.044876,0,0,0,0,0
0.1150979999999999,-0.015937,0.019003,-0.016515,-0.005513,0.042287,0,0,0,0,0
0.1151,-0.014319,0.01868,-0.017486,-0.00519,0.039698,0,0,0,0,0
0.115102,-0.013672,0.018356,-0.018456,-0.004543,0.038728,0,0,0,0,0
0.115104,-0.013025,0.016091,-0.01975,-0.003573,0.039051,0,0,0,0,0
0.115106,-0.012378,0.013826,-0.021044,-0.001956,0.039051,0,0,0,0,0
0.1151079999999999,-0.012701,0.012855,-0.021691,-0.000339,0.040669,0,0,0,0,0
0.1151099999999999,-0.012378,0.012855,-0.022661,0.001925,0.04164,0,0,0,0,0
0.1151119999999999,-0.011731,0.013826,-0.022985,0.003865,0.04164,0,0,0,0,0
0.115114,-0.010437,0.014797,-0.023955,0.005482,0.040669,0,0,0,0,0
0.115116,-0.008819,0.015767,-0.024602,0.006452,0.039051,0,0,0,0,0
0.115118,-0.006554,0.016091,-0.025249,0.007423,0.036462,0,0,0,0,0
0.11512,-0.004936,0.015444,-0.025572,0.008716,0.034197,0,0,0,0,0
0.1151219999999999,-0.002995,0.014473,-0.025896,0.009686,0.031608,0,0,0,0,0
0.1151239999999999,-0.002024,0.012531,-0.025249,0.010656,0.030314,0,0,0,0,0
0.1151259999999999,-0.001377,0.011237,-0.024602,0.011627,0.029343,0,0,0,0,0
0.115128,-0.001377,0.010266,-0.023955,0.012597,0.029666,0,0,0,0,0
0.11513,-0.001377,0.009943,-0.023631,0.01389,0.030637,0,0,0,0,0
0.115132,-0.002348,0.009943,-0.022985,0.014214,0.031932,0,0,0,0,0
0.115134,-0.002348,0.010266,-0.022985,0.01389,0.032255,0,0,0,0,0
0.1151359999999999,-0.002024,0.01059,-0.022661,0.012597,0.032579,0,0,0,0,0
0.1151379999999999,-0.001701,0.01059,-0.022338,0.011627,0.032255,0,0,0,0,0
0.1151399999999999,-0.001054,0.009619,-0.021367,0.01001,0.031608,0,0,0,0,0
0.115142,-0.000407,0.008648,-0.020073,0.008393,0.031285,0,0,0,0,0
0.115144,-0.001054,0.00703,-0.018133,0.006452,0.030637,0,0,0,0,0
0.115146,-0.001054,0.004118,-0.016192,0.004835,0.031285,0,0,0,0,0
0.115148,-0.002024,0.001206,-0.014251,0.003218,0.031932,0,0,0,0,0
0.1151499999999999,-0.002348,-0.000736,-0.011663,0.001278,0.033873,0,0,0,0,0
0.1151519999999999,-0.003642,-0.001059,-0.010046,-0.000339,0.034844,0,0,0,0,0
0.1151539999999999,-0.003966,-0.001383,-0.008429,-0.002279,0.036139,0,0,0,0,0
0.115156,-0.003966,-0.001059,-0.007135,-0.003573,0.036786,0,0,0,0,0
0.115158,-0.003319,-0.000736,-0.005518,-0.00519,0.037757,0,0,0,0,0
0.11516,-0.002995,-0.000736,-0.0039,-0.006807,0.038728,0,0,0,0,0
0.115162,-0.002995,-0.001059,-0.003577,-0.007453,0.039051,0,0,0,0,0
0.1151639999999999,-0.002995,-0.002677,-0.00293,-0.008424,0.040346,0,0,0,0,0
0.1151659999999999,-0.003642,-0.00203,-0.00196,-0.008424,0.041964,0,0,0,0,0
0.1151679999999999,-0.003966,0.000235,-0.001313,-0.00907,0.043582,0,0,0,0,0
0.11517,-0.00526,0.002177,-0.001313,-0.009394,0.044553,0,0,0,0,0
0.115172,-0.005583,0.005413,-0.00196,-0.010041,0.044553,0,0,0,0,0
0.115174,-0.005907,0.008648,-0.002283,-0.010687,0.043582,0,0,0,0,0
0.115176,-0.005583,0.011561,-0.003253,-0.011981,0.042611,0,0,0,0,0
0.1151779999999999,-0.004936,0.012855,-0.004224,-0.012628,0.040993,0,0,0,0,0
0.1151799999999999,-0.004936,0.012855,-0.005518,-0.013921,0.039051,0,0,0,0,0
0.1151819999999999,-0.004289,0.011561,-0.006812,-0.015215,0.03711,0,0,0,0,0
0.115184,-0.003966,0.009619,-0.008105,-0.016185,0.035168,0,0,0,0,0
0.115186,-0.002995,0.007354,-0.009076,-0.016508,0.033873,0,0,0,0,0
0.115188,-0.002672,0.004442,-0.010046,-0.017155,0.031932,0,0,0,0,0
0.11519,-0.002348,0.00153,-0.011016,-0.017479,0.030637,0,0,0,0,0
0.1151919999999999,-0.001377,-0.001059,-0.01134,-0.017802,0.028696,0,0,0,0,0
0.1151939999999999,-0.00073,-0.002677,-0.011987,-0.017479,0.02643,0,0,0,0,0
0.1151959999999999,0.00024,-0.004295,-0.01231,-0.018125,0.023518,0,0,0,0,0
0.115198,0.002182,-0.004942,-0.012957,-0.019095,0.019958,0,0,0,0,0
0.1152,0.004446,-0.005266,-0.013604,-0.020389,0.015751,0,0,0,0,0
0.115202,0.006064,-0.006884,-0.014251,-0.022006,0.010897,0,0,0,0,0
0.115204,0.008005,-0.008825,-0.015545,-0.023946,0.00669,0,0,0,0,0
0.1152059999999999,0.009623,-0.012385,-0.015868,-0.02524,0.00313,0,0,0,0,0
0.1152079999999999,0.009947,-0.016268,-0.017162,-0.02718,-0.000106,0,0,0,0,0
0.1152099999999999,0.010594,-0.018856,-0.018133,-0.027827,-0.002048,0,0,0,0,0
0.115212,0.010917,-0.020151,-0.01975,-0.028474,-0.003989,0,0,0,0,0
0.115214,0.011564,-0.020798,-0.022014,-0.029444,-0.006902,0,0,0,0,0
0.115216,0.012211,-0.021122,-0.024278,-0.029767,-0.009814,0,0,0,0,0
0.115218,0.013506,-0.020798,-0.026543,-0.029767,-0.012403,0,0,0,0,0
0.1152199999999999,0.0148,-0.020151,-0.029454,-0.030414,-0.016287,0,0,0,0,0
0.1152219999999999,0.016094,-0.020798,-0.031718,-0.030738,-0.018552,0,0,0,0,0
0.115224,0.017065,-0.022092,-0.034306,-0.031061,-0.020494,0,0,0,0,0
0.115226,0.017712,-0.02371,-0.037217,-0.031061,-0.021465,0,0,0,0,0
0.115228,0.016741,-0.025005,-0.039158,-0.030091,-0.022435,0,0,0,0,0
0.11523,0.016418,-0.025005,-0.041745,-0.029767,-0.022435,0,0,0,0,0
0.115232,0.015447,-0.025652,-0.043362,-0.029444,-0.023406,0,0,0,0,0
0.1152339999999999,0.014476,-0.023387,-0.04498,-0.029444,-0.024701,0,0,0,0,0
0.1152359999999999,0.014153,-0.020474,-0.046274,-0.029767,-0.026642,0,0,0,0,0
0.115238,0.014476,-0.018533,-0.047244,-0.031061,-0.028908,0,0,0,0,0
0.11524,0.014476,-0.016268,-0.047891,-0.032354,-0.031497,0,0,0,0,0
0.115242,0.015123,-0.015621,-0.048214,-0.033971,-0.034409,0,0,0,0,0
0.115244,0.01577,-0.015297,-0.046921,-0.035912,-0.036674,0,0,0,0,0
0.115246,0.015447,-0.016915,-0.046274,-0.037529,-0.039263,0,0,0,0,0
0.1152479999999999,0.014476,-0.018856,-0.044009,-0.038499,-0.040558,0,0,0,0,0
0.1152499999999999,0.013506,-0.018856,-0.042069,-0.039469,-0.041529,0,0,0,0,0
0.115252,0.011564,-0.018856,-0.039804,-0.039792,-0.041529,0,0,0,0,0
0.115254,0.01027,-0.017562,-0.038187,-0.040116,-0.041852,0,0,0,0,0
0.115256,0.0093,-0.013355,-0.036246,-0.041086,-0.042176,0,0,0,0,0
0.115258,0.009623,-0.009796,-0.033982,-0.041409,-0.043794,0,0,0,0,0
0.11526,0.010917,-0.006237,-0.031718,-0.042056,-0.046706,0,0,0,0,0
0.1152619999999999,0.013182,-0.004942,-0.030101,-0.043673,-0.048972,0,0,0,0,0
0.1152639999999999,0.016094,-0.004619,-0.028483,-0.044643,-0.051561,0,0,0,0,0
0.115266,0.019653,-0.005589,-0.026219,-0.044967,-0.053826,0,0,0,0,0
0.115268,0.022241,-0.008502,-0.024602,-0.044967,-0.05512,0,0,0,0,0
0.11527,0.02483,-0.011414,-0.022985,-0.04432,-0.054797,0,0,0,0,0
0.115272,0.027418,-0.013679,-0.021044,-0.04335,-0.053826,0,0,0,0,0
0.115274,0.03033,-0.016268,-0.019426,-0.042056,-0.051884,0,0,0,0,0
0.1152759999999999,0.033242,-0.017238,-0.017809,-0.040439,-0.050913,0,0,0,0,0
0.1152779999999999,0.037771,-0.017238,-0.016515,-0.039469,-0.050266,0,0,0,0,0
0.11528,0.042301,-0.016591,-0.015221,-0.038175,-0.050266,0,0,0,0,0
0.115282,0.047801,-0.016268,-0.014251,-0.037529,-0.050913,0,0,0,0,0
0.115284,0.054919,-0.016915,-0.012634,-0.036882,-0.050913,0,0,0,0,0
0.115286,0.061714,-0.017238,-0.011663,-0.035588,-0.05059,0,0,0,0,0
0.115288,0.068508,-0.017238,-0.010693,-0.034295,-0.049943,0,0,0,0,0
0.1152899999999999,0.076273,-0.017238,-0.009399,-0.033325,-0.048648,0,0,0,0,0
0.1152919999999999,0.084038,-0.017238,-0.008429,-0.032678,-0.047354,0,0,0,0,0
0.115294,0.092127,-0.017562,-0.007458,-0.032031,-0.045736,0,0,0,0,0
0.115296,0.101186,-0.016591,-0.006488,-0.032031,-0.045088,1,0,0,0,0
0.115298,0.109598,-0.017562,-0.005518,-0.032354,-0.044441,1,0,0,0,0
0.1153,0.118981,-0.018533,-0.004224,-0.033001,-0.044441,1,0,0,0,0
0.115302,0.127393,-0.020151,-0.002283,-0.033971,-0.044441,1,0,0,0,0
0.1153039999999999,0.135158,-0.022092,-0.000666,-0.034618,-0.044765,1,0,0,0,0
0.1153059999999999,0.1426,-0.023063,0.001922,-0.034942,-0.044441,1,0,0,0,0
0.115308,0.148423,-0.025652,0.003863,-0.034942,-0.044441,1,0,0,0,0
0.11531,0.154247,-0.025975,0.006127,-0.033971,-0.043794,1,0,0,0,0
0.115312,0.158777,-0.025652,0.008068,-0.033325,-0.04347,1,0,0,0,0
0.115314,0.163307,-0.025652,0.010332,-0.032031,-0.043147,1,0,0,0,0
0.1153159999999999,0.166865,-0.02371,0.011949,-0.031061,-0.043794,1,0,0,0,0
0.1153179999999999,0.170101,-0.020474,0.013566,-0.029767,-0.044765,1,0,0,0,0
0.1153199999999999,0.173336,-0.016591,0.015184,-0.028797,-0.045412,1,0,0,0,0
0.115322,0.176572,-0.013679,0.016801,-0.028474,-0.047354,1,0,0,0,0
0.115324,0.17916,-0.009796,0.017771,-0.027827,-0.048648,1,0,0,0,0
0.115326,0.181749,-0.006237,0.019065,-0.027504,-0.049295,1,0,0,0,0
0.115328,0.182719,-0.003324,0.020036,-0.026857,-0.049619,1,0,0,0,0
0.1153299999999999,0.182719,-0.001706,0.020683,-0.025887,-0.048648,1,0,0,0,0
0.1153319999999999,0.182072,0.001206,0.02133,-0.025563,-0.04703,1,0,0,0,0
0.1153339999999999,0.180131,0.005736,0.021976,-0.02524,-0.044441,1,0,0,0,0
0.115336,0.177866,0.01059,0.021976,-0.024593,-0.042499,1,0,0,0,0
0.115338,0.175278,0.016414,0.022623,-0.024593,-0.041205,1,0,0,0,0
0.11534,0.172366,0.02321,0.0223,-0.025563,-0.040234,1,0,0,0,0
0.115342,0.16913,0.030652,0.02327,-0.025887,-0.040558,1,0,0,0,0
0.1153439999999999,0.165895,0.037124,0.024564,-0.026533,-0.040881,1,0,0,0,0
0.1153459999999999,0.162012,0.042625,0.025211,-0.026857,-0.040881,1,0,0,0,0
0.1153479999999999,0.157806,0.048126,0.025858,-0.02718,-0.040881,1,0,0,0,0
0.11535,0.152306,0.053303,0.026828,-0.026857,-0.040558,1,0,0,0,0
0.115352,0.147129,0.058481,0.027475,-0.02621,-0.039263,1,0,0,0,0
0.115354,0.141306,0.064305,0.028446,-0.025563,-0.037969,1,0,0,0,0
0.115356,0.134511,0.072718,0.029416,-0.02524,-0.036674,1,0,0,0,0
0.1153579999999999,0.12804,0.080808,0.030063,-0.02427,-0.036027,1,0,0,0,0
0.1153599999999999,0.122216,0.089545,0.031033,-0.023946,-0.03538,1,0,0,0,0
0.1153619999999999,0.116393,0.099252,0.03168,-0.022976,-0.03538,1,0,0,0,0
0.115364,0.110569,0.10896,0.032327,-0.022653,-0.03538,1,1,0,0,0
0.115366,0.104745,0.117697,0.032651,-0.022653,-0.036027,1,1,0,0,0
0.115368,0.099245,0.127081,0.032974,-0.022653,-0.035704,0,1,0,0,0
0.11537,0.092774,0.135171,0.033621,-0.022006,-0.036027,0,1,0,0,0
0.1153719999999999,0.085979,0.143907,0.034268,-0.021036,-0.036027,0,1,0,0,0
0.1153739999999999,0.078862,0.152968,0.034591,-0.019742,-0.035056,0,1,0,0,0
0.1153759999999999,0.07142,0.162675,0.036532,-0.018125,-0.034409,0,1,0,0,0
0.115378,0.064302,0.174648,0.037503,-0.017479,-0.033762,0,1,0,0,0
0.11538,0.057508,0.188562,0.038473,-0.016832,-0.034086,0,1,0,0,0
0.115382,0.05136,0.202153,0.039443,-0.017479,-0.034086,0,1,0,0,0
0.115384,0.045536,0.215743,0.040414,-0.018125,-0.035704,0,1,0,0,0
0.1153859999999999,0.039389,0.228363,0.040737,-0.018772,-0.036998,0,1,0,0,0
0.1153879999999999,0.033242,0.240983,0.041061,-0.019095,-0.038293,0,1,0,0,0
0.1153899999999999,0.026447,0.251338,0.041384,-0.019095,-0.038616,0,1,0,0,0
0.115392,0.018682,0.260722,0.041707,-0.017802,-0.038293,0,1,0,0,0
0.115394,0.010917,0.270753,0.042031,-0.016832,-0.037322,0,1,0,0,0
0.115396,0.003152,0.281108,0.041707,-0.015538,-0.036027,0,1,0,0,0
0.115398,-0.003642,0.291786,0.041707,-0.014245,-0.03538,0,1,0,0,0
0.1153999999999999,-0.010113,0.300847,0.041384,-0.013598,-0.036027,0,1,0,0,0
0.1154019999999999,-0.015613,0.30926,0.041384,-0.012304,-0.037322,0,1,0,0,0
0.1154039999999999,-0.020143,0.315408,0.041384,-0.011981,-0.039587,0,1,0,0,0
0.115406,-0.024349,0.318644,0.041384,-0.011657,-0.041852,0,1,0,0,0
0.115408,-0.027908,0.320585,0.041384,-0.011011,-0.043794,0,1,0,0,0
0.11541,-0.031791,0.318967,0.040414,-0.010041,-0.045412,0,1,0,0,0
0.115412,-0.035673,0.316702,0.039443,-0.008747,-0.046059,0,1,0,0,0
0.1154139999999999,-0.039556,0.314114,0.038149,-0.007453,-0.046383,0,1,0,0,0
0.1154159999999999,-0.043115,0.310878,0.036532,-0.005513,-0.046383,0,1,0,0,0
0.1154179999999999,-0.045703,0.308936,0.035238,-0.003896,-0.047354,0,1,0,0,0
0.11542,-0.047968,0.306024,0.033621,-0.002279,-0.047677,0,1,0,0,0
0.115422,-0.049262,0.302141,0.032327,-0.001309,-0.048325,0,1,0,0,0
0.115424,-0.050233,0.297934,0.031033,-0.000662,-0.048648,0,1,0,0,0
0.115426,-0.05088,0.29211,0.029739,0.000308,-0.048648,0,1,0,0,0
0.1154279999999999,-0.051527,0.285638,0.028446,0.000631,-0.048325,0,1,0,0,0
0.1154299999999999,-0.053468,0.277872,0.028122,0.001278,-0.048001,0,1,0,0,0
0.1154319999999999,-0.055409,0.269135,0.027152,0.001925,-0.046059,0,1,0,0,0
0.115434,-0.057998,0.259751,0.025858,0.002572,-0.044118,0,1,0,0,0
0.115436,-0.061233,0.251014,0.025534,0.003218,-0.041529,0,1,0,0,0
0.115438,-0.064792,0.243895,0.024564,0.003218,-0.039587,0,1,0,0,0
0.11544,-0.067704,0.236453,0.024241,0.002895,-0.037322,0,1,0,0,0
0.1154419999999999,-0.070939,0.230305,0.024564,0.002248,-0.036674,0,1,0,0,0
0.1154439999999999,-0.073204,0.224157,0.024564,0.001278,-0.036027,0,1,0,0,0
0.115446,-0.075469,0.216391,0.025534,-0.000339,-0.035704,0,1,0,0,0
0.115448,-0.076763,0.208301,0.027152,-0.001309,-0.036027,0,1,0,0,0
0.11545,-0.078704,0.198917,0.029093,-0.002603,-0.035056,0,1,0,0,0
0.115452,-0.081293,0.188239,0.030386,-0.003573,-0.034086,0,1,0,0,0
0.115454,-0.083558,0.17756,0.031357,-0.00422,-0.032144,0,1,0,0,0
0.1154559999999999,-0.085822,0.166882,0.032327,-0.00519,-0.029555,0,1,0,0,0
0.1154579999999999,-0.087764,0.157822,0.033944,-0.005513,-0.027613,0,1,0,0,0
0.11546,-0.089381,0.150703,0.034591,-0.005836,-0.026319,0,1,0,0,0
0.115462,-0.089705,0.142937,0.036209,-0.005836,-0.026319,0,1,0,0,0
0.115464,-0.090352,0.135494,0.037826,-0.006483,-0.026966,0,1,0,0,0
0.115466,-0.089705,0.127728,0.039767,-0.006483,-0.027613,0,1,0,0,0
0.115468,-0.089381,0.11802,0.042354,-0.007453,-0.028908,0,1,0,0,0
0.1154699999999999,-0.089705,0.107019,0.044942,-0.007777,-0.029555,0,1,0,0,0
0.1154719999999999,-0.089381,0.095369,0.047853,-0.0081,-0.029231,0,0,0,0,0
0.115474,-0.090676,0.084691,0.051411,-0.008424,-0.028584,0,0,0,0,0
0.115476,-0.090676,0.074336,0.055616,-0.008747,-0.02729,0,0,0,0,0
0.115478,-0.09197,0.063982,0.059821,-0.00907,-0.026966,0,0,0,0,0
0.11548,-0.09294,0.054921,0.06532,-0.00907,-0.026319,0,0,0,0,0
0.115482,-0.093911,0.046184,0.071142,-0.00907,-0.026642,0,0,0,0,0
0.1154839999999999,-0.094235,0.0368,0.077612,-0.008424,-0.026966,0,0,0,0,0
0.1154859999999999,-0.094558,0.027416,0.085051,-0.0081,-0.026966,0,0,0,0,0
0.115488,-0.094882,0.019003,0.092814,-0.007777,-0.02729,0,0,0,0,0
0.11549,-0.095852,0.01059,0.101548,-0.007453,-0.026966,0,0,1,0,0
0.115492,-0.096176,0.003147,0.110281,-0.007453,-0.026642,0,0,1,0,0
0.115494,-0.096823,-0.005589,0.118691,-0.00713,-0.025024,0,0,1,0,0
0.115496,-0.09747,-0.013032,0.127748,-0.006483,-0.02373,0,0,1,0,0
0.1154979999999999,-0.09747,-0.019504,0.136481,-0.006483,-0.022112,0,0,1,0,0
0.1154999999999999,-0.097794,-0.025975,0.144244,-0.006483,-0.020494,0,0,1,0,0
0.115502,-0.098117,-0.030506,0.152654,-0.00616,-0.018228,0,0,1,0,0
0.115504,-0.09747,-0.033418,0.160741,-0.006807,-0.017258,0,0,1,0,0
0.115506,-0.095852,-0.03633,0.168504,-0.00713,-0.01661,0,0,1,0,0
0.115508,-0.094558,-0.039242,0.176267,-0.007453,-0.016934,0,0,1,0,0
0.11551,-0.093587,-0.043449,0.18403,-0.007777,-0.017581,0,0,1,0,0
0.1155119999999999,-0.09294,-0.048303,0.191793,-0.007453,-0.017581,0,0,1,0,0
0.1155139999999999,-0.093264,-0.054774,0.199556,-0.006807,-0.016934,0,0,1,0,0
0.115516,-0.093911,-0.059952,0.206672,-0.00519,-0.015316,0,0,1,0,0
0.115518,-0.095529,-0.064482,0.212494,-0.003573,-0.013374,0,0,1,0,0
0.11552,-0.096499,-0.066424,0.217993,-0.001632,-0.011756,0,0,1,0,0
0.115522,-0.096823,-0.067718,0.222845,-0.000339,-0.010785,0,0,1,0,0
0.115524,-0.096176,-0.069012,0.22608,0.001601,-0.011109,0,0,1,0,0
0.1155259999999999,-0.095529,-0.069659,0.228344,0.002572,-0.011756,0,0,1,0,0
0.1155279999999999,-0.093587,-0.070307,0.230285,0.003865,-0.013374,0,0,1,0,0
0.11553,-0.091646,-0.072895,0.231255,0.004512,-0.014345,0,0,1,0,0
0.115532,-0.090676,-0.076131,0.231579,0.005806,-0.014345,0,0,1,0,0
0.115534,-0.089705,-0.079043,0.231255,0.007423,-0.014345,0,0,1,0,0
0.115536,-0.088734,-0.080985,0.229961,0.009363,-0.014021,0,0,1,0,0
0.1155379999999999,-0.089058,-0.08325,0.22802,0.01098,-0.014021,0,0,1,0,0
0.1155399999999999,-0.088087,-0.084544,0.224786,0.01292,-0.013374,0,0,1,0,0
0.1155419999999999,-0.087764,-0.084544,0.221551,0.01486,-0.014021,0,0,1,0,0
0.115544,-0.086469,-0.084544,0.21767,0.016477,-0.014669,0,0,1,0,0
0.115546,-0.085175,-0.084221,0.212818,0.017771,-0.015963,0,0,1,0,0
0.115548,-0.08291,-0.083574,0.208289,0.019388,-0.016934,0,0,1,0,0
0.11555,-0.080969,-0.083574,0.202791,0.020358,-0.018228,0,0,1,0,0
0.1155519999999999,-0.079675,-0.084544,0.196645,0.021328,-0.019523,0,0,1,0,0
0.1155539999999999,-0.079028,-0.085515,0.191146,0.022622,-0.019523,0,0,1,0,0
0.1155559999999999,-0.079028,-0.087133,0.185647,0.024239,-0.019847,0,0,1,0,0
0.115558,-0.079351,-0.08778,0.179178,0.026826,-0.018552,0,0,1,0,0
0.11556,-0.079675,-0.088427,0.173679,0.029736,-0.017581,0,0,1,0,0
0.115562,-0.080322,-0.088751,0.166887,0.033617,-0.016287,0,0,1,0,0
0.115564,-0.079999,-0.08778,0.161064,0.037498,-0.014992,0,0,1,0,0
0.1155659999999999,-0.079351,-0.085839,0.153948,0.042349,-0.014345,0,0,1,0,0
0.1155679999999999,-0.078704,-0.084544,0.147802,0.047846,-0.014021,0,0,1,0,0
0.1155699999999999,-0.077734,-0.085192,0.141333,0.053667,-0.014021,0,0,1,0,0
0.115572,-0.077087,-0.085839,0.135187,0.060135,-0.014021,0,0,1,0,0
0.115574,-0.077734,-0.087457,0.128718,0.067896,-0.013051,0,0,1,0,0
0.115576,-0.077734,-0.089075,0.123219,0.076305,-0.011433,0,0,1,0,0
0.115578,-0.078704,-0.090369,0.117721,0.085036,-0.009814,0,0,1,0,0
0.1155799999999999,-0.079675,-0.090045,0.111251,0.093768,-0.007873,0,0,1,0,0
0.1155819999999999,-0.079675,-0.089722,0.105106,0.102499,-0.006578,0,0,1,1,0
0.1155839999999999,-0.079351,-0.088427,0.098636,0.111554,-0.005931,0,0,0,1,0
0.115586,-0.079028,-0.087133,0.092167,0.119962,-0.005607,0,0,0,1,0
0.115588,-0.078381,-0.086486,0.085698,0.129017,-0.005284,0,0,0,1,0
0.11559,-0.077734,-0.086162,0.078905,0.137102,-0.004637,0,0,0,1,0
0.115592,-0.07741,-0.088104,0.072436,0.14551,-0.003666,0,0,0,1,0
0.1155939999999999,-0.078381,-0.090045,0.065967,0.153918,-0.001724,0,0,0,1,0
0.1155959999999999,-0.079028,-0.091663,0.059174,0.162003,0.000218,0,0,0,1,0
0.1155979999999999,-0.080322,-0.092634,0.052382,0.170088,0.002806,0,0,0,1,0
0.1156,-0.081616,-0.093605,0.045912,0.176879,0.004748,0,0,0,1,0
0.115602,-0.082587,-0.094576,0.039443,0.18367,0.006366,0,0,0,1,0
0.115604,-0.08291,-0.094252,0.032651,0.188844,0.00669,0,0,0,1,0
0.115606,-0.082587,-0.094576,0.026505,0.193695,0.00669,0,0,0,1,0
0.1156079999999999,-0.082263,-0.096193,0.020683,0.197576,0.006366,0,0,0,1,0
0.1156099999999999,-0.08194,-0.098135,0.014537,0.201133,0.006366,0,0,0,1,0
0.1156119999999999,-0.081293,-0.099429,0.008715,0.20372,0.006366,0,0,0,1,0
0.115614,-0.081616,-0.101047,0.003863,0.205337,0.007013,0,0,0,1,0
0.115616,-0.082263,-0.102018,-0.001313,0.206307,0.007984,0,0,0,1,0
0.115618,-0.08291,-0.102665,-0.006165,0.206954,0.009926,0,0,0,1,0
0.11562,-0.084205,-0.102018,-0.011016,0.205984,0.01122,0,0,0,1,0
0.1156219999999999,-0.084852,-0.100724,-0.014898,0.205337,0.013162,0,0,0,1,0
0.1156239999999999,-0.085499,-0.099429,-0.01878,0.203397,0.013809,0,0,0,1,0
0.1156259999999999,-0.085175,-0.097164,-0.022014,0.200486,0.01478,0,0,0,1,0
0.115628,-0.084852,-0.094899,-0.025572,0.197576,0.01478,0,0,0,1,0
0.11563,-0.084205,-0.093605,-0.028483,0.194342,0.014457,0,0,0,1,0
0.115632,-0.083881,-0.09231,-0.030748,0.190785,0.014457,0,0,0,1,0
0.115634,-0.083234,-0.092958,-0.033982,0.187551,0.014133,0,0,0,1,0
0.1156359999999999,-0.083234,-0.094899,-0.035923,0.184317,0.015427,0,0,0,1,0
0.1156379999999999,-0.083558,-0.097164,-0.038187,0.182053,0.017693,0,0,0,1,0
0.1156399999999999,-0.085175,-0.099753,-0.040451,0.178819,0.021252,0,0,0,1,0
0.115642,-0.085822,-0.100724,-0.042716,0.175909,0.025136,0,0,0,1,0
0.115644,-0.086469,-0.101047,-0.044656,0.172675,0.029343,0,0,0,1,0
0.115646,-0.086469,-0.099429,-0.046274,0.168794,0.033873,0,0,0,1,0
0.115648,-0.085175,-0.097811,-0.047891,0.163943,0.03808,0,0,0,1,0
0.1156499999999999,-0.082587,-0.096517,-0.049185,0.159092,0.041964,0,0,0,1,0
0.1156519999999999,-0.080322,-0.095546,-0.050802,0.153918,0.046171,0,0,0,1,0
0.1156539999999999,-0.078381,-0.096193,-0.051449,0.148421,0.051672,0,0,0,1,0
0.115656,-0.07644,-0.097811,-0.053066,0.1426,0.058792,0,0,0,1,0
0.115658,-0.075793,-0.100076,-0.054684,0.137749,0.067206,0,0,0,1,0
0.11566,-0.075145,-0.101371,-0.056948,0.132898,0.07659,0,0,0,1,0
0.115662,-0.074822,-0.102018,-0.058889,0.12837,0.08727,0,0,0,1,0
0.1156639999999999,-0.074498,-0.101694,-0.0618,0.123843,0.097302,0,0,0,1,0
0.1156659999999999,-0.072881,-0.100724,-0.064711,0.119315,0.107334,0,0,0,1,1
0.1156679999999999,-0.071586,-0.099106,-0.067945,0.114141,0.116395,0,0,0,1,1
0.11567,-0.068998,-0.099106,-0.070533,0.108644,0.125133,0,0,0,1,1
0.115672,-0.066733,-0.099429,-0.073768,0.102823,0.134194,0,0,0,1,1
0.115674,-0.064145,-0.100076,-0.077326,0.097002,0.143255,0,0,0,0,1
0.115676,-0.06188,-0.101694,-0.079913,0.090857,0.15264,0,0,0,0,1
0.1156779999999999,-0.060262,-0.102342,-0.082825,0.085036,0.163319,0,0,0,0,1
0.1156799999999999,-0.059292,-0.102665,-0.084765,0.079862,0.174646,0,0,0,0,1
0.115682,-0.058321,-0.102342,-0.087353,0.074688,0.186619,0,0,0,0,1
0.115684,-0.057027,-0.100076,-0.089941,0.069513,0.198269,0,0,0,0,1
0.115686,-0.055409,-0.098135,-0.092528,0.064339,0.209596,0,0,0,0,1
0.115688,-0.053792,-0.095223,-0.09544,0.058842,0.220922,0,0,0,0,1
0.11569,-0.05185,-0.09231,-0.097704,0.052697,0.231925,0,0,0,0,1
0.1156919999999999,-0.050233,-0.089722,-0.100291,0.046876,0.242604,0,0,0,0,1
0.1156939999999999,-0.047968,-0.087457,-0.101909,0.041055,0.253607,0,0,0,0,1
0.115696,-0.046026,-0.087133,-0.104173,0.035234,0.263963,0,0,0,0,1
0.115698,-0.044732,-0.086809,-0.10579,0.029736,0.274319,0,0,0,0,1
0.1157,-0.043762,-0.086162,-0.107731,0.023915,0.285322,0,0,0,0,1
0.115702,-0.042467,-0.086162,-0.109348,0.018741,0.29503,0,0,0,0,1
0.115704,-0.04085,-0.084544,-0.110966,0.01292,0.304415,0,0,0,0,1
0.1157059999999999,-0.038908,-0.081632,-0.112906,0.007099,0.312829,0,0,0,0,1
0.1157079999999999,-0.03632,-0.078073,-0.1142,0.000955,0.319301,0,0,0,0,1
0.11571,-0.034055,-0.07419,-0.115494,-0.00519,0.324479,0,0,0,0,1
0.115712,-0.031791,-0.071277,-0.115818,-0.011011,0.329333,0,0,0,0,1
0.115714,-0.029202,-0.069336,-0.117111,-0.016185,0.332246,0,0,0,0,1
0.115716,-0.027261,-0.068041,-0.116464,-0.021359,0.334834,0,0,0,0,1
0.115718,-0.025643,-0.067394,-0.116141,-0.025887,0.3371,0,0,0,0,1
0.1157199999999999,-0.023378,-0.066747,-0.116141,-0.029767,0.338394,0,0,0,0,1
0.1157219999999999,-0.022084,-0.064806,-0.116141,-0.033325,0.338394,0,0,0,0,1
0.115724,-0.020143,-0.063188,-0.116141,-0.037205,0.337423,0,0,0,0,1
0.115726,-0.018202,-0.06157,-0.115494,-0.040763,0.334834,0,0,0,0,1
0.115728,-0.01529,-0.060923,-0.114847,-0.044967,0.32998,0,0,0,0,1
0.11573,-0.012378,-0.060923,-0.113553,-0.048524,0.324155,0,0,0,0,1
0.115732,-0.00979,-0.06157,-0.112259,-0.052405,0.317359,0,0,0,0,1
0.1157339999999999,-0.007201,-0.064158,-0.110642,-0.055962,0.31024,0,0,0,0,1
0.1157359999999999,-0.005583,-0.068365,-0.109348,-0.058872,0.304091,0,0,0,0,1
0.115738,-0.004936,-0.071277,-0.108054,-0.061783,0.297942,0,0,0,0,1
0.11574,-0.004289,-0.07419,-0.107084,-0.06437,0.291147,0,0,0,0,1
0.115742,-0.003966,-0.077425,-0.106114,-0.066634,0.284998,0,0,0,0,1
0.115744,-0.004289,-0.079691,-0.10482,-0.069221,0.278202,0,0,0,0,1
0.115746,-0.003966,-0.081632,-0.103526,-0.071485,0.270435,0,0,0,0,1
0.1157479999999999,-0.003319,-0.084544,-0.102556,-0.073425,0.262021,0,0,0,0,1
0.1157499999999999,-0.002995,-0.088751,-0.102232,-0.075689,0.252636,0,0,0,0,1
0.115752,-0.001377,-0.09231,-0.101585,-0.077629,0.242928,0,0,0,0,1
0.115754,-0.000407,-0.096517,-0.100291,-0.079246,0.23322,0,0,0,0,1
0.115756,0.000887,-0.101371,-0.099645,-0.081186,0.223188,0,0,0,0,1
0.115758,0.001211,-0.106225,-0.098674,-0.081833,0.213479,0,0,0,0,1
0.1157599999999999,0.001858,-0.111402,-0.098027,-0.081833,0.203771,0,0,0,0,1
0.1157619999999999,0.002182,-0.114961,-0.097704,-0.08151,0.194386,0,0,0,0,1
0.1157639999999999,0.002182,-0.11755,-0.096733,-0.080216,0.185001,0,0,0,0,1
0.115766,0.002182,-0.119492,-0.096733,-0.079246,0.174969,0,0,0,0,1
0.115768,0.002505,-0.118844,-0.09738,-0.077306,0.164937,0,0,0,0,1
0.11577,0.003476,-0.116903,-0.097704,-0.075365,0.153934,0,0,0,0,1
0.115772,0.00477,-0.114638,-0.098674,-0.073748,0.142931,0,0,0,0,1
0.1157739999999999,0.006711,-0.11302,-0.098998,-0.071808,0.131928,0,0,0,0,1
0.1157759999999999,0.008652,-0.112696,-0.099968,-0.070191,0.120926,0,0,0,0,1
0.1157779999999999,0.009623,-0.112049,-0.100938,-0.068251,0.111217,0,0,0,0,1
0.11578,0.009947,-0.111402,-0.101909,-0.066634,0.102156,0,0,0,0,1
0.115782,0.009947,-0.110755,-0.102232,-0.06437,0.09536,0,0,0,0,0
0.115784,0.008652,-0.107843,-0.102879,-0.06243,0.087917,0,0,0,0,0
0.115786,0.008329,-0.103312,-0.10385,-0.060813,0.081445,0,0,0,0,0
0.1157879999999999,0.008652,-0.097488,-0.104173,-0.058872,0.074002,0,0,0,0,0
0.1157899999999999,0.0093,-0.090693,-0.104496,-0.058226,0.066882,0,0,0,0,0
0.1157919999999999,0.01027,-0.083897,-0.10579,-0.057255,0.059115,0,0,0,0,0
0.115794,0.012535,-0.077102,-0.106114,-0.056609,0.050701,0,0,0,0,0
0.115796,0.013506,-0.071601,-0.106437,-0.056609,0.042935,0,0,0,0,0
0.115798,0.015123,-0.066747,-0.106437,-0.056609,0.036139,0,0,0,0,0
0.1158,0.015447,-0.060923,-0.106437,-0.056285,0.029666,0,0,0,0,0
0.1158019999999999,0.015123,-0.055745,-0.10482,-0.056285,0.024165,0,0,0,0,0
0.1158039999999999,0.014153,-0.050244,-0.102879,-0.056932,0.018016,0,0,0,0,0
0.1158059999999999,0.013182,-0.04442,-0.100615,-0.056932,0.012515,0,0,0,0,0
0.115808,0.013182,-0.036977,-0.098027,-0.058226,0.00669,0,0,0,0,0
0.11581,0.013182,-0.029858,-0.094793,-0.059196,0.000541,0,0,0,0,0
0.115812,0.013182,-0.02371,-0.091881,-0.060813,-0.005607,0,0,0,0,0
0.115814,0.013829,-0.017238,-0.088647,-0.061136,-0.011756,0,0,0,0,0
0.1158159999999999,0.014476,-0.012061,-0.086383,-0.06146,-0.017905,0,0,0,0,0
0.1158179999999999,0.0148,-0.007207,-0.083472,-0.061783,-0.022435,0,0,0,0,0
0.1158199999999999,0.014476,-0.003971,-0.080237,-0.061136,-0.027613,0,0,0,0,0
0.115822,0.0148,-0.000412,-0.077326,-0.060489,-0.032467,0,0,0,0,0
0.115824,0.0148,0.00153,-0.074415,-0.059843,-0.035704,0,0,0,0,0
0.115826,0.015447,0.004442,-0.071504,-0.059519,-0.039911,0,0,0,0,0
0.115828,0.016741,0.006707,-0.068592,-0.059843,-0.043794,0,0,0,0,0
0.1158299999999999,0.018035,0.008972,-0.066005,-0.060166,-0.048325,0,0,0,0,0
0.1158319999999999,0.019977,0.010914,-0.064387,-0.060813,-0.052855,0,0,0,0,0
0.1158339999999999,0.021918,0.012531,-0.062123,-0.061783,-0.057386,0,0,0,0,0
0.115836,0.023859,0.014797,-0.060182,-0.063077,-0.061593,0,0,0,0,0
0.115838,0.024183,0.016091,-0.057918,-0.0634,-0.0658,0,0,0,0,0
0.11584,0.02483,0.018032,-0.055977,-0.063077,-0.069683,0,0,0,0,0
0.115842,0.0258,0.021268,-0.053066,-0.06243,-0.072596,0,0,0,0,0
0.1158439999999999,0.0258,0.023857,-0.050155,-0.062106,-0.075832,0,0,0,0,0
0.1158459999999999,0.0258,0.027416,-0.047567,-0.06146,-0.079068,0,0,0,0,0
0.1158479999999999,0.026124,0.031947,-0.044656,-0.060489,-0.08198,0,0,0,0,0
0.11585,0.027094,0.0368,-0.042716,-0.060489,-0.085864,0,0,0,0,0
0.115852,0.028389,0.041331,-0.040451,-0.060813,-0.090394,0,0,0,0,0
0.115854,0.030006,0.045214,-0.037864,-0.060489,-0.094601,0,0,0,0,0
0.115856,0.030977,0.047155,-0.035599,-0.060813,-0.098808,0,0,0,0,0
0.1158579999999999,0.032271,0.048773,-0.033012,-0.061136,-0.102692,0,0,0,0,0
0.1158599999999999,0.032271,0.047802,-0.030101,-0.060813,-0.104633,0,0,0,0,0
0.1158619999999999,0.031624,0.047479,-0.027513,-0.060166,-0.105928,0,0,0,0,0
0.115864,0.030006,0.047155,-0.024925,-0.059519,-0.106575,0,0,0,0,0
0.115866,0.029683,0.048126,-0.022338,-0.058872,-0.107546,0,0,0,0,0
0.115868,0.029036,0.050067,-0.020397,-0.057579,-0.10884,0,0,0,0,0
0.11587,0.030006,0.052009,-0.018456,-0.056609,-0.111429,0,0,0,0,0
0.1158719999999999,0.031301,0.054274,-0.016515,-0.055639,-0.114018,0,0,0,0,0
0.1158739999999999,0.032595,0.056216,-0.014898,-0.054668,-0.116931,0,0,0,0,0
0.1158759999999999,0.034212,0.056863,-0.013281,-0.053051,-0.120167,0,0,0,0,0
0.115878,0.035507,0.057186,-0.011987,-0.050788,-0.121461,0,0,0,0,0
0.11588,0.036154,0.056863,-0.011663,-0.048201,-0.122432,0,0,0,0,0
0.115882,0.036477,0.056863,-0.01134,-0.045613,-0.121785,0,0,0,0,0
0.115884,0.036154,0.057833,-0.01134,-0.043026,-0.121785,0,0,0,0,0
0.1158859999999999,0.036477,0.058481,-0.01231,-0.041086,-0.12049,0,0,0,0,0
0.1158879999999999,0.036154,0.059775,-0.011987,-0.039792,-0.119843,0,0,0,0,0
0.1158899999999999,0.036801,0.061069,-0.012634,-0.038822,-0.119843,0,0,0,0,0
0.115892,0.037771,0.063334,-0.01231,-0.037529,-0.119843,0,0,0,0,0
0.115894,0.038419,0.064305,-0.011987,-0.037205,-0.11952,0,0,0,0,0
0.115896,0.038742,0.064952,-0.011016,-0.037205,-0.119196,0,0,0,0,0
0.115898,0.039713,0.065923,-0.01037,-0.037205,-0.118225,0,0,0,0,0
0.1158999999999999,0.039389,0.065923,-0.009399,-0.037529,-0.116607,0,0,0,0,0
0.1159019999999999,0.038742,0.066247,-0.008752,-0.037529,-0.114665,0,0,0,0,0
0.115904,0.037124,0.067541,-0.008105,-0.036882,-0.112076,0,0,0,0,0
0.115906,0.03583,0.070777,-0.007458,-0.036235,-0.109811,0,0,0,0,0
0.115908,0.034212,0.074013,-0.007458,-0.035588,-0.106575,0,0,0,0,0
0.11591,0.032918,0.077896,-0.007135,-0.034618,-0.10431,0,0,0,0,0
0.115912,0.032595,0.083397,-0.006812,-0.034295,-0.102692,0,0,0,0,0
0.1159139999999999,0.033565,0.08728,-0.006488,-0.034295,-0.101721,0,0,0,0,0
0.1159159999999999,0.03486,0.089221,-0.005518,-0.034618,-0.101721,0,0,0,0,0
0.115918,0.036477,0.089545,-0.004547,-0.034295,-0.102044,0,0,0,0,0
0.11592,0.038095,0.088898,-0.003253,-0.034942,-0.101397,0,0,0,0,0
0.115922,0.038419,0.086633,-0.001313,-0.033971,-0.100426,0,0,0,0,0
0.115924,0.038419,0.082426,0.000952,-0.033325,-0.098808,0,0,0,0,0
0.115926,0.037448,0.079514,0.003216,-0.032354,-0.096867,0,0,0,0,0
0.1159279999999999,0.036801,0.077896,0.005157,-0.031708,-0.094601,0,0,0,0,0
0.1159299999999999,0.036477,0.077249,0.007421,-0.030738,-0.093307,0,0,0,0,0
0.115932,0.036801,0.078219,0.009685,-0.030414,-0.093307,0,0,0,0,0
0.115934,0.037124,0.078867,0.011626,-0.030091,-0.094601,0,0,0,0,0
0.115936,0.038419,0.080161,0.013566,-0.030091,-0.096867,0,0,0,0,0
0.115938,0.039713,0.079837,0.015831,-0.030738,-0.099456,0,0,0,0,0
0.11594,0.040683,0.077572,0.017448,-0.030738,-0.102044,0,0,0,0,0
0.1159419999999999,0.041654,0.074984,0.019712,-0.031061,-0.104957,0,0,0,0,0
0.1159439999999999,0.042625,0.071424,0.02133,-0.030414,-0.106575,0,0,0,0,0
0.115946,0.042625,0.067541,0.022947,-0.030091,-0.10787,0,0,0,0,0
0.115948,0.042625,0.063658,0.024564,-0.029121,-0.10884,0,0,0,0,0
0.11595,0.042625,0.060099,0.025534,-0.028797,-0.109164,0,0,0,0,0
0.115952,0.042625,0.057833,0.026505,-0.028797,-0.110458,0,0,0,0,0
0.115954,0.042625,0.05395,0.027475,-0.028797,-0.111106,0,0,0,0,0
0.1159559999999999,0.042625,0.050391,0.027475,-0.029767,-0.112076,0,0,0,0,0
0.1159579999999999,0.041654,0.045861,0.027475,-0.030738,-0.113047,0,0,0,0,0
0.11596,0.041007,0.041978,0.026828,-0.031708,-0.113047,0,0,0,0,0
0.115962,0.040036,0.037448,0.026505,-0.032678,-0.113047,0,0,0,0,0
0.115964,0.038419,0.033565,0.026181,-0.033648,-0.113695,0,0,0,0,0
0.115966,0.036801,0.029358,0.026181,-0.034618,-0.114665,0,0,0,0,0
0.115968,0.035507,0.027093,0.025534,-0.035588,-0.115636,0,0,0,0,0
0.1159699999999999,0.034536,0.025151,0.025211,-0.037205,-0.117254,0,0,0,0,0
0.1159719999999999,0.033565,0.022886,0.023917,-0.038499,-0.118872,0,0,0,0,0
0.115974,0.033565,0.021268,0.02327,-0.040439,-0.121461,0,0,0,0,0
0.115976,0.033242,0.019003,0.022623,-0.042703,-0.12405,0,0,0,0,0
0.115978,0.032595,0.016091,0.021653,-0.04432,-0.126639,0,0,0,0,0
0.11598,0.031301,0.011884,0.020683,-0.04626,-0.128581,0,0,0,0,0
0.1159819999999999,0.029683,0.006707,0.020036,-0.047877,-0.129875,0,0,0,0,0
0.1159839999999999,0.027418,0.00153,0.019389,-0.049171,-0.129552,0,0,0,0,0
0.1159859999999999,0.025153,-0.003324,0.018418,-0.050788,-0.128904,0,0,0,0,0
0.115988,0.022241,-0.00656,0.017125,-0.052728,-0.127934,0,0,0,0,0
0.11599,0.019653,-0.009472,0.015184,-0.054345,-0.12761,0,0,0,0,0
0.115992,0.018359,-0.010443,0.013243,-0.056932,-0.126963,0,0,0,0,0
0.115994,0.018035,-0.009796,0.011302,-0.059519,-0.128257,0,0,0,0,0
0.1159959999999999,0.018035,-0.010443,0.009685,-0.06243,-0.129875,0,0,0,0,0
0.1159979999999999,0.019006,-0.012061,0.007421,-0.065017,-0.132141,0,0,0,0,0
0.1159999999999999,0.019329,-0.014003,0.00548,-0.067927,-0.133759,0,0,0,0,0
0.116002,0.019329,-0.018209,0.003863,-0.069544,-0.135053,0,0,0,0,0
0.116004,0.018359,-0.022739,0.001598,-0.071161,-0.135377,0,0,0,0,0
0.116006,0.018035,-0.026622,-0.000666,-0.072778,-0.134729,0,0,0,0,0
0.116008,0.017065,-0.029211,-0.002607,-0.073425,-0.134406,0,0,0,0,0
0.1160099999999999,0.016741,-0.030829,-0.005194,-0.075042,-0.134082,0,0,0,0,0
0.1160119999999999,0.017388,-0.032123,-0.007458,-0.076659,-0.135053,0,0,0,0,0
0.1160139999999999,0.019329,-0.035036,-0.009076,-0.077629,-0.136671,0,0,0,0,0
0.116016,0.022241,-0.036977,-0.010693,-0.079246,-0.138613,0,0,0,0,0
0.116018,0.025477,-0.040537,-0.012634,-0.080863,-0.140878,0,0,0,0,0
0.11602,0.028712,-0.04539,-0.014575,-0.082157,-0.142496,0,0,0,0,0
0.116022,0.031624,-0.050568,-0.015868,-0.083127,-0.143791,0,0,0,0,0
0.1160239999999999,0.034536,-0.055098,-0.016839,-0.083773,-0.144114,0,0,0,0,0
0.1160259999999999,0.037771,-0.058334,-0.01878,-0.08345,-0.143791,0,0,0,0,0
0.1160279999999999,0.041654,-0.062217,-0.020397,-0.084097,-0.143467,0,0,0,0,0
0.11603,0.047154,-0.064158,-0.021044,-0.083127,-0.143467,0,0,0,0,0
0.116032,0.053949,-0.064806,-0.022014,-0.084097,-0.144114,0,0,0,0,0
0.116034,0.062361,-0.064158,-0.022338,-0.083773,-0.145085,0,0,0,0,0
0.116036,0.071744,-0.064806,-0.022985,-0.084097,-0.146703,0,0,0,0,0
0.1160379999999999,0.082421,-0.065129,-0.022985,-0.085067,-0.147998,0,0,0,0,0
0.1160399999999999,0.094068,-0.065453,-0.023631,-0.085714,-0.149616,0,0,0,0,0
0.1160419999999999,0.105716,-0.065776,-0.023631,-0.086037,-0.149939,1,0,0,0,0
0.116044,0.117363,-0.067718,-0.024278,-0.086684,-0.149939,1,0,0,0,0
0.116046,0.129011,-0.069659,-0.024602,-0.086684,-0.148968,1,0,0,0,0
0.116048,0.140982,-0.070307,-0.024602,-0.086684,-0.147674,1,0,0,0,0
0.11605,0.152306,-0.070307,-0.025572,-0.087331,-0.146056,1,0,0,0,0
0.1160519999999999,0.164277,-0.070307,-0.026219,-0.087978,-0.144114,1,0,0,0,0
0.1160539999999999,0.176248,-0.068365,-0.027189,-0.088624,-0.142496,1,0,0,0,0
0.1160559999999999,0.187896,-0.0661,-0.028807,-0.089594,-0.141849,1,0,0,0,0
0.116058,0.200838,-0.064158,-0.029777,-0.090888,-0.140555,1,0,0,0,0
0.11606,0.213132,-0.063188,-0.031718,-0.092828,-0.140231,1,0,0,0,0
0.116062,0.225103,-0.062864,-0.033659,-0.094445,-0.139907,1,0,0,0,0
0.116064,0.23578,-0.06157,-0.034953,-0.096062,-0.138936,1,0,0,0,0
0.1160659999999999,0.244516,-0.060923,-0.036893,-0.097679,-0.137966,1,0,0,0,0
0.1160679999999999,0.251958,-0.060275,-0.037864,-0.098326,-0.135377,1,0,0,0,0
0.1160699999999999,0.258105,-0.057687,-0.039158,-0.098003,-0.133111,1,0,0,0,0
0.116072,0.262635,-0.054451,-0.039481,-0.098003,-0.130199,1,0,0,0,0
0.116074,0.266193,-0.047979,-0.040451,-0.097679,-0.128257,1,0,0,0,0
0.116076,0.268782,-0.042478,-0.041098,-0.097679,-0.126963,1,0,0,0,0
0.116078,0.271047,-0.035036,-0.041422,-0.097679,-0.125992,1,0,0,0,0
0.1160799999999999,0.272341,-0.025328,-0.041422,-0.098003,-0.125345,1,0,0,0,0
0.1160819999999999,0.27137,-0.017562,-0.042716,-0.098326,-0.124697,1,0,0,0,0
0.1160839999999999,0.269752,-0.009149,-0.043362,-0.097356,-0.123403,1,0,0,0,0
0.116086,0.26587,-8.8422e-05,-0.044333,-0.096709,-0.121461,1,0,0,0,0
0.116088,0.261987,0.010914,-0.045627,-0.095092,-0.118872,1,0,0,0,0
0.11609,0.257134,0.023533,-0.046921,-0.093475,-0.116283,1,0,0,0,0
0.116092,0.251634,0.038742,-0.047567,-0.091858,-0.114342,1,0,0,0,0
0.1160939999999999,0.24581,0.05395,-0.048861,-0.089594,-0.1124,1,0,0,0,0
0.1160959999999999,0.239663,0.070777,-0.049832,-0.087978,-0.111106,1,0,0,0,0
0.1160979999999999,0.234163,0.086633,-0.050155,-0.086361,-0.110135,1,0,0,0,0
0.1161,0.227368,0.103136,-0.050479,-0.085067,-0.10884,1,1,0,0,0
0.116102,0.219603,0.119638,-0.050479,-0.083127,-0.106575,1,1,0,0,0
0.116104,0.211191,0.135818,-0.049185,-0.081186,-0.103339,1,1,0,0,0
0.116106,0.202132,0.152321,-0.048538,-0.079246,-0.100103,1,1,0,0,0
0.1161079999999999,0.192425,0.170441,-0.046921,-0.077306,-0.096867,1,1,0,0,0
0.1161099999999999,0.183366,0.188886,-0.045303,-0.075042,-0.093307,1,1,0,0,0
0.1161119999999999,0.173983,0.208625,-0.043686,-0.074072,-0.090071,1,1,0,0,0
0.116114,0.165571,0.229334,-0.042392,-0.072778,-0.087158,1,1,0,0,0
0.116116,0.157159,0.24972,-0.041422,-0.072131,-0.084569,1,1,0,0,0
0.116118,0.149394,0.268164,-0.040775,-0.072131,-0.08198,1,1,0,0,0
0.11612,0.141306,0.286285,-0.040451,-0.071161,-0.080362,1,1,0,0,0
0.1161219999999999,0.133864,0.303759,-0.039804,-0.070514,-0.078097,1,1,0,0,0
0.1161239999999999,0.125128,0.31832,-0.039481,-0.069868,-0.075184,1,1,0,0,0
0.116126,0.116716,0.331587,-0.039158,-0.068251,-0.071948,1,1,0,0,0
0.116128,0.107657,0.344854,-0.038834,-0.066634,-0.068389,1,1,0,0,0
0.11613,0.098274,0.35618,-0.038187,-0.064693,-0.064505,0,1,0,0,0
0.116132,0.089538,0.367182,-0.03754,-0.06243,-0.060945,0,1,0,0,0
0.116134,0.08145,0.378507,-0.03754,-0.060489,-0.058357,0,1,0,0,0
0.1161359999999999,0.073361,0.388862,-0.03754,-0.058549,-0.056415,0,1,0,0,0
0.1161379999999999,0.06689,0.397275,-0.036893,-0.057579,-0.05512,0,1,0,0,0
0.11614,0.06042,0.402129,-0.03657,-0.055962,-0.054797,0,1,0,0,0
0.116142,0.053625,0.403747,-0.035923,-0.054345,-0.054473,0,1,0,0,0
0.116144,0.047801,0.403423,-0.034953,-0.052405,-0.054473,0,1,0,0,0
0.116146,0.041007,0.399217,-0.034629,-0.050141,-0.053502,0,1,0,0,0
0.116148,0.034212,0.392745,-0.034306,-0.047877,-0.052208,0,1,0,0,0
0.1161499999999999,0.027418,0.384979,-0.034306,-0.04529,-0.051237,0,1,0,0,0
0.1161519999999999,0.020947,0.375595,-0.033982,-0.043026,-0.049943,0,1,0,0,0
0.116154,0.014476,0.365887,-0.033659,-0.041086,-0.048648,0,1,0,0,0
0.116156,0.008329,0.355209,-0.033659,-0.039792,-0.048001,0,1,0,0,0
0.116158,0.002182,0.341618,-0.033335,-0.037852,-0.04703,0,1,0,0,0
0.11616,-0.002995,0.328351,-0.033335,-0.036235,-0.04703,0,1,0,0,0
0.116162,-0.009466,0.313466,-0.032688,-0.034942,-0.046059,0,1,0,0,0
0.1161639999999999,-0.014966,0.297611,-0.032365,-0.032678,-0.045736,0,1,0,0,0
0.1161659999999999,-0.021114,0.280461,-0.032041,-0.030738,-0.044118,0,1,0,0,0
0.116168,-0.027584,0.263311,-0.031718,-0.028474,-0.042176,0,1,0,0,0
0.11617,-0.033732,0.246484,-0.031071,-0.026857,-0.039911,0,1,0,0,0
0.116172,-0.039879,0.229658,-0.030748,-0.02524,-0.037969,0,1,0,0,0
0.116174,-0.045379,0.214126,-0.030101,-0.024916,-0.036027,0,1,0,0,0
0.116176,-0.050233,0.199241,-0.029454,-0.024916,-0.03538,0,1,0,0,0
0.1161779999999999,-0.054439,0.184032,-0.028807,-0.02621,-0.035056,0,1,0,0,0
0.1161799999999999,-0.058321,0.167206,-0.027513,-0.027827,-0.035704,0,1,0,0,0
0.116182,-0.062204,0.148761,-0.025572,-0.029444,-0.03538,0,1,0,0,0
0.116184,-0.067057,0.12967,-0.023631,-0.031384,-0.034409,0,1,0,0,0
0.116186,-0.071586,0.111549,-0.02072,-0.032678,-0.033115,0,1,0,0,0
0.116188,-0.076763,0.094075,-0.018133,-0.034618,-0.030849,0,0,0,0,0
0.11619,-0.081616,0.077249,-0.014575,-0.036559,-0.02826,0,0,0,0,0
0.1161919999999999,-0.086469,0.063011,-0.01037,-0.038175,-0.025672,0,0,0,0,0
0.1161939999999999,-0.090999,0.04942,-0.005518,-0.040116,-0.024377,0,0,0,0,0
0.116196,-0.094558,0.0368,0.000305,-0.04238,-0.022759,0,0,0,0,0
0.116198,-0.098441,0.025798,0.006774,-0.04432,-0.022435,0,0,0,0,0
0.1162,-0.101676,0.01512,0.014537,-0.04626,-0.023406,0,0,0,0,0
0.116202,-0.104264,0.004442,0.0223,-0.048201,-0.024053,0,0,0,0,0
0.1162039999999999,-0.106853,-0.007207,0.031357,-0.051111,-0.025672,0,0,0,0,0
0.1162059999999999,-0.109441,-0.019827,0.041707,-0.053375,-0.026966,0,0,0,0,0
0.1162079999999999,-0.112353,-0.031476,0.052705,-0.055962,-0.027937,0,0,0,0,0
0.11621,-0.114618,-0.043773,0.064997,-0.058226,-0.028584,0,0,0,0,0
0.116212,-0.117853,-0.055422,0.077612,-0.060489,-0.02826,0,0,0,0,0
0.116214,-0.121089,-0.065776,0.09152,-0.062106,-0.027937,0,0,0,0,0
0.116216,-0.123677,-0.074837,0.106076,-0.063723,-0.02729,0,0,1,0,0
0.1162179999999999,-0.126265,-0.08325,0.120955,-0.06534,-0.025672,0,0,1,0,0
0.1162199999999999,-0.128854,-0.091663,0.136481,-0.066634,-0.025672,0,0,1,0,0
0.1162219999999999,-0.131119,-0.099429,0.15136,-0.068251,-0.025348,0,0,1,0,0
0.116224,-0.132413,-0.107519,0.167533,-0.069544,-0.024377,0,0,1,0,0
0.116226,-0.134354,-0.116579,0.182736,-0.070838,-0.02373,0,0,1,0,0
0.116228,-0.136295,-0.125316,0.197292,-0.071485,-0.021788,0,0,1,0,0
0.11623,-0.13856,-0.134377,0.211201,-0.072131,-0.020494,0,0,1,0,0
0.1162319999999999,-0.140178,-0.142143,0.224786,-0.072131,-0.018228,0,0,1,0,0
0.1162339999999999,-0.142119,-0.148291,0.23643,-0.072455,-0.01661,0,0,1,0,0
0.1162359999999999,-0.143737,-0.153145,0.246781,-0.072131,-0.015963,0,0,1,0,0
0.116238,-0.144384,-0.157998,0.256485,-0.071161,-0.015963,0,0,1,0,0
0.11624,-0.144384,-0.162205,0.264248,-0.070514,-0.01661,0,0,1,0,0
0.116242,-0.145031,-0.166735,0.270717,-0.068898,-0.017258,0,0,1,0,0
0.116244,-0.145678,-0.173207,0.276539,-0.065987,-0.017905,0,0,1,0,0
0.1162459999999999,-0.146649,-0.180002,0.280744,-0.062106,-0.017258,0,0,1,0,0
0.1162479999999999,-0.149237,-0.186474,0.283656,-0.056932,-0.01564,0,0,1,0,0
0.1162499999999999,-0.150855,-0.191328,0.285273,-0.051111,-0.014021,0,0,1,0,0
0.116252,-0.15312,-0.19424,0.285596,-0.04432,-0.012727,0,0,1,0,0
0.116254,-0.153767,-0.195534,0.285273,-0.037205,-0.011756,0,0,1,0,0
0.116256,-0.153767,-0.196829,0.283656,-0.029767,-0.01208,0,0,1,0,0
0.116258,-0.15312,-0.197799,0.280744,-0.022006,-0.012727,0,0,1,0,0
0.1162599999999999,-0.151825,-0.199417,0.276863,-0.013598,-0.015316,0,0,1,0,0
0.1162619999999999,-0.150208,-0.20233,0.272334,-0.00422,-0.01661,0,0,1,0,0
0.1162639999999999,-0.149561,-0.20686,0.265865,0.006129,-0.018552,0,0,1,0,0
0.116266,-0.149237,-0.210096,0.259073,0.017448,-0.019199,0,0,1,0,0
0.116268,-0.149237,-0.213008,0.251956,0.030707,-0.018876,0,0,1,0,0
0.11627,-0.149561,-0.215273,0.244193,0.044612,-0.018552,0,0,1,0,0
0.116272,-0.150208,-0.216244,0.236107,0.059488,-0.017581,0,0,1,0,0
0.1162739999999999,-0.150208,-0.21495,0.227697,0.075334,-0.017258,0,0,1,0,0
0.1162759999999999,-0.149561,-0.212361,0.219287,0.091827,-0.017258,0,0,1,0,0
0.1162779999999999,-0.14859,-0.210743,0.209907,0.10832,-0.018876,0,0,1,1,0
0.11628,-0.147296,-0.207507,0.20085,0.124813,-0.020494,0,0,1,1,0
0.116282,-0.146002,-0.206213,0.191793,0.140336,-0.022759,0,0,1,1,0
0.116284,-0.144384,-0.203624,0.182736,0.155859,-0.024053,0,0,1,1,0
0.116286,-0.143413,-0.202653,0.173356,0.171058,-0.025348,0,0,1,1,0
0.1162879999999999,-0.142766,-0.202006,0.163652,0.185934,-0.025024,0,0,1,1,0
0.1162899999999999,-0.143413,-0.200388,0.154272,0.199516,-0.024701,0,0,1,1,0
0.1162919999999999,-0.14406,-0.198447,0.143597,0.212775,-0.022759,0,0,1,1,0
0.116294,-0.145354,-0.196182,0.13357,0.224094,-0.020817,0,0,1,1,0
0.116296,-0.146002,-0.192946,0.122572,0.234766,-0.018228,0,0,1,1,0
0.116298,-0.146325,-0.188739,0.111251,0.243821,-0.01661,0,0,1,1,0
0.1163,-0.146002,-0.185503,0.100254,0.250935,-0.01564,0,0,1,1,0
0.1163019999999999,-0.145678,-0.182915,0.089903,0.256756,-0.014669,0,0,0,1,0
0.1163039999999999,-0.145354,-0.18162,0.079229,0.26096,-0.014345,0,0,0,1,0
0.1163059999999999,-0.145031,-0.181297,0.068555,0.264518,-0.013374,0,0,0,1,0
0.116308,-0.146325,-0.182915,0.058527,0.267428,-0.011756,0,0,0,1,0
0.11631,-0.147619,-0.184209,0.0485,0.268722,-0.00852,0,0,0,1,0
0.116312,-0.148913,-0.184856,0.038149,0.269368,-0.004313,0,0,0,1,0
0.116314,-0.149884,-0.184856,0.029093,0.268722,-0.000106,0,0,0,1,0
0.1163159999999999,-0.150531,-0.182591,0.019065,0.267428,0.004425,0,0,0,1,0
0.1163179999999999,-0.150208,-0.180326,0.010008,0.264841,0.008308,0,0,0,1,0
0.1163199999999999,-0.149237,-0.176766,0.000952,0.261284,0.012191,0,0,0,1,0
0.116322,-0.147943,-0.173207,-0.007782,0.257403,0.016722,0,0,0,1,0
0.116324,-0.146325,-0.170618,-0.016515,0.252229,0.022223,0,0,0,1,0
0.116326,-0.145354,-0.168353,-0.024278,0.247055,0.029343,0,0,0,1,0
0.116328,-0.145031,-0.166735,-0.032365,0.24188,0.038404,0,0,0,1,0
0.1163299999999999,-0.144707,-0.165441,-0.040128,0.236706,0.049731,0,0,0,1,0
0.1163319999999999,-0.14406,-0.16447,-0.047567,0.231532,0.062999,0,0,0,1,0
0.1163339999999999,-0.143737,-0.163176,-0.054037,0.225064,0.076914,0,0,0,1,0
0.116336,-0.14309,-0.161558,-0.061153,0.219243,0.092448,0,0,0,1,0
0.116338,-0.141472,-0.15994,-0.067299,0.212452,0.107981,0,0,0,1,1
0.11634,-0.138884,-0.158646,-0.073444,0.205014,0.123838,0,0,0,1,1
0.116342,-0.136295,-0.157675,-0.07862,0.196929,0.140019,0,0,0,1,1
0.1163439999999999,-0.133383,-0.157675,-0.084442,0.189491,0.15717,0,0,0,1,1
0.1163459999999999,-0.130148,-0.158969,-0.090264,0.18173,0.174646,0,0,0,1,1
0.116348,-0.126912,-0.160587,-0.095763,0.174939,0.192444,0,0,0,1,1
0.11635,-0.124648,-0.163176,-0.100615,0.167177,0.21089,0,0,0,1,1
0.116352,-0.122706,-0.165441,-0.10579,0.160063,0.229984,0,0,0,1,1
0.116354,-0.121089,-0.16803,-0.110319,0.153918,0.248753,0,0,0,1,1
0.116356,-0.119147,-0.168677,-0.114847,0.146804,0.266876,0,0,0,1,1
0.1163579999999999,-0.117853,-0.169647,-0.118405,0.140659,0.284351,0,0,0,1,1
0.1163599999999999,-0.115912,-0.170295,-0.12261,0.134515,0.301179,0,0,0,1,1
0.116362,-0.113971,-0.171265,-0.126168,0.128047,0.316388,0,0,0,1,1
0.116364,-0.112029,-0.171265,-0.129726,0.121256,0.331275,0,0,0,1,1
0.116366,-0.110735,-0.171265,-0.132637,0.115111,0.344219,0,0,0,1,1
0.116368,-0.109765,-0.171913,-0.135872,0.108644,0.356517,0,0,0,1,1
0.11637,-0.108794,-0.173207,-0.13846,0.103146,0.36849,0,0,0,1,1
0.1163719999999999,-0.10847,-0.173207,-0.1404,0.097325,0.378522,0,0,0,0,1
0.1163739999999999,-0.10847,-0.173854,-0.142341,0.092151,0.38726,0,0,0,0,1
0.116376,-0.108147,-0.174501,-0.144605,0.086653,0.394379,0,0,0,0,1
0.116378,-0.107823,-0.174501,-0.14687,0.081479,0.399557,0,0,0,0,1
0.11638,-0.107176,-0.173531,-0.14881,0.075981,0.403117,0,0,0,0,1
0.116382,-0.106529,-0.17256,-0.150428,0.070484,0.404735,0,0,0,0,1
0.116384,-0.105559,-0.172236,-0.152369,0.065309,0.404411,0,0,0,0,1
0.1163859999999999,-0.104911,-0.172883,-0.154633,0.059488,0.403441,0,0,0,0,1
0.1163879999999999,-0.104588,-0.173531,-0.15722,0.054961,0.401499,0,0,0,0,1
0.11639,-0.104911,-0.176119,-0.159808,0.05011,0.399234,0,0,0,0,1
0.116392,-0.106206,-0.178384,-0.162072,0.046876,0.395997,0,0,0,0,1
0.116394,-0.108147,-0.179031,-0.16466,0.042995,0.392438,0,0,0,0,1
0.116396,-0.109765,-0.178384,-0.167248,0.039115,0.388554,0,0,0,0,1
0.116398,-0.110412,-0.175796,-0.169512,0.035234,0.3837,0,0,0,0,1
0.1163999999999999,-0.110412,-0.172883,-0.1721,0.030707,0.375933,0,0,0,0,1
0.1164019999999999,-0.108794,-0.169647,-0.174364,0.025532,0.368167,0,0,0,0,1
0.116404,-0.106853,-0.166412,-0.175981,0.020358,0.359105,0,0,0,0,1
0.116406,-0.104911,-0.164147,-0.178245,0.01486,0.350368,0,0,0,0,1
0.116408,-0.103617,-0.163176,-0.179863,0.010333,0.341307,0,0,0,0,1
0.11641,-0.103617,-0.161234,-0.18148,0.006129,0.332893,0,0,0,0,1
0.116412,-0.103617,-0.158646,-0.182774,0.002895,0.32545,0,0,0,0,1
0.1164139999999999,-0.103941,-0.155086,-0.183744,-1.5452e-05,0.317359,0,0,0,0,1
0.1164159999999999,-0.103941,-0.150556,-0.185361,-0.002279,0.308622,0,0,0,0,1
0.116418,-0.103941,-0.145702,-0.186655,-0.004543,0.298913,0,0,0,0,1
0.11642,-0.103294,-0.13923,-0.187949,-0.006807,0.287587,0,0,0,0,1
0.116422,-0.101676,-0.1347,-0.189243,-0.008747,0.274966,0,0,0,0,1
0.116424,-0.099735,-0.131788,-0.19086,-0.010041,0.262992,0,0,0,0,1
0.1164259999999999,-0.097146,-0.130494,-0.192154,-0.011011,0.250371,0,0,0,0,1
0.1164279999999999,-0.095205,-0.130817,-0.193448,-0.011981,0.238721,0,0,0,0,1
0.1164299999999999,-0.09294,-0.132435,-0.194095,-0.011981,0.227718,0,0,0,0,1
0.116432,-0.090676,-0.134377,-0.195065,-0.011657,0.217686,0,0,0,0,1
0.116434,-0.089381,-0.135671,-0.195712,-0.011011,0.207978,0,0,0,0,1
0.116436,-0.087117,-0.135671,-0.196036,-0.010364,0.198917,0,0,0,0,1
0.116438,-0.084528,-0.135347,-0.196036,-0.009717,0.189208,0,0,0,0,1
0.1164399999999999,-0.080969,-0.135347,-0.195065,-0.010041,0.178852,0,0,0,0,1
0.1164419999999999,-0.077734,-0.133729,-0.194095,-0.009717,0.169144,0,0,0,0,1
0.1164439999999999,-0.072557,-0.133082,-0.192801,-0.010364,0.158788,0,0,0,0,1
0.116446,-0.067704,-0.132759,-0.19086,-0.011011,0.149727,0,0,0,0,1
0.116448,-0.063174,-0.132112,-0.188596,-0.011657,0.140342,0,0,0,0,1
0.11645,-0.058968,-0.130494,-0.186655,-0.011981,0.132576,0,0,0,0,1
0.116452,-0.054762,-0.129523,-0.184391,-0.011981,0.125456,0,0,0,0,1
0.1164539999999999,-0.051203,-0.127581,-0.181803,-0.011657,0.11866,0,0,0,0,1
0.1164559999999999,-0.047968,-0.124993,-0.179216,-0.011334,0.112835,0,0,0,0,1
0.1164579999999999,-0.043762,-0.121433,-0.176951,-0.011334,0.106687,0,0,0,0,1
0.11646,-0.039232,-0.116903,-0.174364,-0.011011,0.100862,0,0,0,0,1
0.116462,-0.034702,-0.112049,-0.171776,-0.011011,0.094389,0,0,0,0,0
0.116464,-0.029849,-0.106872,-0.168865,-0.011011,0.087593,0,0,0,0,0
0.116466,-0.024349,-0.102018,-0.165954,-0.010364,0.081121,0,0,0,0,0
0.1164679999999999,-0.019496,-0.098782,-0.163043,-0.010041,0.075296,0,0,0,0,0
0.1164699999999999,-0.014966,-0.095546,-0.159808,-0.00907,0.070118,0,0,0,0,0
0.1164719999999999,-0.011407,-0.093281,-0.15722,-0.008424,0.065588,0,0,0,0,0
0.116474,-0.009466,-0.09231,-0.153986,-0.00713,0.062028,0,0,0,0,0
0.116476,-0.007848,-0.090045,-0.152045,-0.005836,0.059115,0,0,0,0,0
0.116478,-0.006554,-0.086809,-0.149781,-0.004866,0.056526,0,0,0,0,0
0.11648,-0.005583,-0.082926,-0.147517,-0.003573,0.053614,0,0,0,0,0
0.1164819999999999,-0.003966,-0.078396,-0.144605,-0.003249,0.050054,0,0,0,0,0
0.1164839999999999,-0.001701,-0.073866,-0.142341,-0.002926,0.0452,0,0,0,0,0
0.1164859999999999,-8.3218e-05,-0.069012,-0.140077,-0.002279,0.040669,0,0,0,0,0
0.116488,0.002182,-0.065129,-0.137813,-0.001632,0.035815,0,0,0,0,0
0.11649,0.003799,-0.061893,-0.135872,-0.000986,0.032255,0,0,0,0,0
0.116492,0.00477,-0.057687,-0.133931,-1.5452e-05,0.029343,0,0,0,0,0
0.116494,0.005417,-0.05348,-0.132314,0.000955,0.027401,0,0,0,0,0
0.1164959999999999,0.006388,-0.04895,-0.130697,0.001278,0.025459,0,0,0,0,0
0.1164979999999999,0.007358,-0.044096,-0.129726,0.001278,0.023518,0,0,0,0,0
0.1164999999999999,0.008329,-0.037624,-0.128432,0.001278,0.020605,0,0,0,0,0
0.116502,0.01027,-0.031476,-0.126492,0.000631,0.018016,0,0,0,0,0
0.116504,0.011888,-0.026622,-0.124874,-0.000662,0.014457,0,0,0,0,0
0.116506,0.014153,-0.023063,-0.123581,-0.001956,0.011544,0,0,0,0,0
0.116508,0.016094,-0.01918,-0.122287,-0.003249,0.008955,0,0,0,0,0
0.1165099999999999,0.017065,-0.016591,-0.120669,-0.00422,0.007013,0,0,0,0,0
0.1165119999999999,0.018359,-0.014326,-0.119376,-0.005513,0.006043,0,0,0,0,0
0.1165139999999999,0.019329,-0.012385,-0.117758,-0.007453,0.004748,0,0,0,0,0
0.116516,0.0203,-0.01012,-0.116464,-0.009394,0.003777,0,0,0,0,0
0.116518,0.021594,-0.006237,-0.114847,-0.011011,0.002159,0,0,0,0,0
0.11652,0.023212,-0.00203,-0.113553,-0.013274,-0.000106,0,0,0,0,0
0.116522,0.025153,0.001853,-0.112259,-0.015862,-0.002695,0,0,0,0,0
0.1165239999999999,0.026771,0.005089,-0.111936,-0.018772,-0.00496,0,0,0,0,0
0.1165259999999999,0.029359,0.008325,-0.111289,-0.021683,-0.00852,0,0,0,0,0
0.1165279999999999,0.031624,0.010266,-0.110319,-0.024593,-0.011109,0,0,0,0,0
0.11653,0.033242,0.011237,-0.109995,-0.026857,-0.013374,0,0,0,0,0
0.116532,0.033565,0.011561,-0.108378,-0.028474,-0.014992,0,0,0,0,0
0.116534,0.033565,0.011237,-0.107084,-0.029121,-0.01564,0,0,0,0,0
0.116536,0.032918,0.011884,-0.10482,-0.029121,-0.015963,0,0,0,0,0
0.1165379999999999,0.031948,0.013179,-0.103526,-0.029121,-0.015316,0,0,0,0,0
0.1165399999999999,0.030653,0.01512,-0.101262,-0.028797,-0.01564,0,0,0,0,0
0.1165419999999999,0.030653,0.018032,-0.099968,-0.028474,-0.015963,0,0,0,0,0
0.116544,0.030653,0.020945,-0.098674,-0.02815,-0.016934,0,0,0,0,0
0.116546,0.031301,0.024181,-0.097057,-0.02815,-0.018228,0,0,0,0,0
0.116548,0.032271,0.026446,-0.09544,-0.028474,-0.02017,0,0,0,0,0
0.11655,0.033242,0.026769,-0.093822,-0.028474,-0.022435,0,0,0,0,0
0.1165519999999999,0.033565,0.027416,-0.091881,-0.028474,-0.024377,0,0,0,0,0
0.1165539999999999,0.032918,0.02774,-0.089617,-0.028474,-0.025672,0,0,0,0,0
0.1165559999999999,0.032595,0.026769,-0.08703,-0.027827,-0.026319,0,0,0,0,0
0.116558,0.031948,0.027093,-0.084765,-0.026857,-0.026966,0,0,0,0,0
0.11656,0.031301,0.028387,-0.082178,-0.02621,-0.027937,0,0,0,0,0
0.116562,0.030653,0.030976,-0.079913,-0.025887,-0.029879,0,0,0,0,0
0.116564,0.031301,0.033241,-0.077002,-0.025887,-0.032467,0,0,0,0,0
0.1165659999999999,0.031948,0.034859,-0.073768,-0.02621,-0.03538,0,0,0,0,0
0.1165679999999999,0.033242,0.036153,-0.07118,-0.02621,-0.038293,0,0,0,0,0
0.11657,0.033565,0.036153,-0.068269,-0.025887,-0.040881,0,0,0,0,0
0.116572,0.033242,0.034535,-0.065358,-0.024916,-0.041852,0,0,0,0,0
0.116574,0.032271,0.032917,-0.063094,-0.02427,-0.042499,0,0,0,0,0
0.116576,0.031301,0.033241,-0.060506,-0.022653,-0.043147,0,0,0,0,0
0.116578,0.03033,0.034859,-0.058242,-0.021359,-0.043147,0,0,0,0,0
0.1165799999999999,0.029683,0.037448,-0.056301,-0.020389,-0.04347,0,0,0,0,0
0.1165819999999999,0.030006,0.040683,-0.054037,-0.019742,-0.044765,0,0,0,0,0
0.116584,0.031301,0.045214,-0.051772,-0.018772,-0.04703,0,0,0,0,0
0.116586,0.032595,0.049097,-0.049185,-0.018772,-0.049943,0,0,0,0,0
0.116588,0.034536,0.051038,-0.046921,-0.017802,-0.052208,0,0,0,0,0
0.11659,0.035507,0.052656,-0.04498,-0.017155,-0.053826,0,0,0,0,0
0.116592,0.036154,0.054274,-0.043362,-0.015862,-0.055444,0,0,0,0,0
0.1165939999999999,0.036801,0.055568,-0.042392,-0.014568,-0.055768,0,0,0,0,0
0.1165959999999999,0.036477,0.056216,-0.041098,-0.013274,-0.056091,0,0,0,0,0
0.116598,0.035507,0.056539,-0.039804,-0.011657,-0.055768,0,0,0,0,0
0.1166,0.035183,0.05751,-0.039481,-0.010687,-0.055768,0,0,0,0,0
0.116602,0.034536,0.060099,-0.038834,-0.009717,-0.055768,0,0,0,0,0
0.116604,0.034212,0.061717,-0.037864,-0.00907,-0.056415,0,0,0,0,0
0.116606,0.033565,0.063011,-0.036893,-0.008747,-0.057709,0,0,0,0,0
0.1166079999999999,0.034212,0.064305,-0.035599,-0.008747,-0.05868,0,0,0,0,0
0.1166099999999999,0.03486,0.065923,-0.034629,-0.008747,-0.059975,0,0,0,0,0
0.116612,0.03583,0.066247,-0.033335,-0.008747,-0.060945,0,0,0,0,0
0.116614,0.036477,0.064305,-0.032365,-0.008424,-0.06224,0,0,0,0,0
0.116616,0.036801,0.063982,-0.031071,-0.0081,-0.062564,0,0,0,0,0
0.116618,0.037124,0.064305,-0.030101,-0.008424,-0.062564,0,0,0,0,0
0.11662,0.037448,0.063982,-0.028807,-0.0081,-0.06224,0,0,0,0,0
0.1166219999999999,0.037448,0.064629,-0.027513,-0.0081,-0.061269,0,0,0,0,0
0.1166239999999999,0.038095,0.064952,-0.025896,-0.008424,-0.060622,0,0,0,0,0
0.116626,0.039389,0.0656,-0.024278,-0.00907,-0.060622,0,0,0,0,0
0.116628,0.040683,0.06657,-0.022661,-0.009717,-0.060622,0,0,0,0,0
0.11663,0.042301,0.067217,-0.02072,-0.010364,-0.059975,0,0,0,0,0
0.116632,0.043595,0.06657,-0.019103,-0.011657,-0.059004,0,0,0,0,0
0.116634,0.044889,0.065923,-0.017162,-0.012628,-0.05868,0,0,0,0,0
0.1166359999999999,0.045536,0.064952,-0.014898,-0.013921,-0.057062,0,0,0,0,0
0.1166379999999999,0.04586,0.064305,-0.012634,-0.015215,-0.05512,0,0,0,0,0
0.11664,0.046184,0.063982,-0.01037,-0.015862,-0.053502,0,0,0,0,0
0.116642,0.046831,0.064629,-0.007135,-0.017155,-0.052208,0,0,0,0,0
0.116644,0.047478,0.065276,-0.004224,-0.018449,-0.051237,0,0,0,0,0
0.116646,0.048125,0.066247,-0.000989,-0.020066,-0.050913,0,0,0,0,0
0.1166479999999999,0.049095,0.065276,0.001922,-0.021683,-0.050913,0,0,0,0,0
0.1166499999999999,0.050066,0.064305,0.00548,-0.022653,-0.049619,0,0,0,0,0
0.1166519999999999,0.05039,0.062687,0.008715,-0.023623,-0.048972,0,0,0,0,0
0.116654,0.050713,0.057833,0.012596,-0.02427,-0.046706,0,0,0,0,0
0.116656,0.050066,0.053627,0.016478,-0.02524,-0.044441,0,0,0,0,0
0.116658,0.049743,0.050067,0.020359,-0.02524,-0.041205,0,0,0,0,0
0.11666,0.049095,0.047802,0.023917,-0.025563,-0.037969,0,0,0,0,0
0.1166619999999999,0.049419,0.047155,0.027475,-0.02621,-0.035704,0,0,0,0,0
0.1166639999999999,0.050713,0.047479,0.031357,-0.026857,-0.034409,0,0,0,0,0
0.1166659999999999,0.052331,0.048126,0.034591,-0.02815,-0.034409,0,0,0,0,0
0.116668,0.054272,0.048773,0.037503,-0.029121,-0.035056,0,0,0,0,0
0.11667,0.056537,0.047479,0.041061,-0.030414,-0.036351,0,0,0,0,0
0.116672,0.057508,0.044243,0.043325,-0.031384,-0.036351,0,0,0,0,0
0.116674,0.057508,0.041331,0.046559,-0.031061,-0.03538,0,0,0,0,0
0.1166759999999999,0.056537,0.038418,0.048824,-0.031061,-0.033762,0,0,0,0,0
0.1166779999999999,0.054596,0.036477,0.050441,-0.029767,-0.031497,0,0,0,0,0
0.1166799999999999,0.053302,0.036153,0.052382,-0.028797,-0.029231,0,0,0,0,0
0.116682,0.052007,0.036477,0.053999,-0.027827,-0.027613,0,0,0,0,0
0.116684,0.052007,0.038418,0.054646,-0.027827,-0.026966,0,0,0,0,0
0.116686,0.052331,0.040036,0.055616,-0.027504,-0.027937,0,0,0,0,0
0.116688,0.053302,0.040683,0.056587,-0.02718,-0.028908,0,0,0,0,0
0.1166899999999999,0.054272,0.041331,0.057234,-0.02718,-0.030849,0,0,0,0,0
0.1166919999999999,0.055566,0.041654,0.058527,-0.026533,-0.031497,0,0,0,0,0
0.1166939999999999,0.055243,0.041007,0.058851,-0.026533,-0.032467,0,0,0,0,0
0.116696,0.054596,0.04036,0.059174,-0.025887,-0.032467,0,0,0,0,0
0.116698,0.053949,0.039389,0.060145,-0.025887,-0.032144,0,0,0,0,0
0.1167,0.053302,0.039065,0.060792,-0.025563,-0.032144,0,0,0,0,0
0.116702,0.052978,0.038418,0.061439,-0.02524,-0.03182,0,0,0,0,0
0.1167039999999999,0.052331,0.037771,0.062732,-0.02524,-0.032791,0,0,0,0,0
0.1167059999999999,0.052654,0.037448,0.063379,-0.024916,-0.033115,0,0,0,0,0
0.1167079999999999,0.053302,0.036477,0.06435,-0.02524,-0.033762,0,0,0,0,0
0.11671,0.053302,0.03583,0.06532,-0.02524,-0.034409,0,0,0,0,0
0.116712,0.053949,0.03583,0.066614,-0.024916,-0.03538,0,0,0,0,0
0.116714,0.053949,0.035506,0.067584,-0.024593,-0.036674,0,0,0,0,0
0.116716,0.052978,0.036477,0.068878,-0.023623,-0.036674,0,0,0,0,0
0.1167179999999999,0.051684,0.037771,0.069849,-0.022329,-0.036998,0,0,0,0,0
0.1167199999999999,0.050066,0.039065,0.070819,-0.021359,-0.036998,0,0,0,0,0
0.1167219999999999,0.048448,0.041007,0.071142,-0.020066,-0.036674,0,0,0,0,0
0.116724,0.047154,0.043272,0.071466,-0.019419,-0.037645,0,0,0,0,0
0.116726,0.047154,0.046184,0.071142,-0.018449,-0.037969,0,0,0,0,0
0.116728,0.047154,0.048126,0.070819,-0.018125,-0.039263,0,0,0,0,0
0.11673,0.047478,0.048126,0.071789,-0.017802,-0.039587,0,0,0,0,0
0.1167319999999999,0.047478,0.047155,0.072436,-0.017479,-0.040558,0,0,0,0,0
0.1167339999999999,0.047801,0.045861,0.073407,-0.017479,-0.040558,0,0,0,0,0
0.1167359999999999,0.047154,0.043596,0.074053,-0.017155,-0.039263,0,0,0,0,0
0.116738,0.046507,0.041654,0.07373,-0.016832,-0.036998,0,0,0,0,0
0.11674,0.045536,0.040683,0.074053,-0.016832,-0.034409,0,0,0,0,0
0.116742,0.043919,0.041654,0.07373,-0.016508,-0.03182,0,0,0,0,0
0.116744,0.043272,0.043596,0.07276,-0.016832,-0.029879,0,0,0,0,0
0.1167459999999999,0.043272,0.044243,0.073407,-0.017155,-0.029555,0,0,0,0,0
0.1167479999999999,0.042948,0.044243,0.073407,-0.018125,-0.030202,0,0,0,0,0
0.1167499999999999,0.042625,0.043596,0.073407,-0.019419,-0.03182,0,0,0,0,0
0.116752,0.042625,0.041007,0.073407,-0.020066,-0.033115,0,0,0,0,0
0.116754,0.04133,0.0368,0.074377,-0.021036,-0.034409,0,0,0,0,0
0.116756,0.04036,0.032917,0.075024,-0.020712,-0.034733,0,0,0,0,0
0.116758,0.039389,0.030329,0.075994,-0.021036,-0.034409,0,0,0,0,0
0.1167599999999999,0.038742,0.028711,0.076965,-0.021036,-0.035056,0,0,0,0,0
0.1167619999999999,0.038095,0.028064,0.078582,-0.021683,-0.035056,0,0,0,0,0
0.1167639999999999,0.038419,0.027416,0.079876,-0.022006,-0.036351,0,0,0,0,0
0.116766,0.039066,0.027093,0.08117,-0.022653,-0.037645,0,0,0,0,0
0.116768,0.039713,0.027093,0.083434,-0.022653,-0.039263,0,0,0,0,0
0.11677,0.039389,0.025151,0.086022,-0.022006,-0.040881,0,0,0,0,0
0.116772,0.038742,0.02321,0.088286,-0.021359,-0.042176,0,0,0,0,0
0.1167739999999999,0.037771,0.021268,0.09055,-0.020066,-0.042499,0,0,0,0,0
0.1167759999999999,0.036477,0.019974,0.092814,-0.018125,-0.042499,0,0,0,0,0
0.1167779999999999,0.03486,0.01868,0.094755,-0.016508,-0.041852,0,0,0,0,0
0.11678,0.033242,0.018356,0.096372,-0.014245,-0.041852,0,0,0,0,0
0.116782,0.032271,0.018032,0.097343,-0.012304,-0.042176,0,0,0,0,0
0.116784,0.031301,0.018356,0.09896,-0.010364,-0.043147,0,0,0,0,0
0.116786,0.031301,0.01868,0.100254,-0.007777,-0.044118,0,0,1,0,0
0.1167879999999999,0.031624,0.017709,0.101224,-0.005836,-0.045088,0,0,1,0,0
0.1167899999999999,0.031301,0.017062,0.102518,-0.003896,-0.046059,0,0,1,0,0
0.1167919999999999,0.031948,0.014473,0.103488,-0.001632,-0.045736,0,0,1,0,0
0.116794,0.031948,0.011884,0.104459,0.000308,-0.044765,0,0,1,0,0
0.116796,0.030653,0.008001,0.106076,0.002248,-0.043147,0,0,1,0,0
0.116798,0.029683,0.003795,0.10737,0.004835,-0.040234,0,0,1,0,0
0.1168,0.028065,0.000559,0.10834,0.006776,-0.037322,0,0,1,0,0
0.1168019999999999,0.026124,-0.001383,0.108987,0.008716,-0.033762,0,0,1,0,0
0.1168039999999999,0.02483,-0.00203,0.109634,0.009686,-0.03182,0,0,1,0,0
0.116806,0.023859,-0.001383,0.109634,0.01001,-0.030526,0,0,1,0,0
0.116808,0.024183,-0.001383,0.109958,0.01001,-0.029231,0,0,1,0,0
0.11681,0.0258,-0.000412,0.109634,0.009363,-0.029231,0,0,1,0,0
0.116812,0.026124,-0.000412,0.109634,0.009039,-0.029555,0,0,1,0,0
0.116814,0.026771,-0.00203,0.109958,0.008069,-0.028908,0,0,1,0,0
0.1168159999999999,0.027094,-0.003648,0.109958,0.008069,-0.027937,0,0,1,0,0
0.1168179999999999,0.026447,-0.003648,0.109958,0.008069,-0.026642,0,0,1,0,0
0.11682,0.0258,-0.003648,0.109958,0.008069,-0.024377,0,0,1,0,0
0.116822,0.025153,-0.002677,0.109958,0.009039,-0.021788,0,0,1,0,0
0.116824,0.024183,-0.000736,0.108987,0.009363,-0.019523,0,0,1,0,0
0.116826,0.023212,0.002177,0.108017,0.009686,-0.017905,0,0,1,0,0
0.116828,0.023535,0.005413,0.106723,0.009686,-0.016934,0,0,1,0,0
0.1168299999999999,0.023859,0.008001,0.105106,0.009686,-0.016934,0,0,1,0,0
0.1168319999999999,0.023859,0.008972,0.103165,0.009039,-0.017258,0,0,1,0,0
0.116834,0.023535,0.009943,0.101548,0.008716,-0.017258,0,0,1,0,0
0.116836,0.023535,0.008972,0.099283,0.008393,-0.017905,0,0,0,0,0
0.116838,0.022241,0.007354,0.097666,0.008716,-0.017581,0,0,0,0,0
0.11684,0.020624,0.006383,0.095725,0.009363,-0.016934,0,0,0,0,0
0.116842,0.019006,0.00703,0.093785,0.009363,-0.015963,0,0,0,0,0
0.1168439999999999,0.017712,0.008972,0.09152,0.01001,-0.015316,0,0,0,0,0
0.1168459999999999,0.017065,0.013179,0.089256,0.01001,-0.015316,0,0,0,0,0
0.116848,0.016094,0.016414,0.087962,0.009039,-0.016287,0,0,0,0,0
0.11685,0.016094,0.020297,0.086992,0.007423,-0.017258,0,0,0,0,0
0.116852,0.016094,0.022239,0.085698,0.006129,-0.018552,0,0,0,0,0
0.116854,0.015447,0.022563,0.085375,0.004835,-0.018552,0,0,0,0,0
0.116856,0.014476,0.021592,0.085051,0.003542,-0.017258,0,0,0,0,0
0.1168579999999999,0.012859,0.020297,0.084728,0.001601,-0.01564,0,0,0,0,0
0.1168599999999999,0.011241,0.01965,0.084728,0.000308,-0.014021,0,0,0,0,0
0.116862,0.009623,0.020297,0.084404,-0.001632,-0.01208,0,0,0,0,0
0.116864,0.008652,0.021592,0.084404,-0.003573,-0.011109,0,0,0,0,0
0.116866,0.008652,0.024181,0.084404,-0.005836,-0.011109,0,0,0,0,0
0.116868,0.0093,0.025798,0.084081,-0.00907,-0.011433,0,0,0,0,0
0.1168699999999999,0.009623,0.026446,0.083757,-0.011657,-0.011433,0,0,0,0,0
0.1168719999999999,0.009947,0.026122,0.08311,-0.014891,-0.011433,0,0,0,0,0
0.1168739999999999,0.009947,0.024828,0.082463,-0.017479,-0.010785,0,0,0,0,0
0.116876,0.008976,0.023533,0.081817,-0.019419,-0.00852,0,0,0,0,0
0.116878,0.008329,0.023857,0.080523,-0.021359,-0.005607,0,0,0,0,0
0.11688,0.006711,0.023857,0.078905,-0.023623,-0.002695,0,0,0,0,0
0.116882,0.005417,0.023857,0.077288,-0.02524,0.000541,0,0,0,0,0
0.1168839999999999,0.005093,0.025475,0.075024,-0.026533,0.002806,0,0,0,0,0
0.1168859999999999,0.004446,0.028064,0.072113,-0.028474,0.004425,0,0,0,0,0
0.1168879999999999,0.00477,0.029034,0.069525,-0.030738,0.005395,0,0,0,0,0
0.11689,0.005417,0.029034,0.066614,-0.033325,0.005719,0,0,0,0,0
0.116892,0.005741,0.028711,0.063703,-0.035265,0.006043,0,0,0,0,0
0.116894,0.006064,0.027416,0.061439,-0.037205,0.00669,0,0,0,0,0
0.116896,0.006388,0.025475,0.058851,-0.039469,0.007661,0,0,0,0,0
0.1168979999999999,0.005417,0.023533,0.057557,-0.041409,0.009602,0,0,0,0,0
0.1168999999999999,0.005417,0.022563,0.055616,-0.042703,0.011544,0,0,0,0,0
0.1169019999999999,0.004446,0.022886,0.054646,-0.04432,0.013486,0,0,0,0,0
0.116904,0.004446,0.023533,0.053352,-0.045937,0.015104,0,0,0,0,0
0.116906,0.004446,0.024181,0.052058,-0.04723,0.016398,0,0,0,0,0
0.116908,0.004446,0.024828,0.051411,-0.048524,0.017369,0,0,0,0,0
0.11691,0.00477,0.025798,0.050441,-0.049818,0.017369,0,0,0,0,0
0.1169119999999999,0.005093,0.025798,0.050117,-0.051111,0.01834,0,0,0,0,0
0.1169139999999999,0.00477,0.026122,0.049471,-0.052728,0.018664,0,0,0,0,0
0.1169159999999999,0.004123,0.025475,0.049147,-0.053051,0.019634,0,0,0,0,0
0.116918,0.003152,0.025475,0.048824,-0.054022,0.020929,0,0,0,0,0
0.11692,0.001858,0.025151,0.048824,-0.054022,0.0219,0,0,0,0,0
0.116922,0.000887,0.026446,0.048824,-0.054022,0.022223,0,0,0,0,0
0.116924,-8.3218e-05,0.028387,0.049147,-0.053375,0.0219,0,0,0,0,0
0.1169259999999999,-0.00073,0.03227,0.049471,-0.053051,0.020605,0,0,0,0,0
0.1169279999999999,-0.000407,0.035506,0.049471,-0.052081,0.01834,0,0,0,0,0
0.1169299999999999,-0.000407,0.038742,0.050117,-0.051111,0.015751,0,0,0,0,0
0.116932,0.00024,0.039713,0.050764,-0.050788,0.013162,0,0,0,0,0
0.116934,0.000564,0.039065,0.051411,-0.049494,0.01122,0,0,0,0,0
0.116936,0.00024,0.0368,0.051735,-0.048524,0.010573,0,0,0,0,0
0.116938,-0.00073,0.033565,0.052058,-0.047554,0.010573,0,0,0,0,0
0.1169399999999999,-0.002024,0.030976,0.052382,-0.045613,0.012191,0,0,0,0,0
0.1169419999999999,-0.003319,0.028387,0.052705,-0.044643,0.013486,0,0,0,0,0
0.1169439999999999,-0.004613,0.028064,0.052705,-0.04335,0.015104,0,0,0,0,0
0.116946,-0.004613,0.028711,0.052382,-0.04238,0.015104,0,0,0,0,0
0.116948,-0.003966,0.029034,0.052382,-0.042056,0.014457,0,0,0,0,0
0.11695,-0.002672,0.028387,0.052382,-0.042056,0.013162,0,0,0,0,0
0.116952,-0.00073,0.027416,0.052058,-0.041086,0.012191,0,0,0,0,0
0.1169539999999999,0.00024,0.024181,0.050764,-0.041086,0.012191,0,0,0,0,0
0.1169559999999999,0.001535,0.01868,0.049794,-0.040763,0.012839,0,0,0,0,0
0.1169579999999999,0.001211,0.013826,0.0485,-0.040116,0.01478,0,0,0,0,0
0.11696,0.000887,0.009943,0.046883,-0.038499,0.017045,0,0,0,0,0
0.116962,0.00024,0.006383,0.045266,-0.037529,0.020282,0,0,0,0,0
0.116964,-0.000407,0.003147,0.043648,-0.036235,0.022547,0,0,0,0,0
0.116966,-0.00073,0.000559,0.042354,-0.035265,0.023518,0,0,0,0,0
0.1169679999999999,-0.00073,-8.8422e-05,0.041061,-0.034618,0.024489,0,0,0,0,0
0.1169699999999999,0.00024,-0.001059,0.04009,-0.033648,0.024489,0,0,0,0,0
0.1169719999999999,0.000564,-0.002354,0.038796,-0.033325,0.024165,0,0,0,0,0
0.116974,0.001535,-0.003971,0.037826,-0.033325,0.024165,0,0,0,0,0
0.116976,0.002182,-0.006237,0.037826,-0.033001,0.024489,0,0,0,0,0
0.116978,0.001858,-0.009149,0.036856,-0.033325,0.025136,0,0,0,0,0
0.11698,0.002182,-0.01012,0.037179,-0.033648,0.026107,0,0,0,0,0
0.1169819999999999,0.001535,-0.01012,0.037179,-0.033325,0.026754,0,0,0,0,0
0.1169839999999999,0.001535,-0.009472,0.037826,-0.033648,0.027078,0,0,0,0,0
0.1169859999999999,0.001858,-0.007854,0.037826,-0.033648,0.027401,0,0,0,0,0
0.116988,0.002182,-0.00656,0.038473,-0.034618,0.026754,0,0,0,0,0
0.11699,0.004123,-0.005266,0.039443,-0.035265,0.025783,0,0,0,0,0
0.116992,0.005093,-0.004942,0.039767,-0.036559,0.024812,0,0,0,0,0
0.116994,0.005417,-0.004619,0.040414,-0.037852,0.023841,0,0,0,0,0
0.1169959999999999,0.006064,-0.004295,0.041707,-0.038499,0.023841,0,0,0,0,0
0.1169979999999999,0.005093,-0.003971,0.043325,-0.039146,0.024812,0,0,0,0,0
0.1169999999999999,0.003476,-0.004295,0.044942,-0.039146,0.025459,0,0,0,0,0
0.117002,0.002829,-0.003001,0.046236,-0.039146,0.026754,0,0,0,0,0
0.117004,0.001858,-0.001706,0.047206,-0.038822,0.028696,0,0,0,0,0
0.117006,0.001211,-8.8422e-05,0.048177,-0.038499,0.029343,0,0,0,0,0
0.117008,0.001211,0.0025,0.048177,-0.038822,0.030314,0,0,0,0,0
0.1170099999999999,0.001535,0.004765,0.048177,-0.038499,0.030637,0,0,0,0,0
0.1170119999999999,0.001858,0.005736,0.0485,-0.038822,0.02999,0,0,0,0,0
0.1170139999999999,0.002505,0.005089,0.0485,-0.039146,0.030637,0,0,0,0,0
0.117016,0.002182,0.002824,0.048177,-0.039469,0.031608,0,0,0,0,0
0.117018,0.001535,0.000882,0.047206,-0.039469,0.032903,0,0,0,0,0
0.11702,0.000887,-0.001059,0.046883,-0.038822,0.034844,0,0,0,0,0
0.117022,0.000564,-0.002354,0.046236,-0.038499,0.036786,0,0,0,0,0
0.1170239999999999,-8.3218e-05,-0.001706,0.044619,-0.038822,0.039051,0,0,0,0,0
0.1170259999999999,0.00024,-8.8422e-05,0.043001,-0.039469,0.040022,0,0,0,0,0
0.117028,0.000887,0.002177,0.041384,-0.040439,0.040669,0,0,0,0,0
0.11703,0.002182,0.004118,0.04009,-0.041733,0.040669,0,0,0,0,0
0.117032,0.003152,0.005413,0.038796,-0.043673,0.040022,0,0,0,0,0
0.117034,0.004446,0.006707,0.037179,-0.04529,0.039698,0,0,0,0,0
0.117036,0.00477,0.008001,0.036532,-0.045613,0.039698,0,0,0,0,0
0.1170379999999999,0.005417,0.009296,0.035885,-0.04626,0.040022,0,0,0,0,0
0.1170399999999999,0.005093,0.010914,0.035238,-0.046584,0.040346,0,0,0,0,0
0.117042,0.00477,0.014149,0.033944,-0.045937,0.042611,0,0,0,0,0
0.117044,0.005093,0.018356,0.032651,-0.045937,0.042287,0,0,0,0,0
0.117046,0.006711,0.022563,0.03168,-0.04626,0.041964,0,0,0,0,0
0.117048,0.007682,0.025798,0.030386,-0.045937,0.040346,0,0,0,0,0
0.11705,0.009623,0.027416,0.029739,-0.045937,0.03808,0,0,0,0,0
0.1170519999999999,0.011564,0.028711,0.029416,-0.045613,0.035168,0,0,0,0,0
0.1170539999999999,0.013506,0.028711,0.029739,-0.044643,0.032255,0,0,0,0,0
0.117056,0.014153,0.02774,0.029739,-0.04335,0.02999,0,0,0,0,0
0.117058,0.015123,0.027093,0.030386,-0.042056,0.029019,0,0,0,0,0
0.11706,0.014476,0.027416,0.030386,-0.039792,0.028696,0,0,0,0,0
0.117062,0.014153,0.029034,0.029739,-0.038175,0.028372,0,0,0,0,0
0.117064,0.013829,0.031623,0.029416,-0.036559,0.027725,0,0,0,0,0
0.1170659999999999,0.014153,0.034859,0.028446,-0.034942,0.025783,0,0,0,0,0
0.1170679999999999,0.01577,0.037448,0.028122,-0.033648,0.023194,0,0,0,0,0
0.11707,0.017388,0.04036,0.027799,-0.032678,0.019311,0,0,0,0,0
0.117072,0.019006,0.041331,0.027152,-0.031384,0.015427,0,0,0,0,0
0.117074,0.020947,0.040683,0.026828,-0.029444,0.012191,0,0,0,0,0
0.117076,0.021271,0.037771,0.026505,-0.027827,0.009602,0,0,0,0,0
0.117078,0.021594,0.035182,0.026181,-0.02524,0.008632,0,0,0,0,0
0.1170799999999999,0.019977,0.032917,0.024888,-0.022653,0.008308,0,0,0,0,0
0.1170819999999999,0.019006,0.030652,0.024241,-0.020389,0.008632,0,0,0,0,0
0.117084,0.018682,0.029681,0.02327,-0.017479,0.008632,0,0,0,0,0
0.117086,0.018035,0.030652,0.021976,-0.014891,0.008308,0,0,0,0,0
0.117088,0.018682,0.031623,0.020359,-0.013274,0.007984,0,0,0,0,0
0.11709,0.019653,0.03227,0.018742,-0.011334,0.007337,0,0,0,0,0
0.117092,0.019653,0.03227,0.017125,-0.009717,0.00669,0,0,0,0,0
0.1170939999999999,0.020624,0.031623,0.01486,-0.008747,0.00669,0,0,0,0,0
0.1170959999999999,0.021594,0.031947,0.01292,-0.007777,0.007013,0,0,0,0,0
0.117098,0.022565,0.031299,0.011302,-0.00713,0.007661,0,0,0,0,0
0.1171,0.023535,0.030005,0.009685,-0.006807,0.008632,0,0,0,0,0
0.117102,0.024183,0.028711,0.008391,-0.00713,0.009602,0,0,0,0,0
0.117104,0.02483,0.02774,0.007097,-0.007777,0.01122,0,0,0,0,0
0.1171059999999999,0.025477,0.026769,0.006127,-0.0081,0.012515,0,0,0,0,0
0.1171079999999999,0.026124,0.026446,0.004833,-0.008424,0.013486,0,0,0,0,0
0.1171099999999999,0.027418,0.026446,0.004833,-0.009394,0.013809,0,0,0,0,0
0.117112,0.028712,0.026122,0.003863,-0.010364,0.014133,0,0,0,0,0
0.117114,0.030653,0.024828,0.003539,-0.011334,0.014457,0,0,0,0,0
0.117116,0.031948,0.02321,0.002892,-0.012628,0.014457,0,0,0,0,0
0.117118,0.032918,0.020945,0.002245,-0.013921,0.015104,0,0,0,0,0
0.1171199999999999,0.032595,0.01868,0.001922,-0.014245,0.016398,0,0,0,0,0
0.1171219999999999,0.032271,0.017385,0.001275,-0.014891,0.017693,0,0,0,0,0
0.1171239999999999,0.031301,0.017062,0.000628,-0.014245,0.020282,0,0,0,0,0
0.117126,0.030006,0.01868,0.000305,-0.013921,0.022223,0,0,0,0,0
0.117128,0.029036,0.020945,0.000628,-0.013921,0.023518,0,0,0,0,0
0.11713,0.029359,0.023533,0.000305,-0.013598,0.025136,0,0,0,0,0
0.117132,0.029683,0.025798,0.000305,-0.013598,0.025136,0,0,0,0,0
0.1171339999999999,0.029683,0.026769,0.000628,-0.013274,0.025136,0,0,0,0,0
0.1171359999999999,0.03033,0.026769,0.000628,-0.012304,0.025459,0,0,0,0,0
0.1171379999999999,0.030006,0.027093,0.001275,-0.010687,0.026107,0,0,0,0,0
0.11714,0.029683,0.025798,0.000628,-0.00907,0.026754,0,0,0,0,0
0.117142,0.028389,0.026446,0.000305,-0.007453,0.028048,0,0,0,0,0
0.117144,0.027418,0.028064,-0.000342,-0.005513,0.029019,0,0,0,0,0
0.117146,0.026771,0.030329,-0.001636,-0.003896,0.029343,0,0,0,0,0
0.1171479999999999,0.026447,0.034535,-0.002283,-0.002926,0.029019,0,0,0,0,0
0.1171499999999999,0.026447,0.038095,-0.003253,-0.001956,0.027725,0,0,0,0,0
0.1171519999999999,0.026447,0.039389,-0.004224,-0.001632,0.02643,0,0,0,0,0
0.117154,0.026771,0.041654,-0.004871,-0.000662,0.024489,0,0,0,0,0
0.117156,0.026447,0.041978,-0.005194,-0.000339,0.023194,0,0,0,0,0
0.117158,0.026447,0.040683,-0.005194,-1.5452e-05,0.022871,0,0,0,0,0
0.11716,0.025153,0.039065,-0.005518,0.000955,0.022547,0,0,0,0,0
0.1171619999999999,0.023535,0.037448,-0.005518,0.001601,0.023518,0,0,0,0,0
0.1171639999999999,0.022565,0.036153,-0.005841,0.002572,0.023841,0,0,0,0,0
0.1171659999999999,0.021594,0.035506,-0.005841,0.003218,0.023518,0,0,0,0,0
0.117168,0.020947,0.03583,-0.006488,0.003218,0.022547,0,0,0,0,0
0.11717,0.021271,0.035182,-0.006165,0.003218,0.020605,0,0,0,0,0
0.117172,0.021271,0.034859,-0.005518,0.003218,0.018016,0,0,0,0,0
0.117174,0.020947,0.031299,-0.004224,0.003218,0.016075,0,0,0,0,0
0.1171759999999999,0.0203,0.028711,-0.0039,0.003542,0.014133,0,0,0,0,0
0.1171779999999999,0.018359,0.026122,-0.00293,0.004189,0.013809,0,0,0,0,0
0.1171799999999999,0.016418,0.023533,-0.002283,0.005482,0.013809,0,0,0,0,0
0.117182,0.014476,0.023533,-0.002283,0.006452,0.014133,0,0,0,0,0
0.117184,0.012535,0.02321,-0.002283,0.007423,0.014133,0,0,0,0,0
0.117186,0.011564,0.024504,-0.002283,0.007746,0.013809,0,0,0,0,0
0.117188,0.011241,0.027093,-0.00196,0.008069,0.012839,0,0,0,0,0
0.1171899999999999,0.011241,0.028064,-0.001313,0.007746,0.01122,0,0,0,0,0
0.1171919999999999,0.010917,0.028387,-0.000989,0.007099,0.009602,0,0,0,0,0
0.1171939999999999,0.01027,0.028387,-1.8859e-05,0.006452,0.008308,0,0,0,0,0
0.117196,0.009947,0.027093,0.000952,0.006129,0.00669,0,0,0,0,0
0.117198,0.008976,0.026122,0.001275,0.006452,0.006043,0,0,0,0,0
0.1172,0.007035,0.025475,0.001598,0.006452,0.005719,0,0,0,0,0
0.117202,0.005741,0.025151,0.001598,0.006776,0.006043,0,0,0,0,0
0.1172039999999999,0.004123,0.025475,0.001922,0.007746,0.00669,0,0,0,0,0
0.1172059999999999,0.003476,0.028064,0.001275,0.007746,0.00669,0,0,0,0,0
0.1172079999999999,0.003152,0.030976,0.001275,0.008069,0.005719,0,0,0,0,0
0.11721,0.003152,0.033241,0.001275,0.008069,0.004101,0,0,0,0,0
0.117212,0.004123,0.036477,0.001275,0.008393,0.001512,0,0,0,0,0
0.117214,0.005093,0.038418,0.001598,0.007746,-0.001077,0,0,0,0,0
0.117216,0.005093,0.039065,0.001922,0.007746,-0.003989,0,0,0,0,0
0.1172179999999999,0.00477,0.038418,0.002569,0.008069,-0.007226,0,0,0,0,0
0.1172199999999999,0.004123,0.037124,0.002892,0.008393,-0.009167,0,0,0,0,0
0.1172219999999999,0.002829,0.03583,0.003863,0.008393,-0.011109,0,0,0,0,0
0.117224,0.001858,0.034535,0.00451,0.008069,-0.012403,0,0,0,0,0
0.117226,0.000887,0.033565,0.00451,0.008393,-0.013698,0,0,0,0,0
0.117228,0.000564,0.032594,0.00548,0.008069,-0.015316,0,0,0,0,0
0.11723,0.000887,0.031947,0.006127,0.008069,-0.016934,0,0,0,0,0
0.1172319999999999,0.001535,0.031299,0.006127,0.007746,-0.019199,0,0,0,0,0
0.1172339999999999,0.001858,0.030329,0.00645,0.007746,-0.021788,0,0,0,0,0
0.1172359999999999,0.002829,0.028387,0.007097,0.007423,-0.023406,0,0,0,0,0
0.117238,0.003799,0.025798,0.007097,0.007423,-0.024377,0,0,0,0,0
0.11724,0.00477,0.023533,0.007097,0.007746,-0.025348,0,0,0,0,0
0.117242,0.005093,0.020945,0.007421,0.008069,-0.025024,0,0,0,0,0
0.117244,0.005417,0.018356,0.007421,0.008716,-0.025024,0,0,0,0,0
0.1172459999999999,0.005741,0.017385,0.007744,0.008716,-0.024053,0,0,0,0,0
0.1172479999999999,0.006388,0.016738,0.007744,0.009039,-0.024701,0,0,0,0,0
0.11725,0.007358,0.017062,0.008068,0.008716,-0.025672,0,0,0,0,0
0.117252,0.008652,0.017385,0.008391,0.008069,-0.027613,0,0,0,0,0
0.117254,0.010594,0.015444,0.008391,0.007423,-0.031497,0,0,0,0,0
0.117256,0.011564,0.014149,0.008391,0.007099,-0.034086,0,0,0,0,0
0.117258,0.011564,0.011561,0.008715,0.007099,-0.036998,0,0,0,0,0
0.1172599999999999,0.011241,0.008972,0.008068,0.007099,-0.03894,0,0,0,0,0
0.1172619999999999,0.009623,0.006383,0.008068,0.007746,-0.039911,0,0,0,0,0
0.117264,0.008976,0.005413,0.008068,0.009363,-0.040881,0,0,0,0,0
0.117266,0.007682,0.005736,0.008068,0.01001,-0.042176,0,0,0,0,0
0.117268,0.007682,0.007354,0.008391,0.01098,-0.043794,0,0,0,0,0
0.11727,0.007682,0.007678,0.009361,0.010656,-0.046706,0,0,0,0,0
0.117272,0.008976,0.008001,0.009685,0.010656,-0.049295,0,0,0,0,0
0.1172739999999999,0.009947,0.008325,0.010655,0.01001,-0.052208,0,0,0,0,0
0.1172759999999999,0.011564,0.00703,0.011949,0.008716,-0.05415,0,0,0,0,0
0.117278,0.012211,0.004765,0.012596,0.008069,-0.055768,0,0,0,0,0
0.11728,0.012535,0.002824,0.01389,0.007099,-0.056415,0,0,0,0,0
0.117282,0.012211,0.00153,0.01486,0.007099,-0.056415,0,0,0,0,0
0.117284,0.012211,0.000882,0.016154,0.007746,-0.056415,0,0,0,0,0
0.117286,0.011564,0.000235,0.016801,0.008069,-0.056738,0,0,0,0,0
0.1172879999999999,0.011564,-0.000736,0.017771,0.009039,-0.057386,0,0,0,0,0
0.1172899999999999,0.011564,-8.8422e-05,0.019065,0.01001,-0.05868,0,0,0,0,0
0.117292,0.011564,-0.000412,0.019712,0.010656,-0.060622,0,0,0,0,0
0.117294,0.011564,-0.001706,0.020683,0.010656,-0.061916,0,0,0,0,0
0.117296,0.011888,-0.003001,0.021976,0.011303,-0.063211,0,0,0,0,0
0.117298,0.011241,-0.004619,0.022947,0.012273,-0.063211,0,0,0,0,0
0.1173,0.010917,-0.005913,0.023917,0.01292,-0.062887,0,0,0,0,0
0.1173019999999999,0.009623,-0.005913,0.025534,0.014537,-0.063211,0,0,0,0,0
0.1173039999999999,0.008976,-0.005913,0.026505,0.016154,-0.062887,0,0,0,0,0
0.117306,0.008652,-0.004295,0.027152,0.017124,-0.06224,0,0,0,0,0
0.117308,0.008652,0.000235,0.027799,0.018418,-0.063534,0,0,0,0,0
0.11731,0.009947,0.003471,0.028122,0.018741,-0.064182,0,0,0,0,0
0.117312,0.011241,0.005089,0.028122,0.019388,-0.064829,0,0,0,0,0
0.117314,0.012535,0.00606,0.028446,0.020358,-0.065152,0,0,0,0,0
0.1173159999999999,0.013506,0.005413,0.028446,0.021005,-0.064505,0,0,0,0,0
0.1173179999999999,0.014153,0.004118,0.028122,0.021975,-0.062887,0,0,0,0,0
0.11732,0.014476,0.0025,0.028122,0.023915,-0.060622,0,0,0,0,0
0.117322,0.014153,0.000235,0.027799,0.025209,-0.058033,0,0,0,0,0
0.117324,0.013829,0.000235,0.027152,0.026826,-0.055444,0,0,0,0,0
0.117326,0.014476,0.001853,0.026828,0.028443,-0.052855,0,0,0,0,0
0.1173279999999999,0.015123,0.004765,0.025534,0.02909,-0.051561,0,0,0,0,0
0.1173299999999999,0.016418,0.008001,0.024241,0.029413,-0.050266,0,0,0,0,0
0.1173319999999999,0.018035,0.011237,0.02327,0.029413,-0.049295,0,0,0,0,0
0.117334,0.018682,0.013179,0.0223,0.028766,-0.048325,0,0,0,0,0
0.117336,0.019006,0.015444,0.02133,0.028766,-0.04703,0,0,0,0,0
0.117338,0.019006,0.016091,0.021006,0.028443,-0.045736,0,0,0,0,0
0.11734,0.017712,0.016091,0.021006,0.02909,-0.04347,0,0,0,0,0
0.1173419999999999,0.016418,0.016414,0.020359,0.029736,-0.040234,0,0,0,0,0
0.1173439999999999,0.013506,0.01512,0.020036,0.03103,-0.036351,0,0,0,0,0
0.1173459999999999,0.011241,0.013502,0.018742,0.032,-0.032144,0,0,0,0,0
0.117348,0.0093,0.013502,0.017771,0.03297,-0.027937,0,0,0,0,0
0.11735,0.008005,0.013502,0.016154,0.033294,-0.024701,0,0,0,0,0
0.117352,0.008005,0.012855,0.014537,0.03297,-0.022112,0,0,0,0,0
0.117354,0.008005,0.011884,0.012596,0.03297,-0.020494,0,0,0,0,0
0.1173559999999999,0.008976,0.009943,0.010979,0.032647,-0.019847,0,0,0,0,0
0.1173579999999999,0.0093,0.007354,0.010332,0.032,-0.019199,0,0,0,0,0
0.1173599999999999,0.009947,0.004118,0.009685,0.031677,-0.017581,0,0,0,0,0
0.117362,0.0093,0.000235,0.008715,0.031353,-0.01661,0,0,0,0,0
0.117364,0.0093,-0.003001,0.008391,0.030707,-0.014992,0,0,0,0,0
0.117366,0.008652,-0.004942,0.008068,0.030383,-0.013374,0,0,0,0,0
0.117368,0.008652,-0.004619,0.007421,0.03006,-0.012403,0,0,0,0,0
0.1173699999999999,0.008976,-0.002354,0.00645,0.029413,-0.01208,0,0,0,0,0
0.1173719999999999,0.009947,0.00153,0.006127,0.028766,-0.012403,0,0,0,0,0
0.1173739999999999,0.010594,0.004118,0.005803,0.027473,-0.014021,0,0,0,0,0
0.117376,0.011564,0.00703,0.00548,0.026179,-0.01564,0,0,0,0,0
0.117378,0.012859,0.009619,0.00548,0.025209,-0.017258,0,0,0,0,0
0.11738,0.012859,0.01059,0.005157,0.024562,-0.017581,0,0,0,0,0
0.117382,0.012535,0.011561,0.005157,0.024239,-0.017258,0,0,0,0,0
0.1173839999999999,0.011564,0.012855,0.00451,0.024562,-0.01661,0,0,0,0,0
0.1173859999999999,0.01027,0.014797,0.004186,0.024886,-0.015963,0,0,0,0,0
0.1173879999999999,0.009947,0.018356,0.004186,0.024886,-0.015963,0,0,0,0,0
0.11739,0.01027,0.022239,0.004186,0.024886,-0.01661,0,0,0,0,0
0.117392,0.010594,0.025151,0.004833,0.024886,-0.018228,0,0,0,0,0
0.117394,0.011564,0.027416,0.005803,0.024562,-0.020817,0,0,0,0,0
0.117396,0.012859,0.02774,0.007421,0.024562,-0.022759,0,0,0,0,0
0.1173979999999999,0.013506,0.02774,0.008068,0.024562,-0.024053,0,0,0,0,0
0.1173999999999999,0.013182,0.02774,0.009361,0.024886,-0.024053,0,0,0,0,0
0.1174019999999999,0.013182,0.02774,0.010332,0.025209,-0.02373,0,0,0,0,0
0.117404,0.013506,0.02774,0.011302,0.026503,-0.023406,0,0,0,0,0
0.117406,0.013506,0.029358,0.011949,0.026503,-0.023406,0,0,0,0,0
0.117408,0.013506,0.030976,0.013243,0.026503,-0.024053,0,0,0,0,0
0.11741,0.014476,0.031947,0.014537,0.026826,-0.025348,0,0,0,0,0
0.1174119999999999,0.015447,0.032917,0.015507,0.026179,-0.026966,0,0,0,0,0
0.1174139999999999,0.016418,0.032594,0.017125,0.025856,-0.028584,0,0,0,0,0
0.1174159999999999,0.017065,0.031299,0.018742,0.024886,-0.030202,0,0,0,0,0
0.117418,0.017388,0.029034,0.020359,0.024239,-0.031173,0,0,0,0,0
0.11742,0.017388,0.026122,0.0223,0.023592,-0.031497,0,0,0,0,0
0.117422,0.016094,0.024504,0.023594,0.023269,-0.030849,0,0,0,0,0
0.117424,0.015447,0.02321,0.025211,0.022945,-0.029555,0,0,0,0,0
0.1174259999999999,0.013829,0.022239,0.026828,0.022945,-0.02826,0,0,0,0,0
0.1174279999999999,0.012535,0.023857,0.027799,0.022622,-0.026966,0,0,0,0,0
0.1174299999999999,0.011241,0.025475,0.029416,0.021975,-0.026319,0,0,0,0,0
0.117432,0.01027,0.02774,0.030386,0.021328,-0.025024,0,0,0,0,0
0.117434,0.009623,0.029681,0.031357,0.020682,-0.024377,0,0,0,0,0
0.117436,0.008652,0.03227,0.032327,0.019388,-0.023406,0,0,0,0,0
0.117438,0.007358,0.032917,0.033298,0.019065,-0.022112,0,0,0,0,0
0.1174399999999999,0.005741,0.033565,0.033621,0.019065,-0.020817,0,0,0,0,0
0.1174419999999999,0.003476,0.033888,0.034591,0.019388,-0.018876,0,0,0,0,0
0.1174439999999999,0.000887,0.034535,0.034591,0.020035,-0.016934,0,0,0,0,0
0.117446,-0.001054,0.035506,0.035238,0.020682,-0.014669,0,0,0,0,0
0.117448,-0.003319,0.0368,0.034915,0.022298,-0.012403,0,0,0,0,0
0.11745,-0.003966,0.038742,0.034591,0.022622,-0.011109,0,0,0,0,0
0.117452,-0.004289,0.041978,0.033298,0.023592,-0.010462,0,0,0,0,0
0.1174539999999999,-0.004289,0.043596,0.03168,0.023592,-0.009814,0,0,0,0,0
0.1174559999999999,-0.003642,0.044566,0.030063,0.023592,-0.009167,0,0,0,0,0
0.1174579999999999,-0.004289,0.045214,0.028446,0.023269,-0.008844,0,0,0,0,0
0.11746,-0.004936,0.044243,0.025858,0.023269,-0.007549,0,0,0,0,0
0.117462,-0.006554,0.042949,0.024241,0.023592,-0.005284,0,0,0,0,0
0.117464,-0.007525,0.041331,0.021653,0.024239,-0.003019,0,0,0,0,0
0.117466,-0.009466,0.040036,0.019065,0.024562,-0.000753,0,0,0,0,0
0.1174679999999999,-0.010113,0.039065,0.016154,0.025209,0.001188,0,0,0,0,0
0.1174699999999999,-0.010437,0.038418,0.013243,0.025209,0.002483,0,0,0,0,0
0.117472,-0.00979,0.038742,0.010332,0.025209,0.003454,0,0,0,0,0
0.117474,-0.007525,0.038095,0.008068,0.024562,0.00313,0,0,0,0,0
0.117476,-0.005583,0.036477,0.005803,0.024239,0.00313,0,0,0,0,0
0.117478,-0.003319,0.033565,0.004186,0.023592,0.00313,0,0,0,0,0
0.11748,-0.001701,0.030652,0.002892,0.023915,0.003454,0,0,0,0,0
0.1174819999999999,-0.001377,0.02774,0.001598,0.023915,0.005395,0,0,0,0,0
0.1174839999999999,-0.001377,0.026446,-1.8859e-05,0.025209,0.007013,0,0,0,0,0
0.117486,-0.002024,0.026122,-0.001313,0.026503,0.009602,0,0,0,0,0
0.117488,-0.002348,0.028387,-0.00293,0.027149,0.011544,0,0,0,0,0
0.11749,-0.001377,0.032594,-0.004871,0.027149,0.012515,0,0,0,0,0
0.117492,-0.000407,0.0368,-0.006812,0.026826,0.012191,0,0,0,0,0
0.117494,0.001535,0.040683,-0.007782,0.026179,0.010897,0,0,0,0,0
0.1174959999999999,0.003799,0.04489,-0.008429,0.025856,0.009279,0,0,0,0,0
0.1174979999999999,0.005417,0.048449,-0.009076,0.025532,0.008308,0,0,0,0,0
0.1175,0.006388,0.049744,-0.009399,0.024886,0.007337,0,0,0,0,0
0.117502,0.006711,0.051685,-0.009723,0.025532,0.007984,0,0,0,0,0
0.117504,0.005741,0.054274,-0.010693,0.026503,0.008308,0,0,0,0,0
0.117506,0.004446,0.056863,-0.011016,0.027473,0.009279,0,0,0,0,0
0.117508,0.003476,0.060099,-0.011987,0.028766,0.009602,0,0,0,0,0
0.1175099999999999,0.002505,0.063982,-0.012634,0.02909,0.009602,0,0,0,0,0
0.1175119999999999,0.002505,0.067865,-0.012957,0.029736,0.008308,0,0,0,0,0
0.117514,0.002182,0.071424,-0.012957,0.03006,0.007013,0,0,0,0,0
0.117516,0.002182,0.074013,-0.012957,0.030383,0.006043,0,0,0,0,0
0.117518,0.001535,0.074984,-0.01231,0.03103,0.005395,0,0,0,0,0
0.11752,0.000564,0.075631,-0.011663,0.032,0.005719,0,0,0,0,0
0.117522,-0.001054,0.075307,-0.01134,0.033294,0.007013,0,0,0,0,0
0.1175239999999999,-0.002995,0.075307,-0.01037,0.034264,0.008308,0,0,0,0,0
0.1175259999999999,-0.004613,0.076925,-0.009399,0.035557,0.009279,0,0,0,0,0
0.117528,-0.006231,0.077896,-0.008105,0.036528,0.009926,0,0,0,0,0
0.11753,-0.006554,0.079514,-0.006488,0.037174,0.008955,0,0,0,0,0
0.117532,-0.005907,0.080161,-0.004547,0.037821,0.007337,0,0,0,0,0
0.117534,-0.004936,0.077896,-0.002607,0.038468,0.004748,0,0,0,0,0
0.117536,-0.003642,0.075954,-0.000666,0.038791,0.002806,0,0,0,0,0
0.1175379999999999,-0.002995,0.071748,0.000952,0.039115,0.001512,0,0,0,0,0
0.1175399999999999,-0.002995,0.067865,0.002892,0.039438,0.001188,0,0,0,0,0
0.117542,-0.002995,0.063982,0.00451,0.040085,0.001188,0,0,0,0,0
0.117544,-0.003319,0.060099,0.006127,0.041055,0.001512,0,0,0,0,0
0.117546,-0.004289,0.056539,0.007421,0.041378,0.001512,0,0,0,0,0
0.117548,-0.004936,0.056216,0.008715,0.041702,0.001512,0,0,0,0,0
0.1175499999999999,-0.005907,0.055245,0.010655,0.041702,0.000865,0,0,0,0,0
0.1175519999999999,-0.006554,0.05395,0.012273,0.041055,0.000218,0,0,0,0,0
0.1175539999999999,-0.007525,0.053627,0.01389,0.041055,-0.000106,0,0,0,0,0
0.117556,-0.008172,0.054274,0.016154,0.041055,-0.001077,0,0,0,0,0
0.117558,-0.009142,0.053303,0.017448,0.041055,-0.001077,0,0,0,0,0
0.11756,-0.010113,0.051685,0.019065,0.040732,-0.001077,0,0,0,0,0
0.117562,-0.011731,0.048773,0.020036,0.041378,-0.000753,0,0,0,0,0
0.1175639999999999,-0.012701,0.046508,0.021653,0.042025,-0.000106,0,0,0,0,0
0.1175659999999999,-0.014319,0.042625,0.02327,0.043966,0.001188,0,0,0,0,0
0.1175679999999999,-0.015937,0.038742,0.024241,0.045259,0.002483,0,0,0,0,0
0.11757,-0.017555,0.037124,0.025211,0.046876,0.003454,0,0,0,0,0
0.117572,-0.018525,0.035506,0.025858,0.047846,0.003777,0,0,0,0,0
0.117574,-0.018525,0.034535,0.026181,0.049463,0.005072,0,0,0,0,0
0.117576,-0.019496,0.033888,0.026505,0.050757,0.006043,0,0,0,0,0
0.1175779999999999,-0.020143,0.033888,0.027152,0.05108,0.006366,0,0,0,0,0
0.1175799999999999,-0.021114,0.033241,0.027152,0.051727,0.007661,0,0,0,0,0
0.1175819999999999,-0.022731,0.032594,0.027475,0.05205,0.009279,0,0,0,0,0
0.117584,-0.024349,0.031623,0.028122,0.052374,0.011544,0,0,0,0,0
0.117586,-0.026937,0.030976,0.028769,0.05205,0.013809,0,0,0,0,0
0.117588,-0.029526,0.031623,0.029739,0.05205,0.015751,0,0,0,0,0
0.11759,-0.031143,0.032917,0.03071,0.051727,0.016722,0,0,0,0,0
0.1175919999999999,-0.032438,0.033888,0.032004,0.050433,0.016722,0,0,0,0,0
0.1175939999999999,-0.033085,0.034535,0.033621,0.049463,0.016075,0,0,0,0,0
0.1175959999999999,-0.033732,0.034212,0.034915,0.047846,0.015104,0,0,0,0,0
0.117598,-0.034379,0.032594,0.035885,0.046553,0.013809,0,0,0,0,0
0.1176,-0.03535,0.031299,0.037503,0.045583,0.013486,0,0,0,0,0
0.117602,-0.03632,0.028711,0.038149,0.045583,0.012839,0,0,0,0,0
0.117604,-0.037938,0.027416,0.039443,0.044612,0.012839,0,0,0,0,0
0.1176059999999999,-0.039879,0.027093,0.04009,0.044936,0.013162,0,0,0,0,0
0.1176079999999999,-0.041173,0.028064,0.040737,0.045259,0.013162,0,0,0,0,0
0.1176099999999999,-0.042144,0.029358,0.042031,0.045259,0.011868,0,0,0,0,0
0.117612,-0.042467,0.030976,0.042354,0.045583,0.009926,0,0,0,0,0
0.117614,-0.042467,0.031947,0.043001,0.045583,0.007984,0,0,0,0,0
0.117616,-0.042467,0.032917,0.043648,0.045583,0.004748,0,0,0,0,0
0.117618,-0.042467,0.030976,0.043648,0.044936,0.001836,0,0,0,0,0
0.1176199999999999,-0.042467,0.028387,0.043648,0.044936,-0.00043,0,0,0,0,0
0.1176219999999999,-0.043438,0.025475,0.043648,0.044612,-0.001077,0,0,0,0,0
0.1176239999999999,-0.044085,0.022239,0.042354,0.044936,-0.001401,0,0,0,0,0
0.117626,-0.045379,0.019974,0.042354,0.045583,-0.001401,0,0,0,0,0
0.117628,-0.046026,0.01868,0.041707,0.045583,-0.001724,0,0,0,0,0
0.11763,-0.04635,0.017385,0.040737,0.044936,-0.001077,0,0,0,0,0
0.117632,-0.045703,0.017062,0.04009,0.044289,-0.001724,0,0,0,0,0
0.1176339999999999,-0.045056,0.016091,0.039767,0.043319,-0.002695,0,0,0,0,0
0.1176359999999999,-0.044409,0.014473,0.038796,0.042025,-0.003342,0,0,0,0,0
0.1176379999999999,-0.043438,0.012855,0.038149,0.041055,-0.003989,0,0,0,0,0
0.11764,-0.043438,0.009296,0.038149,0.039762,-0.003342,0,0,0,0,0
0.117642,-0.043762,0.005736,0.037826,0.039438,-0.002371,0,0,0,0,0
0.117644,-0.044085,0.003471,0.037826,0.038468,-0.001401,0,0,0,0,0
0.117646,-0.044409,0.00153,0.037826,0.037498,0.000541,0,0,0,0,0
0.1176479999999999,-0.044409,0.000882,0.038796,0.037174,0.001512,0,0,0,0,0
0.1176499999999999,-0.043115,0.00153,0.04009,0.036204,0.002806,0,0,0,0,0
0.1176519999999999,-0.042144,0.001853,0.041384,0.034587,0.003454,0,0,0,0,0
0.117654,-0.040526,0.0025,0.042354,0.03297,0.004101,0,0,0,0,0
0.117656,-0.038908,0.0025,0.044295,0.032,0.004748,0,0,0,0,0
0.117658,-0.037291,0.002177,0.045912,0.031353,0.005719,0,0,0,0,0
0.11766,-0.03632,0.001853,0.046883,0.030383,0.007661,0,0,0,0,0
0.1176619999999999,-0.035997,0.000559,0.048177,0.030383,0.009926,0,0,0,0,0
0.1176639999999999,-0.03632,-8.8422e-05,0.048824,0.03006,0.011868,0,0,0,0,0
0.1176659999999999,-0.03632,-0.000736,0.049471,0.029736,0.01478,0,0,0,0,0
0.117668,-0.036967,-0.000736,0.049794,0.029736,0.017045,0,0,0,0,0
0.11767,-0.036967,-0.001383,0.050764,0.029413,0.018664,0,0,0,0,0
0.117672,-0.036644,-0.001706,0.051088,0.02909,0.020282,0,0,0,0,0
0.117674,-0.035673,-0.001059,0.052705,0.028443,0.021252,0,0,0,0,0
0.1176759999999999,-0.034702,-0.001706,0.053676,0.028766,0.022223,0,0,0,0,0
0.1176779999999999,-0.033732,-0.002677,0.055293,0.028766,0.023518,0,0,0,0,0
0.1176799999999999,-0.032761,-0.003648,0.057234,0.029736,0.024812,0,0,0,0,0
0.117682,-0.032114,-0.004619,0.058204,0.03006,0.02643,0,0,0,0,0
0.117684,-0.031467,-0.005589,0.059821,0.03103,0.028696,0,0,0,0,0
0.117686,-0.031791,-0.00656,0.061115,0.031353,0.030961,0,0,0,0,0
0.117688,-0.03082,-0.006884,0.061439,0.032,0.033226,0,0,0,0,0
0.1176899999999999,-0.030496,-0.005589,0.062732,0.033294,0.034844,0,0,0,0,0
0.1176919999999999,-0.029202,-0.003324,0.063703,0.033617,0.036139,0,0,0,0,0
0.117694,-0.027584,-0.000736,0.064673,0.034587,0.036462,0,0,0,0,0
0.117696,-0.025967,0.002824,0.06532,0.035557,0.036462,0,0,0,0,0
0.117698,-0.023702,0.003795,0.06629,0.036528,0.036139,0,0,0,0,0
0.1177,-0.022084,0.004442,0.066614,0.037498,0.036462,0,0,0,0,0
0.117702,-0.020466,0.003795,0.066937,0.038468,0.036786,0,0,0,0,0
0.1177039999999999,-0.019496,0.002824,0.067584,0.040085,0.037757,0,0,0,0,0
0.1177059999999999,-0.018849,0.002824,0.067261,0.041055,0.038404,0,0,0,0,0
0.117708,-0.017878,0.005089,0.066614,0.042025,0.038728,0,0,0,0,0
0.11771,-0.01626,0.008325,0.066937,0.042995,0.038404,0,0,0,0,0
0.117712,-0.013672,0.012531,0.06629,0.042672,0.03711,0,0,0,0,0
0.117714,-0.011407,0.014797,0.065644,0.042349,0.034844,0,0,0,0,0
0.117716,-0.008495,0.017062,0.06532,0.042025,0.032903,0,0,0,0,0
0.1177179999999999,-0.005907,0.018032,0.064997,0.041378,0.031608,0,0,0,0,0
0.1177199999999999,-0.004936,0.017062,0.064026,0.041055,0.031285,0,0,0,0,0
0.117722,-0.004613,0.016091,0.063379,0.041055,0.031285,0,0,0,0,0
0.117724,-0.00526,0.015767,0.062085,0.041055,0.031932,0,0,0,0,0
0.117726,-0.005583,0.016091,0.061439,0.041378,0.032903,0,0,0,0,0
0.117728,-0.006231,0.017385,0.061115,0.041378,0.032903,0,0,0,0,0
0.11773,-0.005907,0.019974,0.061115,0.041055,0.031932,0,0,0,0,0
0.1177319999999999,-0.004613,0.022239,0.061115,0.039762,0.030314,0,0,0,0,0
0.1177339999999999,-0.002995,0.025798,0.062085,0.038468,0.028372,0,0,0,0,0
0.117736,-0.001054,0.028064,0.062409,0.036528,0.025783,0,0,0,0,0
0.117738,0.00024,0.02774,0.062732,0.034264,0.024812,0,0,0,0,0
0.11774,0.000887,0.02774,0.062409,0.032324,0.022871,0,0,0,0,0
0.117742,0.001211,0.026769,0.061439,0.03006,0.022547,0,0,0,0,0
0.117744,0.000564,0.026446,0.061115,0.028443,0.022547,0,0,0,0,0
0.1177459999999999,-0.000407,0.026446,0.059821,0.026826,0.022223,0,0,0,0,0
0.1177479999999999,-0.001377,0.026446,0.058527,0.025856,0.021576,0,0,0,0,0
0.11775,-0.001377,0.027416,0.05788,0.024886,0.019311,0,0,0,0,0
0.117752,-0.001054,0.028711,0.056263,0.023915,0.016722,0,0,0,0,0
0.117754,-0.000407,0.029034,0.055616,0.022622,0.013486,0,0,0,0,0
0.117756,0.000887,0.029358,0.053999,0.021652,0.009926,0,0,0,0,0
0.117758,0.001535,0.029034,0.051735,0.021005,0.00669,0,0,0,0,0
0.1177599999999999,0.002182,0.028387,0.051088,0.020035,0.003454,0,0,0,0,0
0.1177619999999999,0.002182,0.028064,0.049471,0.019711,0.000865,0,0,0,0,0
0.117764,0.001535,0.026769,0.0485,0.019388,-0.001077,0,0,0,0,0
0.117766,0.00024,0.026122,0.047853,0.019065,-0.002695,0,0,0,0,0
0.117768,-0.000407,0.027093,0.046559,0.019065,-0.004637,0,0,0,0,0
0.11777,-0.001377,0.028387,0.045912,0.018741,-0.006255,0,0,0,0,0
0.1177719999999999,-0.002348,0.029358,0.044942,0.017771,-0.007873,0,0,0,0,0
0.1177739999999999,-0.002348,0.030329,0.043648,0.016801,-0.009814,0,0,0,0,0
0.1177759999999999,-0.002348,0.030005,0.042354,0.015184,-0.011433,0,0,0,0,0
0.117778,-0.002995,0.029681,0.042031,0.013567,-0.012727,0,0,0,0,0
0.11778,-0.003966,0.02774,0.041061,0.011627,-0.013698,0,0,0,0,0
0.117782,-0.00526,0.024828,0.041061,0.010333,-0.013374,0,0,0,0,0
0.117784,-0.007525,0.02321,0.04009,0.008393,-0.011756,0,0,0,0,0
0.1177859999999999,-0.009466,0.021592,0.04009,0.007099,-0.010138,0,0,0,0,0
0.1177879999999999,-0.011084,0.019003,0.038796,0.005159,-0.007549,0,0,0,0,0
0.1177899999999999,-0.012054,0.017385,0.037503,0.003865,-0.005284,0,0,0,0,0
0.117792,-0.012701,0.017709,0.035885,0.002248,-0.003342,0,0,0,0,0
0.117794,-0.012378,0.017385,0.034915,0.000308,-0.002048,0,0,0,0,0
0.117796,-0.011731,0.017385,0.033298,-0.001309,-0.001077,0,0,0,0,0
0.117798,-0.010113,0.016091,0.031357,-0.003573,0.000218,0,0,0,0,0
0.1177999999999999,-0.009466,0.013826,0.029416,-0.00519,0.001512,0,0,0,0,0
0.1178019999999999,-0.008819,0.01059,0.028122,-0.00616,0.003777,0,0,0,0,0
0.1178039999999999,-0.008819,0.007678,0.026828,-0.006483,0.006043,0,0,0,0,0
0.117806,-0.009142,0.005089,0.025211,-0.006483,0.009602,0,0,0,0,0
0.117808,-0.008819,0.003795,0.022947,-0.006807,0.012839,0,0,0,0,0
0.11781,-0.009142,0.004118,0.020683,-0.00713,0.016075,0,0,0,0,0
0.117812,-0.007525,0.005089,0.018418,-0.007777,0.01834,0,0,0,0,0
0.1178139999999999,-0.005907,0.004442,0.016154,-0.008747,0.020282,0,0,0,0,0
0.1178159999999999,-0.003966,0.004118,0.013566,-0.009717,0.020929,0,0,0,0,0
0.1178179999999999,-0.002024,0.0025,0.011626,-0.010364,0.0219,0,0,0,0,0
0.11782,-0.00073,0.000559,0.009361,-0.011011,0.023194,0,0,0,0,0
0.117822,-0.000407,-0.003001,0.007421,-0.010687,0.025459,0,0,0,0,0
0.117824,-0.001054,-0.00656,0.005803,-0.009394,0.028048,0,0,0,0,0
0.117826,-0.002024,-0.008502,0.003863,-0.008424,0.031932,0,0,0,0,0
0.1178279999999999,-0.003642,-0.008825,0.002569,-0.00713,0.035491,0,0,0,0,0
0.1178299999999999,-0.004936,-0.007854,0.000305,-0.006483,0.03808,0,0,0,0,0
0.1178319999999999,-0.006231,-0.006237,-0.001313,-0.005513,0.039375,0,0,0,0,0
0.117834,-0.006231,-0.003971,-0.003253,-0.005513,0.040022,0,0,0,0,0
0.117836,-0.005907,-0.002354,-0.004871,-0.00519,0.040022,0,0,0,0,0
0.117838,-0.005583,-0.001383,-0.006165,-0.00519,0.040022,0,0,0,0,0
0.11784,-0.005583,-0.002354,-0.008105,-0.00519,0.040669,0,0,0,0,0
0.1178419999999999,-0.00526,-0.003648,-0.01037,-0.004866,0.041317,0,0,0,0,0
0.1178439999999999,-0.005907,-0.003971,-0.011987,-0.00422,0.042611,0,0,0,0,0
0.1178459999999999,-0.006231,-0.004619,-0.014251,-0.003896,0.044553,0,0,0,0,0
0.117848,-0.007525,-0.004619,-0.016192,-0.00422,0.045524,0,0,0,0,0
0.11785,-0.007848,-0.003001,-0.017809,-0.004543,0.046494,0,0,0,0,0
0.117852,-0.007201,0.000882,-0.019426,-0.00519,0.045847,0,0,0,0,0
0.117854,-0.006878,0.003795,-0.020397,-0.006807,0.043905,0,0,0,0,0
0.1178559999999999,-0.005907,0.005413,-0.02072,-0.007777,0.041964,0,0,0,0,0
0.1178579999999999,-0.00526,0.005736,-0.021367,-0.009394,0.040022,0,0,0,0,0
0.1178599999999999,-0.00526,0.004442,-0.021691,-0.010687,0.038404,0,0,0,0,0
0.117862,-0.00526,0.003795,-0.021367,-0.011981,0.037433,0,0,0,0,0
0.117864,-0.006554,0.002824,-0.021367,-0.012951,0.03711,0,0,0,0,0
0.117866,-0.007525,0.002824,-0.02072,-0.013921,0.036786,0,0,0,0,0
0.117868,-0.008819,0.004118,-0.020397,-0.014245,0.03711,0,0,0,0,0
0.1178699999999999,-0.009466,0.005736,-0.020073,-0.014568,0.035815,0,0,0,0,0
0.1178719999999999,-0.00979,0.007678,-0.019103,-0.014891,0.035168,0,0,0,0,0
0.1178739999999999,-0.00979,0.009619,-0.018133,-0.015215,0.033226,0,0,0,0,0
0.117876,-0.009142,0.01059,-0.017486,-0.015538,0.031285,0,0,0,0,0
0.117878,-0.009142,0.01059,-0.016515,-0.015862,0.029666,0,0,0,0,0
0.11788,-0.008819,0.01059,-0.015545,-0.016185,0.027401,0,0,0,0,0
0.117882,-0.008495,0.009943,-0.014898,-0.015862,0.025783,0,0,0,0,0
0.1178839999999999,-0.008495,0.008972,-0.014575,-0.015862,0.024489,0,0,0,0,0
0.1178859999999999,-0.009142,0.008001,-0.013604,-0.015215,0.023841,0,0,0,0,0
0.1178879999999999,-0.009466,0.007354,-0.012957,-0.014891,0.022547,0,0,0,0,0
0.11789,-0.009142,0.007354,-0.012634,-0.013921,0.020929,0,0,0,0,0
0.117892,-0.008819,0.007354,-0.012634,-0.012628,0.018987,0,0,0,0,0
0.117894,-0.007525,0.008648,-0.012634,-0.012304,0.016398,0,0,0,0,0
0.117896,-0.005583,0.009619,-0.012634,-0.012304,0.013162,0,0,0,0,0
0.1178979999999999,-0.002995,0.008648,-0.012634,-0.011981,0.01025,0,0,0,0,0
0.1178999999999999,-0.00073,0.007678,-0.01231,-0.011981,0.007661,0,0,0,0,0
0.1179019999999999,0.001211,0.004765,-0.011987,-0.011657,0.005395,0,0,0,0,0
0.117904,0.002505,0.0025,-0.01134,-0.011334,0.004748,0,0,0,0,0
0.117906,0.003799,-0.001059,-0.01037,-0.010364,0.004748,0,0,0,0,0
0.117908,0.003799,-0.00203,-0.010046,-0.009717,0.004748,0,0,0,0,0
0.11791,0.005093,-0.002354,-0.009723,-0.00907,0.005072,0,0,0,0,0
0.1179119999999999,0.006064,-0.001706,-0.009076,-0.008747,0.004101,0,0,0,0,0
0.1179139999999999,0.008329,-0.001059,-0.009399,-0.009394,0.003777,0,0,0,0,0
0.1179159999999999,0.010594,-0.001383,-0.009399,-0.010041,0.001512,0,0,0,0,0
0.117918,0.013182,-0.002354,-0.009723,-0.011334,0.000541,0,0,0,0,0
0.11792,0.01577,-0.004942,-0.010046,-0.011981,-0.000106,0,0,0,0,0
0.117922,0.016418,-0.008502,-0.010693,-0.013274,-0.00043,0,0,0,0,0
0.117924,0.016741,-0.012061,-0.01134,-0.013598,-0.000106,0,0,0,0,0
0.1179259999999999,0.01577,-0.014326,-0.011987,-0.013921,0.000865,0,0,0,0,0
0.1179279999999999,0.015123,-0.014973,-0.013928,-0.013921,0.000865,0,0,0,0,0
0.11793,0.0148,-0.014003,-0.014898,-0.013921,0.001188,0,0,0,0,0
0.117932,0.014476,-0.012061,-0.016192,-0.014891,0.000541,0,0,0,0,0
0.117934,0.014476,-0.008825,-0.017486,-0.016508,-0.001724,0,0,0,0,0
0.117936,0.014476,-0.005589,-0.019103,-0.017802,-0.003989,0,0,0,0,0
0.117938,0.0148,-0.004295,-0.020397,-0.019419,-0.006255,0,0,0,0,0
0.1179399999999999,0.0148,-0.004619,-0.021367,-0.021683,-0.007226,0,0,0,0,0
0.1179419999999999,0.013506,-0.005589,-0.022338,-0.022976,-0.007549,0,0,0,0,0
0.117944,0.011241,-0.007207,-0.022661,-0.0233,-0.007226,0,0,0,0,0
0.117946,0.008976,-0.008825,-0.022985,-0.023946,-0.005607,0,0,0,0,0
0.117948,0.007035,-0.01012,-0.024278,-0.023946,-0.004637,0,0,0,0,0
0.11795,0.005417,-0.009472,-0.024602,-0.023946,-0.003666,0,0,0,0,0
0.117952,0.00477,-0.008502,-0.025572,-0.023946,-0.003989,0,0,0,0,0
0.1179539999999999,0.004123,-0.007854,-0.026866,-0.023946,-0.004637,0,0,0,0,0
0.1179559999999999,0.004123,-0.009149,-0.02816,-0.02427,-0.005284,0,0,0,0,0
0.117958,0.003476,-0.01109,-0.028807,-0.02427,-0.005931,0,0,0,0,0
0.11796,0.002829,-0.013355,-0.029777,-0.023946,-0.005607,0,0,0,0,0
0.117962,0.001858,-0.016268,-0.030748,-0.0233,-0.004637,0,0,0,0,0
0.117964,0.000564,-0.017886,-0.031718,-0.022976,-0.003342,0,0,0,0,0
0.117966,-0.00073,-0.018209,-0.032365,-0.022329,-0.001724,0,0,0,0,0
0.1179679999999999,-0.001377,-0.016591,-0.033335,-0.021683,0.000218,0,0,0,0,0
0.1179699999999999,-0.001701,-0.013679,-0.034629,-0.022006,0.002159,0,0,0,0,0
0.117972,-0.001377,-0.011414,-0.03657,-0.022653,0.002806,0,0,0,0,0
0.117974,-0.00073,-0.008825,-0.039158,-0.022653,0.003454,0,0,0,0,0
0.117976,-8.3218e-05,-0.007207,-0.041745,-0.023946,0.00313,0,0,0,0,0
0.117978,0.000564,-0.006884,-0.043686,-0.024593,0.002483,0,0,0,0,0
0.11798,0.000564,-0.006884,-0.04595,-0.024916,0.002483,0,0,0,0,0
0.1179819999999999,0.00024,-0.008825,-0.048214,-0.024916,0.002483,0,0,0,0,0
0.1179839999999999,-0.000407,-0.009472,-0.049508,-0.02427,0.003777,0,0,0,0,0
0.117986,-0.002024,-0.008825,-0.051772,-0.022976,0.004748,0,0,0,0,0
0.117988,-0.002672,-0.008178,-0.053713,-0.021359,0.006043,0,0,0,0,0
0.11799,-0.003319,-0.005266,-0.055977,-0.020066,0.007337,0,0,0,0,0
0.117992,-0.003642,-0.002354,-0.058242,-0.019095,0.007661,0,0,0,0,0
0.1179939999999999,-0.002995,-8.8422e-05,-0.060506,-0.018449,0.007337,0,0,0,0,0
0.1179959999999999,-0.001701,0.001206,-0.062447,-0.017479,0.006043,0,0,0,0,0
0.1179979999999999,-0.000407,0.001206,-0.064064,-0.016832,0.005072,0,0,0,0,0
0.118,0.000887,-0.00203,-0.065681,-0.016185,0.004101,0,0,0,0,0
0.118002,0.001858,-0.005589,-0.067299,-0.014891,0.003777,0,0,0,0,0
0.118004,0.001858,-0.01012,-0.068592,-0.013274,0.004101,0,0,0,0,0
0.118006,0.001211,-0.014003,-0.070533,-0.011657,0.005072,0,0,0,0,0
0.1180079999999999,0.000564,-0.017562,-0.071827,-0.010041,0.006366,0,0,0,0,0
0.1180099999999999,-8.3218e-05,-0.020474,-0.073121,-0.008424,0.007337,0,0,0,0,0
0.1180119999999999,-0.00073,-0.020798,-0.074738,-0.00713,0.007984,0,0,0,0,0
0.118014,-0.001054,-0.021445,-0.075062,-0.006483,0.007013,0,0,0,0,0
0.118016,-0.00073,-0.021769,-0.076032,-0.00616,0.005719,0,0,0,0,0
0.118018,-0.001054,-0.022092,-0.076032,-0.005836,0.003777,0,0,0,0,0
0.11802,-0.001054,-0.02371,-0.076032,-0.005513,0.002806,0,0,0,0,0
0.1180219999999999,-0.001054,-0.025975,-0.076032,-0.004543,0.001512,0,0,0,0,0
0.1180239999999999,-0.002024,-0.028888,-0.076355,-0.003573,0.001512,0,0,0,0,0
0.1180259999999999,-0.002995,-0.031153,-0.077002,-0.002926,0.001188,0,0,0,0,0
0.118028,-0.003319,-0.0318,-0.07862,-0.000986,0.001836,0,0,0,0,0
0.11803,-0.003966,-0.032123,-0.079913,0.000631,0.002159,0,0,0,0,0
0.118032,-0.004936,-0.031476,-0.080884,0.001925,0.001512,0,0,0,0,0
0.118034,-0.004936,-0.029535,-0.082178,0.003542,0.000541,0,0,0,0,0
0.1180359999999999,-0.005583,-0.028564,-0.083795,0.004512,-0.000753,0,0,0,0,0
0.1180379999999999,-0.006231,-0.028888,-0.084765,0.005806,-0.002695,0,0,0,0,0
0.1180399999999999,-0.007525,-0.028888,-0.086383,0.006776,-0.003342,0,0,0,0,0
0.118042,-0.008495,-0.029211,-0.086706,0.007746,-0.004313,0,0,0,0,0
0.118044,-0.010437,-0.029535,-0.087353,0.009039,-0.005284,0,0,0,0,0
0.118046,-0.012378,-0.029211,-0.08897,0.009686,-0.006578,0,0,0,0,0
0.118048,-0.014319,-0.029535,-0.08897,0.010333,-0.007873,0,0,0,0,0
0.1180499999999999,-0.015937,-0.029211,-0.089617,0.010333,-0.010138,0,0,0,0,0
0.1180519999999999,-0.017231,-0.028564,-0.089294,0.010656,-0.012727,0,0,0,0,0
0.1180539999999999,-0.018849,-0.028888,-0.08897,0.01098,-0.01564,0,0,0,0,0
0.118056,-0.019819,-0.029858,-0.088323,0.01098,-0.018552,0,0,0,0,0
0.118058,-0.02079,-0.031476,-0.088323,0.01098,-0.020817,0,0,0,0,0
0.11806,-0.022084,-0.032447,-0.087677,0.011303,-0.023083,0,0,0,0,0
0.118062,-0.023378,-0.033741,-0.087353,0.011303,-0.025024,0,0,0,0,0
0.1180639999999999,-0.024025,-0.036006,-0.086383,0.01098,-0.026642,0,0,0,0,0
0.1180659999999999,-0.024025,-0.037624,-0.086706,0.010656,-0.027613,0,0,0,0,0
0.1180679999999999,-0.024349,-0.037624,-0.086059,0.011303,-0.029231,0,0,0,0,0
0.11807,-0.024025,-0.037948,-0.085736,0.01098,-0.030849,0,0,0,0,0
0.118072,-0.023378,-0.036977,-0.085412,0.011303,-0.032467,0,0,0,0,0
0.118074,-0.022731,-0.036006,-0.085736,0.01195,-0.034733,0,0,0,0,0
0.118076,-0.022084,-0.034065,-0.086059,0.012597,-0.036351,0,0,0,0,0
0.1180779999999999,-0.021761,-0.033418,-0.086383,0.013567,-0.038293,0,0,0,0,0
0.1180799999999999,-0.021114,-0.032447,-0.08703,0.014214,-0.039263,0,0,0,0,0
0.1180819999999999,-0.021114,-0.032447,-0.088,0.015507,-0.039911,0,0,0,0,0
0.118084,-0.021437,-0.031153,-0.088323,0.016477,-0.039263,0,0,0,0,0
0.118086,-0.022084,-0.029858,-0.089617,0.017448,-0.038616,0,0,0,0,0
0.118088,-0.022731,-0.026946,-0.090264,0.018741,-0.037322,0,0,0,0,0
0.11809,-0.023055,-0.023387,-0.089941,0.019388,-0.036674,0,0,0,0,0
0.1180919999999999,-0.022731,-0.018856,-0.090588,0.019711,-0.036351,0,0,0,0,0
0.1180939999999999,-0.022084,-0.013679,-0.090264,0.019711,-0.037322,0,0,0,0,0
0.1180959999999999,-0.02079,-0.009472,-0.090264,0.020035,-0.039587,0,0,0,0,0
0.118098,-0.019172,-0.006237,-0.089294,0.020035,-0.041529,0,0,0,0,0
0.1181,-0.017878,-0.004619,-0.088323,0.020035,-0.042823,0,0,0,0,0
0.118102,-0.016584,-0.004619,-0.08703,0.020035,-0.042823,0,0,0,0,0
0.118104,-0.01626,-0.005913,-0.085412,0.020358,-0.042176,0,0,0,0,0
0.1181059999999999,-0.016584,-0.007207,-0.083795,0.021328,-0.040881,0,0,0,0,0
0.1181079999999999,-0.016908,-0.008502,-0.082178,0.022298,-0.038616,0,0,0,0,0
0.1181099999999999,-0.016584,-0.008502,-0.080237,0.022945,-0.037322,0,0,0,0,0
0.118112,-0.015937,-0.007854,-0.07959,0.023915,-0.037322,0,0,0,0,0
0.118114,-0.014319,-0.007207,-0.078296,0.024886,-0.037322,0,0,0,0,0
0.118116,-0.012378,-0.006237,-0.076679,0.025532,-0.038616,0,0,0,0,0
0.118118,-0.00979,-0.006237,-0.074738,0.026503,-0.039911,0,0,0,0,0
0.1181199999999999,-0.008495,-0.008178,-0.073121,0.027796,-0.041205,0,0,0,0,0
0.1181219999999999,-0.006878,-0.010767,-0.07118,0.02909,-0.042499,0,0,0,0,0
0.1181239999999999,-0.006231,-0.013032,-0.069239,0.031677,-0.041852,0,0,0,0,0
0.118126,-0.006231,-0.013355,-0.067945,0.03394,-0.040881,0,0,0,0,0
0.118128,-0.006878,-0.012061,-0.066328,0.037498,-0.039911,0,0,0,0,0
0.11813,-0.007848,-0.010443,-0.064711,0.040085,-0.03894,0,0,0,0,0
0.118132,-0.007848,-0.007207,-0.06374,0.042349,-0.03894,0,0,0,0,0
0.1181339999999999,-0.008495,-0.004295,-0.062447,0.044289,-0.039911,0,0,0,0,0
0.1181359999999999,-0.007848,-0.002354,-0.061153,0.045583,-0.040881,0,0,0,0,0
0.1181379999999999,-0.007848,-0.001706,-0.059859,0.047199,-0.041852,0,0,0,0,0
0.11814,-0.008172,-0.001383,-0.058242,0.048816,-0.042176,0,0,0,0,0
0.118142,-0.008819,-0.001383,-0.056624,0.05108,-0.041852,0,0,0,0,0
0.118144,-0.009466,-0.001059,-0.055007,0.053021,-0.040881,0,0,0,0,0
0.118146,-0.010437,-0.000412,-0.053713,0.055284,-0.039263,0,0,0,0,0
0.1181479999999999,-0.010437,0.000235,-0.052096,0.056901,-0.037645,0,0,0,0,0
0.1181499999999999,-0.010437,0.0025,-0.051449,0.058842,-0.036674,0,0,0,0,0
0.118152,-0.009466,0.004442,-0.050479,0.059812,-0.03538,0,0,0,0,0
0.118154,-0.008172,0.005089,-0.050155,0.060782,-0.034409,0,0,0,0,0
0.118156,-0.006554,0.004765,-0.049832,0.061105,-0.034409,0,0,0,0,0
0.118158,-0.003966,0.003471,-0.049832,0.061429,-0.033438,0,0,0,0,0
0.11816,-0.002024,0.002177,-0.050155,0.061752,-0.032791,0,0,0,0,0
0.1181619999999999,-0.00073,-8.8422e-05,-0.049832,0.061429,-0.031173,0,0,0,0,0
0.1181639999999999,0.000887,-0.003001,-0.049832,0.061429,-0.029555,0,0,0,0,0
0.118166,0.001858,-0.004295,-0.049508,0.061105,-0.026966,0,0,0,0,0
0.118168,0.002505,-0.005589,-0.048214,0.060458,-0.024701,0,0,0,0,0
0.11817,0.003799,-0.006237,-0.047567,0.059812,-0.022435,0,0,0,0,0
0.118172,0.00477,-0.005589,-0.047244,0.058842,-0.020494,0,0,0,0,0
0.118174,0.006711,-0.004295,-0.045627,0.057548,-0.019199,0,0,0,0,0
0.1181759999999999,0.008976,-0.003971,-0.04498,0.056254,-0.017905,0,0,0,0,0
0.1181779999999999,0.010917,-0.003971,-0.043686,0.055284,-0.016934,0,0,0,0,0
0.11818,0.012535,-0.004942,-0.042716,0.053667,-0.015316,0,0,0,0,0
0.118182,0.014153,-0.007207,-0.041745,0.052697,-0.014021,0,0,0,0,0
0.118184,0.015123,-0.008825,-0.040775,0.05205,-0.011756,0,0,0,0,0
0.118186,0.016418,-0.01012,-0.040451,0.051404,-0.009167,0,0,0,0,0
0.118188,0.017065,-0.011414,-0.039804,0.050433,-0.006902,0,0,0,0,0
0.1181899999999999,0.018035,-0.011738,-0.039158,0.049463,-0.00496,0,0,0,0,0
0.1181919999999999,0.019977,-0.011414,-0.038511,0.04914,-0.003666,0,0,0,0,0
0.118194,0.022241,-0.010443,-0.037864,0.047846,-0.003019,0,0,0,0,0
0.118196,0.02483,-0.009796,-0.036893,0.046876,-0.003019,0,0,0,0,0
0.118198,0.026771,-0.01012,-0.035599,0.045906,-0.003019,0,0,0,0,0
0.1182,0.028065,-0.01109,-0.034306,0.044612,-0.002371,0,0,0,0,0
0.118202,0.029683,-0.013032,-0.032688,0.044612,-0.002048,0,0,0,0,0
0.1182039999999999,0.03033,-0.015621,-0.031394,0.044289,-0.000753,0,0,0,0,0
0.1182059999999999,0.03033,-0.018209,-0.029777,0.043966,0.000865,0,0,0,0,0
0.118208,0.030977,-0.019827,-0.02816,0.043966,0.002806,0,0,0,0,0
0.11821,0.031301,-0.01918,-0.026543,0.043642,0.003777,0,0,0,0,0
0.118212,0.032271,-0.017886,-0.025249,0.043642,0.00313,0,0,0,0,0
0.118214,0.033565,-0.016268,-0.023308,0.043642,0.001836,0,0,0,0,0
0.1182159999999999,0.03486,-0.015297,-0.021691,0.043319,-0.000106,0,0,0,0,0
0.1182179999999999,0.036477,-0.014973,-0.02072,0.042995,-0.002695,0,0,0,0,0
0.1182199999999999,0.037124,-0.016268,-0.020397,0.043642,-0.003989,0,0,0,0,0
0.118222,0.036801,-0.017238,-0.020073,0.043966,-0.004637,0,0,0,0,0
0.118224,0.03583,-0.017886,-0.020397,0.044612,-0.003989,0,0,0,0,0
0.118226,0.034536,-0.017562,-0.020397,0.045583,-0.003342,0,0,0,0,0
0.118228,0.032918,-0.016915,-0.02072,0.046229,-0.002371,0,0,0,0,0
0.1182299999999999,0.030977,-0.014973,-0.021367,0.046876,-0.002048,0,0,0,0,0
0.1182319999999999,0.03033,-0.012061,-0.021367,0.047523,-0.003019,0,0,0,0,0
0.1182339999999999,0.030653,-0.010443,-0.021691,0.047199,-0.004313,0,0,0,0,0
0.118236,0.031301,-0.010443,-0.022014,0.046553,-0.005607,0,0,0,0,0
0.118238,0.032918,-0.009796,-0.022661,0.046229,-0.007226,0,0,0,0,0
0.11824,0.033889,-0.008825,-0.022985,0.045906,-0.008196,0,0,0,0,0
0.118242,0.034536,-0.007854,-0.023308,0.045906,-0.008844,0,0,0,0,0
0.1182439999999999,0.03486,-0.006237,-0.023955,0.045906,-0.008196,0,0,0,0,0
0.1182459999999999,0.033889,-0.004619,-0.024602,0.046229,-0.007226,0,0,0,0,0
0.1182479999999999,0.033242,-0.002354,-0.025249,0.046553,-0.005607,0,0,0,0,0
0.11825,0.031948,-0.000412,-0.025572,0.047846,-0.004313,0,0,0,0,0
0.118252,0.030977,0.003147,-0.026543,0.04914,-0.003666,0,0,0,0,0
0.118254,0.030653,0.00606,-0.027189,0.050433,-0.002695,0,0,0,0,0
0.118256,0.030977,0.008001,-0.028807,0.051404,-0.002695,0,0,0,0,0
0.1182579999999999,0.031624,0.009943,-0.030101,0.053344,-0.003019,0,0,0,0,0
0.1182599999999999,0.032271,0.011237,-0.031394,0.053991,-0.004637,0,0,0,0,0
0.1182619999999999,0.032918,0.011237,-0.032041,0.056254,-0.005284,0,0,0,0,0
0.118264,0.032918,0.011561,-0.033012,0.057871,-0.005931,0,0,0,0,0
0.118266,0.031948,0.011884,-0.033335,0.059812,-0.005931,0,0,0,0,0
0.118268,0.030977,0.012531,-0.033982,0.062399,-0.005931,0,0,0,0,0
0.11827,0.029036,0.013826,-0.034629,0.064339,-0.005931,0,0,0,0,0
0.1182719999999999,0.027742,0.016091,-0.034629,0.065633,-0.006578,0,0,0,0,0
0.1182739999999999,0.027418,0.019003,-0.035923,0.066603,-0.007226,0,0,0,0,0
0.1182759999999999,0.027094,0.021915,-0.036246,0.066603,-0.008844,0,0,0,0,0
0.118278,0.027418,0.023533,-0.036893,0.066603,-0.010462,0,0,0,0,0
0.11828,0.026771,0.023857,-0.03754,0.065956,-0.01208,0,0,0,0,0
0.118282,0.026124,0.023533,-0.037864,0.065633,-0.013051,0,0,0,0,0
0.118284,0.024183,0.022563,-0.038187,0.065633,-0.013051,0,0,0,0,0
0.1182859999999999,0.021918,0.020621,-0.038834,0.065309,-0.012727,0,0,0,0,0
0.1182879999999999,0.019006,0.01965,-0.038834,0.065309,-0.01208,0,0,0,0,0
0.1182899999999999,0.016418,0.01965,-0.039158,0.064986,-0.011433,0,0,0,0,0
0.118292,0.013506,0.020297,-0.040451,0.064663,-0.010785,0,0,0,0,0
0.118294,0.011241,0.020945,-0.041745,0.064339,-0.011433,0,0,0,0,0
0.118296,0.009947,0.019974,-0.043362,0.064016,-0.01208,0,0,0,0,0
0.118298,0.008005,0.019003,-0.044656,0.063692,-0.014021,0,0,0,0,0
0.1182999999999999,0.006064,0.016738,-0.045303,0.063046,-0.014669,0,0,0,0,0
0.1183019999999999,0.004123,0.013502,-0.045627,0.062722,-0.01564,0,0,0,0,0
0.1183039999999999,0.001211,0.010266,-0.04595,0.062722,-0.015963,0,0,0,0,0
0.118306,-0.001701,0.007354,-0.046274,0.062399,-0.015963,0,0,0,0,0
0.118308,-0.004936,0.005736,-0.046274,0.062075,-0.015963,0,0,0,0,0
0.11831,-0.007848,0.004765,-0.046597,0.061429,-0.016287,0,0,0,0,0
0.118312,-0.00979,0.002824,-0.046597,0.060458,-0.017581,0,0,0,0,0
0.1183139999999999,-0.011731,0.0025,-0.046921,0.058195,-0.018876,0,0,0,0,0
0.1183159999999999,-0.012701,0.000235,-0.047244,0.055608,-0.020817,0,0,0,0,0
0.1183179999999999,-0.013349,-0.003648,-0.047244,0.052697,-0.022759,0,0,0,0,0
0.11832,-0.013672,-0.008178,-0.047244,0.05011,-0.02373,0,0,0,0,0
0.118322,-0.01529,-0.013355,-0.047244,0.047523,-0.024701,0,0,0,0,0
0.118324,-0.01626,-0.018209,-0.047244,0.045259,-0.024377,0,0,0,0,0
0.118326,-0.017878,-0.020798,-0.046921,0.042672,-0.02373,0,0,0,0,0
0.1183279999999999,-0.019172,-0.022739,-0.046597,0.039762,-0.023406,0,0,0,0,0
0.1183299999999999,-0.019819,-0.024357,-0.046597,0.037498,-0.02373,0,0,0,0,0
0.1183319999999999,-0.019496,-0.024357,-0.046274,0.034264,-0.024053,0,0,0,0,0
0.118334,-0.018849,-0.025005,-0.046274,0.03103,-0.025995,0,0,0,0,0
0.118336,-0.017878,-0.025975,-0.04595,0.028443,-0.027613,0,0,0,0,0
0.118338,-0.016584,-0.028564,-0.045627,0.025209,-0.029231,0,0,0,0,0
0.11834,-0.014966,-0.030506,-0.045303,0.022298,-0.029555,0,0,0,0,0
0.1183419999999999,-0.014319,-0.032123,-0.044656,0.020035,-0.030526,0,0,0,0,0
0.1183439999999999,-0.013349,-0.035359,-0.044333,0.017771,-0.030526,0,0,0,0,0
0.1183459999999999,-0.013025,-0.037948,-0.044009,0.015831,-0.029555,0,0,0,0,0
0.118348,-0.012378,-0.038595,-0.044009,0.01389,-0.028584,0,0,0,0,0
0.11835,-0.012378,-0.037948,-0.043362,0.012273,-0.027613,0,0,0,0,0
0.118352,-0.011731,-0.036654,-0.043039,0.010656,-0.026642,0,0,0,0,0
0.118354,-0.011084,-0.035359,-0.041745,0.009039,-0.025995,0,0,0,0,0
0.1183559999999999,-0.011084,-0.033094,-0.040451,0.006776,-0.026319,0,0,0,0,0
0.1183579999999999,-0.010437,-0.030829,-0.039481,0.005159,-0.025672,0,0,0,0,0
0.1183599999999999,-0.009142,-0.030506,-0.038187,0.003542,-0.025348,0,0,0,0,0
0.118362,-0.008495,-0.030506,-0.036893,0.002248,-0.024701,0,0,0,0,0
0.118364,-0.008172,-0.030506,-0.035599,0.001278,-0.02373,0,0,0,0,0
0.118366,-0.006878,-0.031476,-0.034629,0.000631,-0.021465,0,0,0,0,0
0.118368,-0.005907,-0.033094,-0.033335,-1.5452e-05,-0.02017,0,0,0,0,0
0.1183699999999999,-0.004613,-0.033418,-0.032365,-0.000339,-0.017905,0,0,0,0,0
0.1183719999999999,-0.002672,-0.034065,-0.032041,-0.000986,-0.016287,0,0,0,0,0
0.118374,0.00024,-0.034065,-0.031718,-0.001632,-0.015316,0,0,0,0,0
0.118376,0.003476,-0.033418,-0.031718,-0.002603,-0.014345,0,0,0,0,0
0.118378,0.007682,-0.033741,-0.031394,-0.003896,-0.013698,0,0,0,0,0
0.11838,0.012535,-0.034065,-0.031394,-0.004543,-0.013374,0,0,0,0,0
0.118382,0.017388,-0.037301,-0.031071,-0.004866,-0.013051,0,0,0,0,0
0.1183839999999999,0.021271,-0.041184,-0.030748,-0.004543,-0.011109,0,0,0,0,0
0.1183859999999999,0.0258,-0.04539,-0.030101,-0.003249,-0.008844,0,0,0,0,0
0.118388,0.030653,-0.049597,-0.030101,-0.002279,-0.005931,0,0,0,0,0
0.11839,0.035507,-0.051862,-0.02913,-0.000662,-0.003342,0,0,0,0,0
0.118392,0.041654,-0.05348,-0.02816,0.000308,-0.001401,0,0,0,0,0
0.118394,0.048448,-0.055098,-0.026866,0.000631,-0.000106,0,0,0,0,0
0.118396,0.056213,-0.055745,-0.025896,0.000631,-0.000106,0,0,0,0,0
0.1183979999999999,0.064626,-0.05704,-0.024925,0.000955,-0.001077,0,0,0,0,0
0.1183999999999999,0.073038,-0.059305,-0.023631,-1.5452e-05,-0.000753,0,0,0,0,0
0.118402,0.08145,-0.062541,-0.022338,-1.5452e-05,-0.000753,0,0,0,0,0
0.118404,0.088244,-0.064806,-0.021367,-0.000662,0.000865,0,0,0,0,0
0.118406,0.095686,-0.066424,-0.019426,-0.000662,0.002806,0,0,0,0,0
0.118408,0.103127,-0.068041,-0.018456,-0.000986,0.004748,1,0,0,0,0
0.11841,0.110569,-0.069336,-0.017162,-0.001309,0.006043,1,0,0,0,0
0.1184119999999999,0.118657,-0.068689,-0.016515,-0.002279,0.007013,1,0,0,0,0
0.1184139999999999,0.126422,-0.068365,-0.015545,-0.003249,0.007337,1,0,0,0,0
0.118416,0.135158,-0.069012,-0.015868,-0.00422,0.007337,1,0,0,0,0
0.118418,0.143247,-0.068365,-0.015545,-0.005513,0.007337,1,0,0,0,0
0.11842,0.151659,-0.068365,-0.016192,-0.005836,0.007337,1,0,0,0,0
0.118422,0.158777,-0.068365,-0.016515,-0.005513,0.007661,1,0,0,0,0
0.118424,0.165248,-0.069012,-0.017162,-0.005513,0.007984,1,0,0,0,0
0.1184259999999999,0.170101,-0.068689,-0.016839,-0.00422,0.008308,1,0,0,0,0
0.1184279999999999,0.175278,-0.068041,-0.017809,-0.003249,0.008955,1,0,0,0,0
0.11843,0.178513,-0.067394,-0.01878,-0.002279,0.009926,1,0,0,0,0
0.118432,0.181101,-0.066747,-0.019426,-0.000986,0.01025,1,0,0,0,0
0.118434,0.18369,-0.064806,-0.02072,-0.000339,0.010897,1,0,0,0,0
0.118436,0.185307,-0.063188,-0.021367,-1.5452e-05,0.011544,1,0,0,0,0
0.1184379999999999,0.187249,-0.06157,-0.022338,-1.5452e-05,0.011868,1,0,0,0,0
0.1184399999999999,0.188219,-0.061246,-0.022014,0.000308,0.011868,1,0,0,0,0
0.1184419999999999,0.188543,-0.061893,-0.022014,0.000631,0.011544,1,0,0,0,0
0.118444,0.188219,-0.062864,-0.022014,0.000955,0.012191,1,0,0,0,0
0.118446,0.186602,-0.063511,-0.022014,0.001925,0.013162,1,0,0,0,0
0.118448,0.184013,-0.064158,-0.021691,0.002572,0.013809,1,0,0,0,0
0.11845,0.181101,-0.063511,-0.021691,0.003865,0.014457,1,0,0,0,0
0.1184519999999999,0.177866,-0.060599,-0.022338,0.004835,0.01478,1,0,0,0,0
0.1184539999999999,0.174954,-0.057363,-0.022985,0.006129,0.014457,1,0,0,0,0
0.1184559999999999,0.171719,-0.053157,-0.022985,0.006129,0.013162,1,0,0,0,0
0.118458,0.167836,-0.050244,-0.022985,0.007099,0.01122,1,0,0,0,0
0.11846,0.16363,-0.046685,-0.022985,0.007099,0.009926,1,0,0,0,0
0.118462,0.15813,-0.044096,-0.022338,0.007423,0.009602,1,0,0,0,0
0.118464,0.151982,-0.041507,-0.021691,0.008069,0.009279,1,0,0,0,0
0.1184659999999999,0.145512,-0.038272,-0.020397,0.007746,0.010573,1,0,0,0,0
0.1184679999999999,0.138394,-0.033094,-0.020073,0.007746,0.01122,1,0,0,0,0
0.1184699999999999,0.131923,-0.025652,-0.019103,0.007423,0.011544,1,0,0,0,0
0.118472,0.126099,-0.016591,-0.018456,0.006129,0.010573,1,0,0,0,0
0.118474,0.120599,-0.007207,-0.017162,0.004512,0.009279,1,0,0,0,0
0.118476,0.115746,0.002177,-0.017486,0.002572,0.007337,1,0,0,0,0
0.118478,0.110245,0.011561,-0.016515,0.000631,0.005395,1,0,0,0,0
0.1184799999999999,0.104098,0.01965,-0.015868,-0.000986,0.003777,1,0,0,0,0
0.1184819999999999,0.097304,0.028711,-0.015545,-0.001956,0.002806,0,0,0,0,0
0.1184839999999999,0.089862,0.038418,-0.015221,-0.002926,0.002483,0,0,0,0,0
0.118486,0.082744,0.049097,-0.015221,-0.003573,0.002159,0,0,0,0,0
0.118488,0.07595,0.060422,-0.015545,-0.004866,0.002159,0,0,0,0,0
0.11849,0.070126,0.073042,-0.015868,-0.00616,0.001188,0,0,0,0,0
0.118492,0.064626,0.086309,-0.016839,-0.0081,-0.001077,0,0,0,0,0
0.1184939999999999,0.059772,0.0999,-0.017162,-0.010041,-0.004637,0,0,0,0,0
0.1184959999999999,0.05589,0.111549,-0.018456,-0.012628,-0.008844,0,1,0,0,0
0.1184979999999999,0.050713,0.121903,-0.01975,-0.014568,-0.012403,0,1,0,0,0
0.1185,0.045213,0.131287,-0.02072,-0.017155,-0.01564,0,1,0,0,0
0.118502,0.039066,0.139377,-0.022014,-0.018772,-0.018552,0,1,0,0,0
0.118504,0.032595,0.14779,-0.023308,-0.020712,-0.020817,0,1,0,0,0
0.118506,0.025153,0.155233,-0.025249,-0.022006,-0.022435,0,1,0,0,0
0.1185079999999999,0.018359,0.163323,-0.027513,-0.023946,-0.024377,0,1,0,0,0
0.1185099999999999,0.012211,0.172383,-0.029777,-0.024916,-0.026319,0,1,0,0,0
0.1185119999999999,0.006388,0.180149,-0.032688,-0.02621,-0.028908,0,1,0,0,0
0.118514,0.001211,0.186621,-0.035923,-0.026857,-0.032144,0,1,0,0,0
0.118516,-0.003319,0.191798,-0.038834,-0.02815,-0.03538,0,1,0,0,0
0.118518,-0.008172,0.196005,-0.042069,-0.029444,-0.038616,0,1,0,0,0
0.11852,-0.013025,0.19827,-0.044333,-0.030414,-0.041852,0,1,0,0,0
0.1185219999999999,-0.017555,0.199241,-0.046921,-0.031384,-0.044118,0,1,0,0,0
0.1185239999999999,-0.023055,0.198593,-0.049185,-0.031708,-0.045736,0,1,0,0,0
0.1185259999999999,-0.028232,0.197299,-0.050479,-0.032031,-0.046706,0,1,0,0,0
0.118528,-0.033732,0.195681,-0.052419,-0.032354,-0.047354,0,1,0,0,0
0.11853,-0.039232,0.192769,-0.053713,-0.032354,-0.048325,0,1,0,0,0
0.118532,-0.044409,0.190504,-0.054684,-0.033001,-0.049295,0,1,0,0,0
0.118534,-0.048938,0.185974,-0.055654,-0.033971,-0.050913,0,1,0,0,0
0.1185359999999999,-0.053468,0.18112,-0.056301,-0.034942,-0.052855,0,1,0,0,0
0.1185379999999999,-0.057027,0.174972,-0.056624,-0.035912,-0.05512,0,1,0,0,0
0.1185399999999999,-0.061557,0.167206,-0.056948,-0.037529,-0.057709,0,1,0,0,0
0.118542,-0.065116,0.16041,-0.056948,-0.038822,-0.059004,0,1,0,0,0
0.118544,-0.069322,0.153291,-0.057271,-0.040439,-0.060622,0,1,0,0,0
0.118546,-0.073528,0.146172,-0.057595,-0.041733,-0.061269,0,1,0,0,0
0.118548,-0.078057,0.139054,-0.057918,-0.043026,-0.06224,0,1,0,0,0
0.1185499999999999,-0.08194,0.132905,-0.057918,-0.044643,-0.063858,0,1,0,0,0
0.1185519999999999,-0.085175,0.126434,-0.057918,-0.045613,-0.065152,0,1,0,0,0
0.1185539999999999,-0.088087,0.118668,-0.057271,-0.047554,-0.067741,0,1,0,0,0
0.118556,-0.090352,0.10896,-0.056948,-0.048847,-0.070978,0,1,0,0,0
0.118558,-0.09294,0.098605,-0.055654,-0.050464,-0.072919,0,0,0,0,0
0.11856,-0.095205,0.086309,-0.055007,-0.051434,-0.075184,0,0,0,0,0
0.118562,-0.098441,0.0711,-0.05436,-0.052081,-0.075832,0,0,0,0,0
0.1185639999999999,-0.102323,0.056539,-0.05339,-0.052405,-0.076155,0,0,0,0,0
0.1185659999999999,-0.106206,0.042301,-0.052096,-0.052728,-0.075184,0,0,0,0,0
0.1185679999999999,-0.110412,0.029034,-0.051126,-0.053051,-0.074861,0,0,0,0,0
0.11857,-0.114941,0.016738,-0.049832,-0.053375,-0.074861,0,0,0,0,0
0.118572,-0.118177,0.005089,-0.047891,-0.053698,-0.075508,0,0,0,0,0
0.118574,-0.120765,-0.005266,-0.045627,-0.054022,-0.076803,0,0,0,0,0
0.118576,-0.12303,-0.015621,-0.043039,-0.054022,-0.078421,0,0,0,0,0
0.1185779999999999,-0.124971,-0.025975,-0.040128,-0.054668,-0.079715,0,0,0,0,0
0.1185799999999999,-0.12756,-0.036977,-0.036893,-0.054668,-0.080686,0,0,0,0,0
0.1185819999999999,-0.129501,-0.047656,-0.033659,-0.054345,-0.08198,0,0,0,0,0
0.118584,-0.132413,-0.057363,-0.030101,-0.053375,-0.082628,0,0,0,0,0
0.118586,-0.135648,-0.065453,-0.025896,-0.052728,-0.083275,0,0,0,0,0
0.118588,-0.137589,-0.072572,-0.021691,-0.052081,-0.083275,0,0,0,0,0
0.11859,-0.139531,-0.078396,-0.016515,-0.051111,-0.084893,0,0,0,0,0
0.1185919999999999,-0.141148,-0.084221,-0.01134,-0.051434,-0.085864,0,0,0,0,0
0.1185939999999999,-0.141795,-0.090369,-0.005518,-0.051758,-0.087482,0,0,0,0,0
0.118596,-0.142119,-0.097164,0.001598,-0.052728,-0.088776,0,0,0,0,0
0.118598,-0.142119,-0.104607,0.009038,-0.053051,-0.090071,0,0,0,0,0
0.1186,-0.142443,-0.112049,0.017448,-0.053698,-0.0891,0,0,0,0,0
0.118602,-0.143413,-0.118844,0.026181,-0.054345,-0.0891,0,0,0,0,0
0.118604,-0.144707,-0.124345,0.036209,-0.054022,-0.086835,0,0,0,0,0
0.1186059999999999,-0.146002,-0.129523,0.046559,-0.053375,-0.085217,0,0,0,0,0
0.1186079999999999,-0.146972,-0.134377,0.05691,-0.052728,-0.083275,0,0,0,0,0
0.11861,-0.147943,-0.13923,0.068231,-0.052081,-0.08198,0,0,0,0,0
0.118612,-0.148266,-0.144084,0.078905,-0.050788,-0.081333,0,0,0,0,0
0.118614,-0.147296,-0.149262,0.090873,-0.050141,-0.08101,0,0,0,0,0
0.118616,-0.146002,-0.153468,0.101548,-0.049494,-0.080362,0,0,1,0,0
0.118618,-0.14406,-0.159293,0.113839,-0.049494,-0.080362,0,0,1,0,0
0.1186199999999999,-0.142766,-0.165441,0.125484,-0.047877,-0.079715,0,0,1,0,0
0.1186219999999999,-0.141472,-0.171265,0.137775,-0.046584,-0.078097,0,0,1,0,0
0.118624,-0.139854,-0.176443,0.150067,-0.044967,-0.076803,0,0,1,0,0
0.118626,-0.13856,-0.182267,0.162358,-0.042703,-0.074214,0,0,1,0,0
0.118628,-0.137266,-0.185503,0.174326,-0.040439,-0.071948,0,0,1,0,0
0.11863,-0.135648,-0.186798,0.186294,-0.038499,-0.069359,0,0,1,0,0
0.118632,-0.13306,-0.186798,0.197292,-0.037205,-0.067741,0,0,1,0,0
0.1186339999999999,-0.129501,-0.186474,0.207642,-0.037205,-0.066771,0,0,1,0,0
0.1186359999999999,-0.126265,-0.185503,0.217023,-0.037205,-0.066447,0,0,1,0,0
0.118638,-0.122383,-0.185827,0.22608,-0.037529,-0.066123,0,0,1,0,0
0.11864,-0.119147,-0.187445,0.233519,-0.037852,-0.065476,0,0,1,0,0
0.118642,-0.117206,-0.190033,0.240959,-0.038175,-0.064182,0,0,1,0,0
0.118644,-0.116236,-0.192299,0.246458,-0.037529,-0.061916,0,0,1,0,0
0.118646,-0.116236,-0.193916,0.250986,-0.036882,-0.05868,0,0,1,0,0
0.1186479999999999,-0.116559,-0.194887,0.254221,-0.035588,-0.054797,0,0,1,0,0
0.1186499999999999,-0.117206,-0.194887,0.256161,-0.034942,-0.051884,0,0,1,0,0
0.118652,-0.116236,-0.19424,0.256808,-0.033648,-0.048972,0,0,1,0,0
0.118654,-0.115588,-0.192946,0.256485,-0.032354,-0.04703,0,0,1,0,0
0.118656,-0.114294,-0.191651,0.255515,-0.032031,-0.045736,0,0,1,0,0
0.118658,-0.113971,-0.191328,0.253897,-0.031061,-0.044441,0,0,1,0,0
0.1186599999999999,-0.113324,-0.191328,0.250986,-0.029767,-0.042499,0,0,1,0,0
0.1186619999999999,-0.113647,-0.191328,0.247428,-0.027827,-0.039911,0,0,1,0,0
0.1186639999999999,-0.114618,-0.191651,0.243547,-0.025887,-0.037322,0,0,1,0,0
0.118666,-0.115912,-0.190681,0.238695,-0.023623,-0.034733,0,0,1,0,0
0.118668,-0.116559,-0.190033,0.233843,-0.021359,-0.032144,0,0,1,0,0
0.11867,-0.117206,-0.188739,0.228667,-0.018772,-0.029879,0,0,1,0,0
0.118672,-0.11753,-0.18615,0.223492,-0.016508,-0.028908,0,0,1,0,0
0.1186739999999999,-0.116559,-0.184532,0.218317,-0.013921,-0.02826,0,0,1,0,0
0.1186759999999999,-0.115912,-0.181944,0.213465,-0.010364,-0.027937,0,0,1,0,0
0.1186779999999999,-0.114294,-0.180326,0.207966,-0.006483,-0.02826,0,0,1,0,0
0.11868,-0.113971,-0.178708,0.202791,-0.001956,-0.02729,0,0,1,0,0
0.118682,-0.113324,-0.17709,0.196968,0.003865,-0.026642,0,0,1,0,0
0.118684,-0.112677,-0.176766,0.191146,0.01001,-0.025348,0,0,1,0,0
0.118686,-0.112029,-0.176443,0.184353,0.017124,-0.023406,0,0,1,0,0
0.1186879999999999,-0.111059,-0.176443,0.177884,0.024562,-0.021788,0,0,1,0,0
0.1186899999999999,-0.110088,-0.17709,0.170445,0.032324,-0.02017,0,0,1,0,0
0.1186919999999999,-0.107823,-0.178708,0.163328,0.041055,-0.019523,0,0,1,0,0
0.118694,-0.105559,-0.179355,0.156536,0.049463,-0.018876,0,0,1,0,0
0.118696,-0.103294,-0.180002,0.150067,0.058518,-0.018876,0,0,1,0,0
0.118698,-0.100382,-0.180973,0.143274,0.067896,-0.018552,0,0,1,0,0
0.1187,-0.098117,-0.183238,0.136481,0.076951,-0.018876,0,0,1,0,0
0.1187019999999999,-0.095529,-0.184532,0.130012,0.0873,-0.018552,0,0,1,0,0
0.1187039999999999,-0.092293,-0.18615,0.122896,0.097002,-0.017581,0,0,1,0,0
0.1187059999999999,-0.089381,-0.186798,0.116103,0.10735,-0.015963,0,0,1,1,0
0.118708,-0.086469,-0.187445,0.108987,0.117375,-0.014669,0,0,1,1,0
0.11871,-0.083558,-0.186798,0.101871,0.1274,-0.014021,0,0,1,1,0
0.118712,-0.079675,-0.183238,0.094755,0.136455,-0.013051,0,0,0,1,0
0.118714,-0.075793,-0.180326,0.088609,0.144863,-0.013051,0,0,0,1,0
0.1187159999999999,-0.07191,-0.176766,0.082463,0.152625,-0.012727,0,0,0,1,0
0.1187179999999999,-0.067704,-0.173531,0.075994,0.159739,-0.012403,0,0,0,1,0
0.1187199999999999,-0.063821,-0.171589,0.070172,0.166854,-0.011433,0,0,0,1,0
0.118722,-0.060262,-0.171589,0.064673,0.173322,-0.008844,0,0,0,1,0
0.118724,-0.057351,-0.171913,0.058204,0.179789,-0.005607,0,0,0,1,0
0.118726,-0.054762,-0.171589,0.051735,0.18464,-0.000753,0,0,0,1,0
0.118728,-0.053144,-0.170942,0.045589,0.190138,0.003454,0,0,0,1,0
0.1187299999999999,-0.05088,-0.169324,0.03912,0.194342,0.007661,0,0,0,1,0
0.1187319999999999,-0.047968,-0.167059,0.032651,0.197899,0.010897,0,0,0,1,0
0.1187339999999999,-0.045056,-0.16447,0.026828,0.200163,0.013162,0,0,0,1,0
0.118736,-0.042144,-0.163176,0.020683,0.202427,0.01478,0,0,0,1,0
0.118738,-0.039232,-0.162529,0.01486,0.203073,0.017693,0,0,0,1,0
0.11874,-0.036967,-0.162529,0.009361,0.20372,0.020605,0,0,0,1,0
0.118742,-0.035026,-0.162529,0.00451,0.203397,0.024812,0,0,0,1,0
0.1187439999999999,-0.033408,-0.163499,-0.000666,0.203073,0.028696,0,0,0,1,0
0.1187459999999999,-0.032438,-0.163499,-0.005841,0.202103,0.032903,0,0,0,1,0
0.1187479999999999,-0.03082,-0.163176,-0.010693,0.20081,0.03711,0,0,0,1,0
0.11875,-0.028879,-0.161558,-0.015221,0.197899,0.040993,0,0,0,1,0
0.118752,-0.026614,-0.158646,-0.01975,0.195635,0.042935,0,0,0,1,0
0.118754,-0.024025,-0.156057,-0.023631,0.192078,0.045524,0,0,0,1,0
0.118756,-0.021761,-0.152821,-0.027513,0.187227,0.047142,0,0,0,1,0
0.1187579999999999,-0.019172,-0.15185,-0.031394,0.1827,0.049083,0,0,0,1,0
0.1187599999999999,-0.01626,-0.150879,-0.035276,0.177526,0.051349,0,0,0,1,0
0.1187619999999999,-0.014966,-0.150232,-0.038511,0.172351,0.054585,0,0,0,1,0
0.118764,-0.013996,-0.151203,-0.041422,0.167501,0.058468,0,0,0,1,0
0.118766,-0.013349,-0.150556,-0.044656,0.162003,0.06397,0,0,0,1,0
0.118768,-0.013349,-0.149909,-0.047567,0.157152,0.069471,0,0,0,1,0
0.11877,-0.013349,-0.149262,-0.050802,0.151978,0.075943,0,0,0,1,0
0.1187719999999999,-0.013025,-0.146996,-0.053713,0.145833,0.082092,0,0,0,1,0
0.1187739999999999,-0.012054,-0.144084,-0.057271,0.140336,0.087917,0,0,0,1,0
0.1187759999999999,-0.011084,-0.140525,-0.060182,0.133545,0.093418,0,0,0,1,0
0.118778,-0.009142,-0.136965,-0.063417,0.1274,0.098596,0,0,0,1,0
0.11878,-0.006554,-0.134377,-0.065681,0.120286,0.104421,0,0,0,1,1
0.118782,-0.004936,-0.131788,-0.067945,0.113171,0.111541,0,0,0,1,1
0.118784,-0.003966,-0.129846,-0.069886,0.107027,0.118337,0,0,0,1,1
0.1187859999999999,-0.003319,-0.128228,-0.071504,0.101206,0.126751,0,0,0,1,1
0.1187879999999999,-0.002995,-0.125963,-0.073444,0.095708,0.134841,0,0,0,0,1
0.1187899999999999,-0.002995,-0.121757,-0.075385,0.090534,0.143579,0,0,0,0,1
0.118792,-0.002348,-0.115932,-0.077002,0.084713,0.151345,0,0,0,0,1
0.118794,-0.00073,-0.110755,-0.07862,0.079862,0.158465,0,0,0,0,1
0.118796,0.00024,-0.105254,-0.079267,0.074688,0.165261,0,0,0,0,1
0.118798,0.002829,-0.099106,-0.079913,0.07016,0.172057,0,0,0,0,1
0.1187999999999999,0.004123,-0.094899,-0.079913,0.065956,0.178529,0,0,0,0,1
0.1188019999999999,0.006064,-0.09134,-0.079913,0.061105,0.185648,0,0,0,0,1
0.1188039999999999,0.007682,-0.08778,-0.079913,0.056901,0.194062,0,0,0,0,1
0.118806,0.008329,-0.082926,-0.07959,0.052374,0.203124,0,0,0,0,1
0.118808,0.009623,-0.07872,-0.079913,0.047846,0.212508,0,0,0,0,1
0.11881,0.010594,-0.073219,-0.079913,0.043642,0.221893,0,0,0,0,1
0.118812,0.011888,-0.069012,-0.080237,0.038791,0.231602,0,0,0,0,1
0.1188139999999999,0.012859,-0.064806,-0.080884,0.033617,0.240016,0,0,0,0,1
0.1188159999999999,0.014153,-0.06157,-0.080884,0.028443,0.24843,0,0,0,0,1
0.118818,0.016094,-0.059952,-0.081207,0.022945,0.25652,0,0,0,0,1
0.11882,0.017065,-0.058657,-0.081854,0.018094,0.26461,0,0,0,0,1
0.118822,0.018682,-0.058334,-0.081531,0.013567,0.272377,0,0,0,0,1
0.118824,0.019977,-0.057687,-0.081207,0.01001,0.27982,0,0,0,0,1
0.118826,0.021271,-0.05704,-0.080884,0.005159,0.28694,0,0,0,0,1
0.1188279999999999,0.022565,-0.05704,-0.080884,0.001601,0.293412,0,0,0,0,1
0.1188299999999999,0.024506,-0.056392,-0.080237,-0.002279,0.298266,0,0,0,0,1
0.118832,0.027094,-0.056716,-0.07959,-0.00713,0.302797,0,0,0,0,1
0.118834,0.029036,-0.05704,-0.078943,-0.011011,0.306033,0,0,0,0,1
0.118836,0.031624,-0.05801,-0.078296,-0.014891,0.308945,0,0,0,0,1
0.118838,0.033889,-0.059305,-0.077326,-0.018772,0.311858,0,0,0,0,1
0.11884,0.035507,-0.060923,-0.076355,-0.022653,0.314123,0,0,0,0,1
0.1188419999999999,0.037448,-0.063188,-0.075385,-0.02621,0.315741,0,0,0,0,1
0.1188439999999999,0.038742,-0.0661,-0.074091,-0.029444,0.317036,0,0,0,0,1
0.118846,0.040683,-0.066424,-0.072474,-0.033648,0.317036,0,0,0,0,1
0.118848,0.042625,-0.068041,-0.07021,-0.037529,0.316065,0,0,0,0,1
0.11885,0.044566,-0.068041,-0.068592,-0.042056,0.314123,0,0,0,0,1
0.118852,0.046831,-0.068041,-0.066328,-0.045937,0.310563,0,0,0,0,1
0.118854,0.049095,-0.067394,-0.06374,-0.050141,0.306033,0,0,0,0,1
0.1188559999999999,0.052331,-0.065776,-0.061153,-0.053698,0.300208,0,0,0,0,1
0.1188579999999999,0.054596,-0.0661,-0.058565,-0.057579,0.294383,0,0,0,0,1
0.11886,0.056861,-0.067718,-0.055977,-0.06146,0.287587,0,0,0,0,1
0.118862,0.058155,-0.068365,-0.05339,-0.064693,0.281115,0,0,0,0,1
0.118864,0.058802,-0.069983,-0.051449,-0.067281,0.274642,0,0,0,0,1
0.118866,0.058802,-0.072572,-0.049508,-0.069544,0.268817,0,0,0,0,1
0.118868,0.058155,-0.073542,-0.047567,-0.071808,0.262669,0,0,0,0,1
0.1188699999999999,0.057831,-0.074513,-0.04595,-0.074072,0.256196,0,0,0,0,1
0.1188719999999999,0.057508,-0.074513,-0.044656,-0.076335,0.24843,0,0,0,0,1
0.118874,0.058155,-0.073866,-0.042716,-0.078599,0.239368,0,0,0,0,1
0.118876,0.059125,-0.073542,-0.040775,-0.080863,0.229336,0,0,0,0,1
0.118878,0.060096,-0.072572,-0.038834,-0.083773,0.218981,0,0,0,0,1
0.11888,0.06139,-0.073219,-0.037217,-0.086037,0.208625,0,0,0,0,1
0.1188819999999999,0.061714,-0.07516,-0.035276,-0.087654,0.197946,0,0,0,0,1
0.1188839999999999,0.06139,-0.077425,-0.033335,-0.089594,0.188237,0,0,0,0,1
0.1188859999999999,0.060096,-0.079043,-0.032041,-0.090888,0.1795,0,0,0,0,1
0.118888,0.059125,-0.080661,-0.030748,-0.091535,0.170439,0,0,0,0,1
0.11889,0.057831,-0.080661,-0.029454,-0.092182,0.161054,0,0,0,0,1
0.118892,0.056537,-0.080014,-0.02816,-0.093152,0.151669,0,0,0,0,1
0.118894,0.055566,-0.078396,-0.026866,-0.094122,0.14196,0,0,0,0,1
0.1188959999999999,0.054596,-0.077425,-0.025572,-0.094445,0.131928,0,0,0,0,1
0.1188979999999999,0.053302,-0.076131,-0.024602,-0.095739,0.122867,0,0,0,0,1
0.1188999999999999,0.052978,-0.075484,-0.023631,-0.096062,0.113806,0,0,0,0,1
0.118902,0.051684,-0.076778,-0.022985,-0.096386,0.105716,0,0,0,0,1
0.118904,0.05039,-0.077425,-0.022014,-0.097032,0.098273,0,0,0,0,0
0.118906,0.048772,-0.078073,-0.021044,-0.097679,0.091153,0,0,0,0,0
0.118908,0.046831,-0.077749,-0.020073,-0.098003,0.085004,0,0,0,0,0
0.1189099999999999,0.044566,-0.076131,-0.01975,-0.098003,0.078532,0,0,0,0,0
0.1189119999999999,0.042948,-0.073866,-0.019103,-0.098649,0.072383,0,0,0,0,0
0.1189139999999999,0.042301,-0.069983,-0.01878,-0.098973,0.066235,0,0,0,0,0
0.118916,0.04133,-0.065453,-0.018456,-0.098973,0.060086,0,0,0,0,0
0.118918,0.04133,-0.061893,-0.01878,-0.099943,0.053937,0,0,0,0,0
0.11892,0.041654,-0.058657,-0.019103,-0.099943,0.048436,0,0,0,0,0
0.118922,0.041654,-0.056069,-0.019426,-0.09962,0.043258,0,0,0,0,0
0.1189239999999999,0.041654,-0.054127,-0.019426,-0.099296,0.038404,0,0,0,0,0
0.1189259999999999,0.04133,-0.052186,-0.01975,-0.098973,0.033873,0,0,0,0,0
0.1189279999999999,0.04133,-0.049273,-0.019103,-0.097679,0.029343,0,0,0,0,0
0.11893,0.04133,-0.046038,-0.019103,-0.096709,0.025136,0,0,0,0,0
0.118932,0.041978,-0.041831,-0.01878,-0.095416,0.020605,0,0,0,0,0
0.118934,0.042948,-0.036977,-0.018456,-0.094769,0.015751,0,0,0,0,0
0.118936,0.044566,-0.032771,-0.018133,-0.093799,0.009926,0,0,0,0,0
0.1189379999999999,0.046507,-0.029535,-0.018133,-0.092828,0.003777,0,0,0,0,0
0.1189399999999999,0.048448,-0.026299,-0.018133,-0.092182,-0.001077,0,0,0,0,0
0.1189419999999999,0.050713,-0.023387,-0.017809,-0.091211,-0.006902,0,0,0,0,0
0.118944,0.051684,-0.021122,-0.017162,-0.089594,-0.009814,0,0,0,0,0
0.118946,0.052331,-0.017562,-0.017162,-0.088624,-0.012403,0,0,0,0,0
0.118948,0.052654,-0.014003,-0.017486,-0.087331,-0.014021,0,0,0,0,0
0.11895,0.053625,-0.010443,-0.017809,-0.086361,-0.01564,0,0,0,0,0
0.1189519999999999,0.054596,-0.004942,-0.017809,-0.086037,-0.017258,0,0,0,0,0
0.1189539999999999,0.056537,-8.8422e-05,-0.018456,-0.085714,-0.018876,0,0,0,0,0
0.1189559999999999,0.058155,0.00606,-0.01878,-0.086361,-0.021465,0,0,0,0,0
0.118958,0.060743,0.011237,-0.019103,-0.087331,-0.024053,0,0,0,0,0
0.11896,0.063655,0.014473,-0.01878,-0.088301,-0.026319,0,0,0,0,0
0.118962,0.065596,0.017709,-0.018133,-0.088948,-0.028908,0,0,0,0,0
0.118964,0.066567,0.020945,-0.017162,-0.089271,-0.029879,0,0,0,0,0
0.1189659999999999,0.068185,0.024828,-0.016839,-0.089594,-0.030526,0,0,0,0,0
0.1189679999999999,0.069802,0.028711,-0.016515,-0.090241,-0.031497,0,0,0,0,0
0.1189699999999999,0.072067,0.032594,-0.015868,-0.090241,-0.032791,0,0,0,0,0
0.118972,0.074332,0.03583,-0.015221,-0.090888,-0.034733,0,0,0,0,0
0.118974,0.077567,0.037771,-0.014898,-0.091535,-0.037322,0,0,0,0,0
0.118976,0.080803,0.039065,-0.014575,-0.091211,-0.039587,0,0,0,0,0
0.118978,0.083715,0.040036,-0.014251,-0.092182,-0.041852,0,0,0,0,0
0.1189799999999999,0.085656,0.040036,-0.014575,-0.091858,-0.042499,0,0,0,0,0
0.1189819999999999,0.08695,0.040036,-0.013604,-0.091858,-0.042823,0,0,0,0,0
0.1189839999999999,0.087274,0.040683,-0.012957,-0.091535,-0.042499,0,0,0,0,0
0.118986,0.087921,0.042301,-0.01231,-0.090888,-0.041852,0,0,0,0,0
0.118988,0.087274,0.044243,-0.011016,-0.089918,-0.041529,0,0,0,0,0
0.11899,0.087274,0.046184,-0.009723,-0.089271,-0.041529,0,0,0,0,0
0.118992,0.087597,0.048449,-0.007782,-0.089271,-0.041205,0,0,0,0,0
0.1189939999999999,0.088244,0.050391,-0.006488,-0.088301,-0.041852,0,0,0,0,0
0.1189959999999999,0.088891,0.051685,-0.004547,-0.088301,-0.042176,0,0,0,0,0
0.1189979999999999,0.089538,0.052009,-0.00293,-0.087654,-0.042176,0,0,0,0,0
0.119,0.090186,0.052009,-0.000666,-0.087331,-0.041529,0,0,0,0,0
0.119002,0.089215,0.050067,0.000628,-0.086361,-0.040558,0,0,0,0,0
0.119004,0.088244,0.047802,0.002569,-0.08442,-0.03894,0,0,0,0,0
0.119006,0.086627,0.04489,0.003863,-0.083127,-0.036351,0,0,0,0,0
0.1190079999999999,0.084685,0.042625,0.00451,-0.08151,-0.034086,0,0,0,0,0
0.1190099999999999,0.083068,0.041654,0.00548,-0.079893,-0.031497,0,0,0,0,0
0.1190119999999999,0.08145,0.041007,0.005803,-0.078599,-0.029879,0,0,0,0,0
0.119014,0.081126,0.042949,0.00645,-0.077952,-0.029555,0,0,0,0,0
0.119016,0.080803,0.044566,0.007744,-0.078599,-0.029879,0,0,0,0,0
0.119018,0.081126,0.045537,0.008391,-0.079246,-0.030202,0,0,0,0,0
0.11902,0.081773,0.046184,0.009685,-0.080216,-0.030202,0,0,0,0,0
0.1190219999999999,0.08145,0.045537,0.010979,-0.081186,-0.029555,0,0,0,0,0
0.1190239999999999,0.080803,0.043919,0.011626,-0.081833,-0.028584,0,0,0,0,0
0.1190259999999999,0.079185,0.041978,0.012596,-0.082157,-0.026966,0,0,0,0,0
0.119028,0.077891,0.040683,0.013243,-0.08345,-0.025024,0,0,0,0,0
0.11903,0.076597,0.040683,0.013566,-0.083773,-0.02373,0,0,0,0,0
0.119032,0.075626,0.041331,0.014213,-0.085067,-0.022759,0,0,0,0,0
0.119034,0.074655,0.041978,0.015507,-0.08539,-0.022759,0,0,0,0,0
0.1190359999999999,0.074008,0.043919,0.016154,-0.086037,-0.024053,0,0,0,0,0
0.1190379999999999,0.074008,0.044566,0.017125,-0.087007,-0.024701,0,0,0,0,0
0.1190399999999999,0.073361,0.04489,0.018095,-0.087007,-0.025348,0,0,0,0,0
0.119042,0.072391,0.044566,0.019389,-0.087007,-0.025348,0,0,0,0,0
0.119044,0.07142,0.043919,0.020359,-0.086684,-0.025995,0,0,0,0,0
0.119046,0.069479,0.042625,0.0223,-0.086037,-0.025024,0,0,0,0,0
0.119048,0.06689,0.042301,0.023917,-0.085067,-0.02373,0,0,0,0,0
0.1190499999999999,0.06592,0.043272,0.026181,-0.083773,-0.022435,0,0,0,0,0
0.1190519999999999,0.063978,0.046184,0.028122,-0.083127,-0.021465,0,0,0,0,0
0.119054,0.062684,0.049744,0.029739,-0.082157,-0.020817,0,0,0,0,0
0.119056,0.06139,0.053303,0.031033,-0.081833,-0.020494,0,0,0,0,0
0.119058,0.061067,0.056539,0.032327,-0.08151,-0.02017,0,0,0,0,0
0.11906,0.060743,0.058481,0.032974,-0.080863,-0.019847,0,0,0,0,0
0.119062,0.06042,0.059451,0.032974,-0.08054,-0.019847,0,0,0,0,0
0.1190639999999999,0.059772,0.059775,0.033621,-0.079569,-0.019199,0,0,0,0,0
0.1190659999999999,0.059125,0.059128,0.033621,-0.078276,-0.019199,0,0,0,0,0
0.119068,0.058802,0.058481,0.033944,-0.077306,-0.018552,0,0,0,0,0
0.11907,0.058155,0.05751,0.034591,-0.075689,-0.018552,0,0,0,0,0
0.119072,0.057831,0.057833,0.035238,-0.074395,-0.018228,0,0,0,0,0
0.119074,0.057184,0.057833,0.036209,-0.073102,-0.018876,0,0,0,0,0
0.119076,0.057184,0.057833,0.036856,-0.071485,-0.020494,0,0,0,0,0
0.1190779999999999,0.057508,0.05751,0.037826,-0.069868,-0.021141,0,0,0,0,0
0.1190799999999999,0.058155,0.056539,0.039443,-0.068251,-0.022759,0,0,0,0,0
0.119082,0.058155,0.055568,0.041061,-0.066957,-0.024053,0,0,0,0,0
0.119084,0.058478,0.054921,0.043001,-0.065017,-0.025348,0,0,0,0,0
0.119086,0.058155,0.053627,0.044295,-0.062753,-0.026319,0,0,0,0,0
0.119088,0.057831,0.05298,0.046559,-0.060166,-0.02729,0,0,0,0,0
0.11909,0.057508,0.052656,0.0485,-0.057579,-0.02826,0,0,0,0,0
0.1190919999999999,0.057508,0.053627,0.050441,-0.055639,-0.029879,0,0,0,0,0
0.1190939999999999,0.058155,0.054921,0.052705,-0.054022,-0.031497,0,0,0,0,0
0.119096,0.059449,0.054921,0.054322,-0.052405,-0.033115,0,0,0,0,0
0.119098,0.06042,0.054598,0.05594,-0.051758,-0.035056,0,0,0,0,0
0.1191,0.06139,0.052009,0.057557,-0.050141,-0.036351,0,0,0,0,0
0.119102,0.06139,0.047802,0.058527,-0.049171,-0.036998,0,0,0,0,0
0.119104,0.060743,0.043272,0.059821,-0.04723,-0.03538,0,0,0,0,0
0.1191059999999999,0.06042,0.039389,0.060468,-0.04432,-0.033762,0,0,0,0,0
0.1191079999999999,0.059125,0.036477,0.061115,-0.041409,-0.031497,0,0,0,0,0
0.11911,0.058802,0.034535,0.061439,-0.039146,-0.029231,0,0,0,0,0
0.119112,0.059772,0.032594,0.061439,-0.036559,-0.027937,0,0,0,0,0
0.119114,0.061067,0.03227,0.061762,-0.034618,-0.026642,0,0,0,0,0
0.119116,0.063331,0.030976,0.062085,-0.032354,-0.025672,0,0,0,0,0
0.1191179999999999,0.064949,0.029358,0.062085,-0.030738,-0.024377,0,0,0,0,0
0.1191199999999999,0.06592,0.027093,0.062085,-0.028797,-0.023083,0,0,0,0,0
0.1191219999999999,0.065596,0.025475,0.061762,-0.025887,-0.02017,0,0,0,0,0
0.119124,0.064626,0.023857,0.062085,-0.023946,-0.016934,0,0,0,0,0
0.119126,0.063655,0.022886,0.061762,-0.020712,-0.013051,0,0,0,0,0
0.119128,0.062037,0.022239,0.061762,-0.017479,-0.009491,0,0,0,0,0
0.11913,0.06139,0.022563,0.061762,-0.014568,-0.007226,0,0,0,0,0
0.1191319999999999,0.061067,0.022563,0.061115,-0.011981,-0.00496,0,0,0,0,0
0.1191339999999999,0.06042,0.020945,0.061115,-0.009394,-0.003989,0,0,0,0,0
0.1191359999999999,0.06042,0.01965,0.060792,-0.006807,-0.003342,0,0,0,0,0
0.119138,0.06042,0.018356,0.060792,-0.004543,-0.003342,0,0,0,0,0
0.11914,0.059449,0.016091,0.061439,-0.002603,-0.004313,0,0,0,0,0
0.119142,0.058478,0.012531,0.062409,-0.000662,-0.004637,0,0,0,0,0
0.119144,0.056537,0.009619,0.063056,0.001601,-0.004637,0,0,0,0,0
0.1191459999999999,0.053625,0.00703,0.064997,0.003865,-0.004313,0,0,0,0,0
0.1191479999999999,0.050713,0.004118,0.065644,0.006452,-0.003019,0,0,0,0,0
0.1191499999999999,0.048125,0.003471,0.066937,0.008716,-0.002048,0,0,0,0,0
0.119152,0.045213,0.003795,0.067908,0.010656,-0.001077,0,0,0,0,0
0.119154,0.042625,0.003795,0.069202,0.012597,-0.00043,0,0,0,0,0
0.119156,0.040683,0.005089,0.070172,0.01389,-0.00043,0,0,0,0,0
0.119158,0.039389,0.006707,0.071142,0.015507,-0.000753,0,0,0,0,0
0.1191599999999999,0.038419,0.008648,0.072436,0.016477,-0.001724,0,0,0,0,0
0.1191619999999999,0.036801,0.009943,0.07373,0.017448,-0.001724,0,0,0,0,0
0.1191639999999999,0.035183,0.011561,0.075024,0.019065,-0.001724,0,0,0,0,0
0.119166,0.033242,0.013179,0.075994,0.020035,-0.001724,0,0,0,0,0
0.119168,0.031301,0.015767,0.076965,0.021328,-0.001401,0,0,0,0,0
0.11917,0.029683,0.01965,0.076965,0.022298,-0.002371,0,0,0,0,0
0.119172,0.028389,0.024504,0.077935,0.022298,-0.003019,0,0,0,0,0
0.1191739999999999,0.027418,0.029681,0.077935,0.022622,-0.00496,0,0,0,0,0
0.1191759999999999,0.027418,0.033241,0.078582,0.022945,-0.007549,0,0,0,0,0
0.1191779999999999,0.027094,0.036477,0.079552,0.022622,-0.010138,0,0,0,0,0
0.11918,0.026447,0.038418,0.079552,0.022945,-0.01208,0,0,0,0,0
0.119182,0.0258,0.040036,0.079876,0.022298,-0.013698,0,0,0,0,0
0.119184,0.02483,0.041007,0.079876,0.022622,-0.014345,0,0,0,0,0
0.119186,0.023859,0.042625,0.079552,0.022298,-0.014992,0,0,0,0,0
0.1191879999999999,0.023212,0.044566,0.079229,0.022298,-0.015963,0,0,0,0,0
0.1191899999999999,0.023535,0.046184,0.078905,0.022622,-0.01661,0,0,0,0,0
0.1191919999999999,0.024183,0.04942,0.078905,0.022945,-0.017905,0,0,0,0,0
0.119194,0.02483,0.051685,0.078582,0.022945,-0.018876,0,0,0,0,0
0.119196,0.025477,0.05298,0.077612,0.023269,-0.019523,0,0,0,0,0
0.119198,0.026124,0.05298,0.076965,0.024239,-0.02017,0,0,0,0,0
0.1192,0.026447,0.053627,0.075347,0.024886,-0.019847,0,0,0,0,0
0.1192019999999999,0.026771,0.054274,0.07373,0.026179,-0.02017,0,0,0,0,0
0.1192039999999999,0.026124,0.054274,0.071789,0.027473,-0.02017,0,0,0,0,0
0.1192059999999999,0.026124,0.054598,0.070495,0.02909,-0.019523,0,0,0,0,0
0.119208,0.026124,0.055568,0.068555,0.030383,-0.019523,0,0,0,0,0
0.11921,0.026124,0.056216,0.067261,0.031353,-0.018876,0,0,0,0,0
0.119212,0.026124,0.056216,0.065967,0.03297,-0.018552,0,0,0,0,0
0.119214,0.026771,0.055892,0.064673,0.034264,-0.018228,0,0,0,0,0
0.1192159999999999,0.027418,0.056539,0.063379,0.035557,-0.018552,0,0,0,0,0
0.1192179999999999,0.028065,0.056216,0.062732,0.036528,-0.018552,0,0,0,0,0
0.1192199999999999,0.029036,0.05395,0.062085,0.037498,-0.019199,0,0,0,0,0
0.119222,0.030006,0.052656,0.062085,0.038468,-0.019523,0,0,0,0,0
0.119224,0.030653,0.050391,0.062085,0.039115,-0.019523,0,0,0,0,0
0.119226,0.030653,0.047479,0.062085,0.040408,-0.019523,0,0,0,0,0
0.119228,0.030977,0.044566,0.062085,0.041055,-0.019523,0,0,0,0,0
0.1192299999999999,0.03033,0.042949,0.062085,0.042025,-0.019523,0,0,0,0,0
0.1192319999999999,0.03033,0.041331,0.062085,0.042995,-0.019523,0,0,0,0,0
0.1192339999999999,0.030977,0.039713,0.061762,0.043642,-0.020494,0,0,0,0,0
0.119236,0.030977,0.038418,0.061439,0.044612,-0.021465,0,0,0,0,0
0.119238,0.031624,0.037124,0.060792,0.045259,-0.023083,0,0,0,0,0
0.11924,0.031948,0.034859,0.060468,0.045906,-0.023406,0,0,0,0,0
0.119242,0.030977,0.03227,0.059174,0.046553,-0.023083,0,0,0,0,0
0.1192439999999999,0.030006,0.029681,0.05788,0.048493,-0.022112,0,0,0,0,0
0.1192459999999999,0.028389,0.028387,0.05691,0.049463,-0.020494,0,0,0,0,0
0.1192479999999999,0.027742,0.028387,0.055616,0.050433,-0.018876,0,0,0,0,0
0.11925,0.027094,0.029358,0.054646,0.051404,-0.018228,0,0,0,0,0
0.119252,0.026447,0.030976,0.053352,0.051404,-0.019199,0,0,0,0,0
0.119254,0.026771,0.032917,0.052382,0.05108,-0.019847,0,0,0,0,0
0.119256,0.027094,0.032594,0.051735,0.050757,-0.020817,0,0,0,0,0
0.1192579999999999,0.0258,0.031623,0.051411,0.05011,-0.021465,0,0,0,0,0
0.1192599999999999,0.025477,0.030005,0.050764,0.049787,-0.020817,0,0,0,0,0
0.1192619999999999,0.023535,0.027416,0.050441,0.049787,-0.020494,0,0,0,0,0
0.119264,0.022241,0.026122,0.049794,0.05108,-0.019199,0,0,0,0,0
0.119266,0.019977,0.025798,0.049471,0.051727,-0.017581,0,0,0,0,0
0.119268,0.018035,0.026769,0.0485,0.053021,-0.016287,0,0,0,0,0
0.11927,0.016094,0.028387,0.04753,0.054637,-0.014992,0,0,0,0,0
0.1192719999999999,0.0148,0.030329,0.046559,0.055931,-0.014345,0,0,0,0,0
0.1192739999999999,0.013829,0.032594,0.044942,0.056578,-0.014021,0,0,0,0,0
0.119276,0.012535,0.035506,0.043972,0.057225,-0.013374,0,0,0,0,0
0.119278,0.011888,0.039713,0.042354,0.058518,-0.013051,0,0,0,0,0
0.11928,0.010594,0.043272,0.040737,0.058842,-0.013051,0,0,0,0,0
0.119282,0.0093,0.045861,0.039767,0.060135,-0.012403,0,0,0,0,0
0.119284,0.007358,0.048126,0.03912,0.062075,-0.010785,0,0,0,0,0
0.1192859999999999,0.005741,0.050067,0.038149,0.063692,-0.008844,0,0,0,0,0
0.1192879999999999,0.003799,0.052009,0.037179,0.065309,-0.006902,0,0,0,0,0
0.11929,0.001858,0.053303,0.036532,0.066603,-0.003989,0,0,0,0,0
0.119292,0.001211,0.054921,0.035562,0.067896,-0.002371,0,0,0,0,0
0.119294,0.000564,0.056539,0.034915,0.068543,-0.001401,0,0,0,0,0
0.119296,0.001535,0.058157,0.033944,0.06822,-0.001077,0,0,0,0,0
0.119298,0.002182,0.058157,0.033621,0.067573,-0.001724,0,0,0,0,0
0.1192999999999999,0.003152,0.059775,0.033944,0.06725,-0.002371,0,0,0,0,0
0.1193019999999999,0.003799,0.060746,0.034268,0.065956,-0.003019,0,0,0,0,0
0.119304,0.00477,0.060422,0.034591,0.064339,-0.003342,0,0,0,0,0
0.119306,0.005417,0.060422,0.034591,0.063369,-0.003019,0,0,0,0,0
0.119308,0.006064,0.062364,0.034591,0.061752,-0.003989,0,0,0,0,0
0.11931,0.007035,0.064952,0.034268,0.060458,-0.004637,0,0,0,0,0
0.119312,0.008652,0.067541,0.033298,0.058518,-0.005284,0,0,0,0,0
0.1193139999999999,0.010917,0.069806,0.032651,0.056254,-0.006255,0,0,0,0,0
0.1193159999999999,0.012859,0.072718,0.031357,0.054314,-0.006902,0,0,0,0,0
0.119318,0.014153,0.074336,0.031033,0.053021,-0.006578,0,0,0,0,0
0.11932,0.015123,0.075954,0.030386,0.051727,-0.005284,0,0,0,0,0
0.119322,0.015123,0.077572,0.030386,0.05108,-0.002371,0,0,0,0,0
0.119324,0.014476,0.079837,0.030063,0.050757,0.001512,0,0,0,0,0
0.119326,0.014153,0.08275,0.029416,0.050433,0.004425,0,0,0,0,0
0.1193279999999999,0.013182,0.085662,0.028769,0.050757,0.007337,0,0,0,0,0
0.1193299999999999,0.013506,0.089545,0.028446,0.05011,0.009602,0,0,0,0,0
0.119332,0.013829,0.093104,0.027799,0.049787,0.01025,0,0,0,0,0
0.119334,0.014153,0.094722,0.026828,0.048816,0.011868,0,0,0,0,0
0.119336,0.015447,0.095369,0.026505,0.047846,0.012515,0,0,0,0,0
0.119338,0.01577,0.095693,0.026505,0.047523,0.013809,0,0,0,0,0
0.1193399999999999,0.016418,0.09634,0.026505,0.047199,0.015427,0,0,0,0,0
0.1193419999999999,0.016418,0.095693,0.025858,0.046553,0.017045,0,0,0,0,0
0.1193439999999999,0.016741,0.094722,0.025534,0.046229,0.018987,0,0,0,0,0
0.119346,0.016094,0.093752,0.025211,0.045583,0.020605,0,0,0,0,0
0.119348,0.016418,0.093104,0.024888,0.044289,0.0219,0,0,0,0,0
0.11935,0.016741,0.092781,0.024888,0.043319,0.022223,0,0,0,0,0
0.119352,0.017065,0.092781,0.024888,0.042349,0.022547,0,0,0,0,0
0.1193539999999999,0.017065,0.094075,0.024564,0.041055,0.022871,0,0,0,0,0
0.1193559999999999,0.017712,0.095693,0.025211,0.039762,0.022547,0,0,0,0,0
0.1193579999999999,0.018035,0.096017,0.024888,0.039438,0.022547,0,0,0,0,0
0.11936,0.018359,0.097635,0.025534,0.038791,0.022223,0,0,0,0,0
0.119362,0.018359,0.098605,0.025858,0.037821,0.022871,0,0,0,0,0
0.119364,0.017065,0.098282,0.025534,0.037498,0.023518,0,0,0,0,0
0.119366,0.01577,0.097311,0.025211,0.037821,0.025459,0,0,0,0,0
0.1193679999999999,0.014476,0.096017,0.025211,0.037174,0.027078,0,0,0,0,0
0.1193699999999999,0.012859,0.09634,0.024241,0.036528,0.029343,0,0,0,0,0
0.1193719999999999,0.011888,0.095693,0.023917,0.034911,0.030637,0,0,0,0,0
0.119374,0.010594,0.094722,0.02327,0.03297,0.031932,0,0,0,0,0
0.119376,0.01027,0.093104,0.02327,0.03103,0.032255,0,0,0,0,0
0.119378,0.01027,0.090192,0.02327,0.028766,0.03355,0,0,0,0,0
0.11938,0.01027,0.085662,0.023594,0.027149,0.034844,0,0,0,0,0
0.1193819999999999,0.0093,0.080808,0.02327,0.026179,0.03711,0,0,0,0,0
0.1193839999999999,0.008976,0.076601,0.022947,0.025209,0.039051,0,0,0,0,0
0.1193859999999999,0.008329,0.073366,0.02327,0.024886,0.040993,0,0,0,0,0
0.119388,0.007358,0.071424,0.022623,0.024562,0.042935,0,0,0,0,0
0.11939,0.007035,0.070453,0.02327,0.024886,0.042935,0,0,0,0,0
0.119392,0.007682,0.070453,0.022623,0.024886,0.041964,0,0,0,0,0
0.119394,0.008976,0.068512,0.0223,0.024886,0.039698,0,0,0,0,0
0.1193959999999999,0.01027,0.0656,0.021653,0.024239,0.037757,0,0,0,0,0
0.1193979999999999,0.011241,0.061393,0.02133,0.024562,0.035168,0,0,0,0,0
0.1193999999999999,0.012211,0.055892,0.02133,0.024562,0.033873,0,0,0,0,0
0.119402,0.013182,0.04942,0.02133,0.025532,0.033226,0,0,0,0,0
0.119404,0.013182,0.043272,0.021006,0.026179,0.032903,0,0,0,0,0
0.119406,0.012535,0.036477,0.021653,0.026503,0.03355,0,0,0,0,0
0.119408,0.011888,0.031623,0.0223,0.027796,0.034197,0,0,0,0,0
0.1194099999999999,0.011564,0.02774,0.022947,0.02909,0.035168,0,0,0,0,0
0.1194119999999999,0.010917,0.025475,0.022947,0.029736,0.035815,0,0,0,0,0
0.1194139999999999,0.010917,0.02321,0.023594,0.03006,0.036139,0,0,0,0,0
0.119416,0.011888,0.022239,0.022947,0.029736,0.035491,0,0,0,0,0
0.119418,0.012859,0.021915,0.0223,0.029413,0.034844,0,0,0,0,0
0.11942,0.014153,0.019327,0.021976,0.028443,0.032903,0,0,0,0,0
0.119422,0.015447,0.016738,0.021006,0.027149,0.032255,0,0,0,0,0
0.1194239999999999,0.016094,0.013502,0.020359,0.025856,0.030637,0,0,0,0,0
0.1194259999999999,0.016741,0.01059,0.019712,0.025209,0.02999,0,0,0,0,0
0.1194279999999999,0.017065,0.007678,0.019389,0.024239,0.02999,0,0,0,0,0
0.11943,0.017388,0.005413,0.018742,0.023915,0.029666,0,0,0,0,0
0.119432,0.017712,0.005413,0.017771,0.023592,0.029019,0,0,0,0,0
0.119434,0.018682,0.004765,0.016801,0.022298,0.027725,0,0,0,0,0
0.119436,0.0203,0.004765,0.015831,0.021328,0.026754,0,0,0,0,0
0.1194379999999999,0.021271,0.003795,0.01486,0.020682,0.025459,0,0,0,0,0
0.1194399999999999,0.022241,0.002177,0.01389,0.020035,0.024165,0,0,0,0,0
0.1194419999999999,0.023535,-0.000412,0.012273,0.019388,0.024489,0,0,0,0,0
0.119444,0.023535,-0.001383,0.011626,0.018741,0.025136,0,0,0,0,0
0.119446,0.022565,-0.001059,0.009361,0.019065,0.025136,0,0,0,0,0
0.119448,0.022565,0.000235,0.007421,0.018094,0.025459,0,0,0,0,0
0.11945,0.022565,0.003147,0.005803,0.017448,0.025136,0,0,0,0,0
0.1194519999999999,0.023212,0.00606,0.003539,0.016154,0.023841,0,0,0,0,0
0.1194539999999999,0.024506,0.008001,0.001598,0.014537,0.022223,0,0,0,0,0
0.1194559999999999,0.025153,0.008648,-1.8859e-05,0.013244,0.021252,0,0,0,0,0
0.119458,0.025153,0.008648,-0.00196,0.011303,0.020282,0,0,0,0,0
0.11946,0.02483,0.008001,-0.003577,0.009686,0.020282,0,0,0,0,0
0.119462,0.023212,0.00703,-0.004871,0.008069,0.0219,0,0,0,0,0
0.119464,0.022241,0.006707,-0.006488,0.007423,0.023194,0,0,0,0,0
0.1194659999999999,0.020947,0.00606,-0.007782,0.006129,0.024489,0,0,0,0,0
0.1194679999999999,0.0203,0.006707,-0.009399,0.005159,0.025459,0,0,0,0,0
0.1194699999999999,0.0203,0.008001,-0.011663,0.003542,0.025783,0,0,0,0,0
0.119472,0.020947,0.008648,-0.013928,0.002248,0.025459,0,0,0,0,0
0.119474,0.021918,0.008972,-0.016515,-1.5452e-05,0.024489,0,0,0,0,0
0.119476,0.023212,0.009619,-0.019103,-0.001309,0.0219,0,0,0,0,0
0.119478,0.024506,0.009943,-0.021691,-0.002603,0.020605,0,0,0,0,0
0.1194799999999999,0.02483,0.008972,-0.023955,-0.00422,0.019311,0,0,0,0,0
0.1194819999999999,0.024506,0.00703,-0.025249,-0.004543,0.01834,0,0,0,0,0
0.1194839999999999,0.024183,0.005413,-0.027189,-0.004866,0.017693,0,0,0,0,0
0.119486,0.023535,0.002824,-0.027836,-0.004866,0.017693,0,0,0,0,0
0.119488,0.022565,0.000235,-0.028807,-0.004543,0.01834,0,0,0,0,0
0.11949,0.020947,-0.001383,-0.029454,-0.003896,0.018987,0,0,0,0,0
0.119492,0.019977,-0.001706,-0.029777,-0.003249,0.019634,0,0,0,0,0
0.1194939999999999,0.018359,-0.001383,-0.030101,-0.002603,0.019958,0,0,0,0,0
0.1194959999999999,0.016741,-0.000736,-0.029777,-0.002279,0.019634,0,0,0,0,0
0.119498,0.0148,-0.000412,-0.028807,-0.001632,0.01834,0,0,0,0,0
0.1195,0.012859,0.000235,-0.027836,-0.001632,0.018016,0,0,0,0,0
0.119502,0.010594,-0.000412,-0.026866,-0.000339,0.01834,0,0,0,0,0
0.119504,0.007682,-0.001706,-0.026219,0.000631,0.018664,0,0,0,0,0
0.119506,0.004123,-0.00203,-0.025896,0.001601,0.019958,0,0,0,0,0
0.1195079999999999,0.001858,-0.001059,-0.025249,0.002572,0.020605,0,0,0,0,0
0.1195099999999999,-0.00073,0.00153,-0.026219,0.003542,0.020929,0,0,0,0,0
0.119512,-0.002995,0.003795,-0.026543,0.005159,0.020282,0,0,0,0,0
0.119514,-0.004289,0.006707,-0.026866,0.005806,0.01834,0,0,0,0,0
0.119516,-0.005583,0.00703,-0.027189,0.006776,0.016075,0,0,0,0,0
0.119518,-0.007201,0.006383,-0.027189,0.007746,0.013486,0,0,0,0,0
0.11952,-0.00979,0.005413,-0.027189,0.008716,0.01122,0,0,0,0,0
0.1195219999999999,-0.012378,0.004442,-0.027513,0.009363,0.009926,0,0,0,0,0
0.1195239999999999,-0.01529,0.004442,-0.028483,0.010333,0.008308,0,0,0,0,0
0.119526,-0.017878,0.004765,-0.029777,0.011627,0.007337,0,0,0,0,0
0.119528,-0.020466,0.006383,-0.031071,0.012597,0.005395,0,0,0,0,0
0.11953,-0.023055,0.008648,-0.032688,0.013567,0.003454,0,0,0,0,0
0.119532,-0.024996,0.009296,-0.033982,0.01486,0.001188,0,0,0,0,0
0.119534,-0.026614,0.010266,-0.034953,0.015831,-0.001077,0,0,0,0,0
0.1195359999999999,-0.028232,0.012208,-0.036246,0.017448,-0.003342,0,0,0,0,0
0.1195379999999999,-0.029849,0.012531,-0.03657,0.018418,-0.004313,0,0,0,0,0
0.11954,-0.031791,0.012855,-0.036893,0.020358,-0.004313,0,0,0,0,0
0.119542,-0.033408,0.012855,-0.03754,0.021652,-0.005284,0,0,0,0,0
0.119544,-0.035026,0.012208,-0.03754,0.023592,-0.005284,0,0,0,0,0
0.119546,-0.03632,0.011237,-0.037864,0.025209,-0.005931,0,0,0,0,0
0.119548,-0.037291,0.01059,-0.038834,0.026179,-0.005931,0,0,0,0,0
0.1195499999999999,-0.037938,0.009943,-0.039158,0.027796,-0.005607,0,0,0,0,0
0.1195519999999999,-0.038261,0.009296,-0.039804,0.027473,-0.00496,0,0,0,0,0
0.119554,-0.037938,0.009619,-0.039804,0.027796,-0.005284,0,0,0,0,0
0.119556,-0.03632,0.01059,-0.039804,0.027473,-0.005607,0,0,0,0,0
0.119558,-0.034379,0.010914,-0.039481,0.026826,-0.006578,0,0,0,0,0
0.11956,-0.032114,0.011237,-0.039804,0.026826,-0.008196,0,0,0,0,0
0.1195619999999999,-0.028555,0.011237,-0.039481,0.025856,-0.009167,0,0,0,0,0
0.1195639999999999,-0.025643,0.009619,-0.039481,0.025856,-0.009491,0,0,0,0,0
0.1195659999999999,-0.022408,0.008972,-0.039481,0.026179,-0.010462,0,0,0,0,0
0.119568,-0.019496,0.007678,-0.039158,0.025856,-0.011109,0,0,0,0,0
0.11957,-0.01626,0.007678,-0.039481,0.025532,-0.011756,0,0,0,0,0
0.119572,-0.012378,0.007678,-0.039804,0.025856,-0.013374,0,0,0,0,0
0.119574,-0.008172,0.00606,-0.040128,0.025856,-0.014992,0,0,0,0,0
0.1195759999999999,-0.003319,0.003471,-0.040451,0.026179,-0.017258,0,0,0,0,0
0.1195779999999999,0.000887,-8.8422e-05,-0.040451,0.025856,-0.018876,0,0,0,0,0
0.1195799999999999,0.005093,-0.004295,-0.041098,0.026826,-0.020494,0,0,0,0,0
0.119582,0.008652,-0.008825,-0.041422,0.027796,-0.021788,0,0,0,0,0
0.119584,0.012535,-0.012385,-0.041422,0.028443,-0.022435,0,0,0,0,0
0.119586,0.017388,-0.014973,-0.041098,0.029413,-0.023406,0,0,0,0,0
0.119588,0.022241,-0.016591,-0.041098,0.030383,-0.024701,0,0,0,0,0
0.1195899999999999,0.028065,-0.018209,-0.039481,0.03103,-0.025995,0,0,0,0,0
0.1195919999999999,0.034212,-0.017562,-0.037864,0.031353,-0.028584,0,0,0,0,0
0.1195939999999999,0.041007,-0.017886,-0.036246,0.03103,-0.030526,0,0,0,0,0
0.119596,0.047801,-0.018209,-0.034629,0.030707,-0.032144,0,0,0,0,0
0.119598,0.054596,-0.019504,-0.033012,0.029736,-0.033762,0,0,0,0,0
0.1196,0.06139,-0.020151,-0.031071,0.02909,-0.034409,0,0,0,0,0
0.119602,0.068185,-0.020798,-0.029454,0.028443,-0.035704,0,0,0,0,0
0.1196039999999999,0.074655,-0.021122,-0.027513,0.027796,-0.036027,0,0,0,0,0
0.1196059999999999,0.080803,-0.019504,-0.024925,0.027473,-0.036674,0,0,0,0,0
0.1196079999999999,0.08695,-0.018533,-0.022985,0.026826,-0.036998,0,0,0,0,0
0.11961,0.093421,-0.017562,-0.021367,0.026179,-0.036998,0,0,0,0,0
0.119612,0.099245,-0.016268,-0.020073,0.025532,-0.037969,0,0,0,0,0
0.119614,0.106363,-0.015621,-0.019103,0.024562,-0.037969,1,0,0,0,0
0.119616,0.112834,-0.01465,-0.01878,0.023592,-0.038293,1,0,0,0,0
0.1196179999999999,0.119628,-0.014326,-0.017809,0.022622,-0.038616,1,0,0,0,0
0.1196199999999999,0.125452,-0.014003,-0.017486,0.021005,-0.037969,1,0,0,0,0
0.1196219999999999,0.130952,-0.013679,-0.017486,0.020035,-0.037969,1,0,0,0,0
0.119624,0.136452,-0.012708,-0.017486,0.019065,-0.036998,1,0,0,0,0
0.119626,0.141306,-0.012385,-0.017809,0.018418,-0.035704,1,0,0,0,0
0.119628,0.146482,-0.009796,-0.018456,0.017771,-0.034733,1,0,0,0,0
0.11963,0.151982,-0.006237,-0.019103,0.017771,-0.032467,1,0,0,0,0
0.1196319999999999,0.157159,-0.002677,-0.02072,0.016477,-0.032144,1,0,0,0,0
0.1196339999999999,0.162659,0.00153,-0.022014,0.015831,-0.031497,1,0,0,0,0
0.1196359999999999,0.167836,0.004442,-0.022338,0.014214,-0.030526,1,0,0,0,0
0.119638,0.173013,0.00606,-0.023308,0.013244,-0.029231,1,0,0,0,0
0.11964,0.176572,0.00606,-0.023955,0.013244,-0.02729,1,0,0,0,0
0.119642,0.179484,0.005736,-0.024925,0.013244,-0.024053,1,0,0,0,0
0.119644,0.181425,0.00606,-0.025572,0.013567,-0.020494,1,0,0,0,0
0.1196459999999999,0.183366,0.007354,-0.026866,0.014214,-0.017258,1,0,0,0,0
0.1196479999999999,0.184984,0.008648,-0.027513,0.014214,-0.014021,1,0,0,0,0
0.1196499999999999,0.186602,0.010914,-0.02816,0.01486,-0.01208,1,0,0,0,0
0.119652,0.18919,0.013502,-0.028483,0.014537,-0.010785,1,0,0,0,0
0.119654,0.191778,0.016738,-0.028807,0.014537,-0.010138,1,0,0,0,0
0.119656,0.193396,0.017062,-0.028483,0.013567,-0.009814,1,0,0,0,0
0.119658,0.194367,0.016414,-0.027513,0.01292,-0.008844,1,0,0,0,0
0.1196599999999999,0.19372,0.01512,-0.026543,0.01292,-0.007549,1,0,0,0,0
0.1196619999999999,0.192425,0.014797,-0.024602,0.01292,-0.00496,1,0,0,0,0
0.1196639999999999,0.189837,0.014797,-0.022661,0.013567,-0.002695,1,0,0,0,0
0.119666,0.186602,0.016091,-0.02072,0.01389,-0.000753,1,0,0,0,0
0.119668,0.18369,0.019327,-0.018456,0.014537,0.000865,1,0,0,0,0
0.11967,0.180454,0.022886,-0.016515,0.014537,0.001512,1,0,0,0,0
0.119672,0.177219,0.026122,-0.013604,0.014537,0.001512,1,0,0,0,0
0.1196739999999999,0.174631,0.029358,-0.011663,0.014214,0.000865,1,0,0,0,0
0.1196759999999999,0.171719,0.033565,-0.009076,0.013567,0.000218,1,0,0,0,0
0.1196779999999999,0.168807,0.038418,-0.006812,0.01389,-0.001401,1,0,0,0,0
0.11968,0.165895,0.043919,-0.004547,0.01389,-0.002371,1,0,0,0,0
0.119682,0.163954,0.048449,-0.003253,0.014214,-0.003989,1,0,0,0,0
0.119684,0.162336,0.054921,-0.001636,0.01486,-0.005607,1,0,0,0,0
0.119686,0.160071,0.061393,-0.000342,0.016154,-0.006902,1,0,0,0,0
0.1196879999999999,0.158777,0.068835,0.000628,0.016801,-0.00852,1,0,0,0,0
0.1196899999999999,0.157483,0.077572,0.000952,0.018418,-0.009491,1,0,0,0,0
0.1196919999999999,0.156836,0.088574,0.001275,0.020035,-0.010785,1,0,0,0,0
0.119694,0.156189,0.10087,0.001275,0.021005,-0.012403,1,1,0,0,0
0.119696,0.156189,0.11349,0.001922,0.022945,-0.014345,1,1,0,0,0
0.119698,0.155865,0.125463,0.001598,0.023592,-0.015316,1,1,0,0,0
0.1197,0.155218,0.137112,0.000952,0.024886,-0.016287,1,1,0,0,0
0.1197019999999999,0.154247,0.148438,0.001275,0.025856,-0.016287,1,1,0,0,0
0.1197039999999999,0.152306,0.158145,0.000305,0.026503,-0.01564,1,1,0,0,0
0.1197059999999999,0.150365,0.167853,0.000628,0.027796,-0.014345,1,1,0,0,0
0.119708,0.1481,0.178531,0.000305,0.028766,-0.012403,1,1,0,0,0
0.11971,0.146482,0.190504,0.000305,0.03006,-0.011756,1,1,0,0,0
0.119712,0.145188,0.202153,0.000628,0.03006,-0.010785,1,1,0,0,0
0.119714,0.144541,0.213155,0.000628,0.030707,-0.010785,1,1,0,0,0
0.1197159999999999,0.144217,0.22351,0.000305,0.030707,-0.010462,1,1,0,0,0
0.1197179999999999,0.142276,0.23257,0.000628,0.030707,-0.010785,1,1,0,0,0
0.11972,0.140982,0.239689,0.000305,0.030383,-0.010138,1,1,0,0,0
0.119722,0.139041,0.246161,-1.8859e-05,0.029736,-0.008844,1,1,0,0,0
0.119724,0.136452,0.252632,-0.001313,0.03006,-0.007226,1,1,0,0,0
0.119726,0.133864,0.259104,-0.001636,0.029736,-0.006255,1,1,0,0,0
0.119728,0.131276,0.265252,-0.002607,0.029736,-0.005284,1,1,0,0,0
0.1197299999999999,0.129334,0.270753,-0.003253,0.029736,-0.00496,1,1,0,0,0
0.1197319999999999,0.127393,0.27593,-0.003577,0.02909,-0.00496,1,1,0,0,0
0.119734,0.126099,0.279166,-0.004224,0.028766,-0.004637,1,1,0,0,0
0.119736,0.125128,0.280137,-0.004871,0.027796,-0.003989,1,1,0,0,0
0.119738,0.123511,0.280784,-0.006488,0.026503,-0.003019,1,1,0,0,0
0.11974,0.121569,0.280137,-0.007782,0.025209,-0.001401,1,1,0,0,0
0.119742,0.119952,0.278196,-0.009076,0.023915,0.000541,1,1,0,0,0
0.1197439999999999,0.117363,0.275283,-0.010693,0.022622,0.002159,1,1,0,0,0
0.1197459999999999,0.114451,0.273665,-0.011987,0.021328,0.004425,1,1,0,0,0
0.119748,0.110892,0.271077,-0.013604,0.020358,0.006366,1,1,0,0,0
0.11975,0.10701,0.267841,-0.014575,0.018741,0.008308,1,1,0,0,0
0.119752,0.103451,0.265252,-0.016192,0.017448,0.009602,1,1,0,0,0
0.119754,0.099568,0.262016,-0.017809,0.016154,0.010573,0,1,0,0,0
0.119756,0.096009,0.25781,-0.019426,0.015831,0.010897,0,1,0,0,0
0.1197579999999999,0.09245,0.252956,-0.021044,0.014537,0.010573,0,1,0,0,0
0.1197599999999999,0.087274,0.246161,-0.022661,0.013567,0.009926,0,1,0,0,0
0.119762,0.082421,0.238718,-0.023955,0.013567,0.009926,0,1,0,0,0
0.119764,0.07595,0.230628,-0.025896,0.014214,0.009926,0,1,0,0,0
0.119766,0.069155,0.222862,-0.027513,0.01486,0.009926,0,1,0,0,0
0.119768,0.062037,0.215743,-0.02913,0.015184,0.009926,0,1,0,0,0
0.11977,0.055566,0.210242,-0.031071,0.015831,0.009279,0,1,0,0,0
0.1197719999999999,0.049419,0.205065,-0.033335,0.015831,0.007984,0,1,0,0,0
0.1197739999999999,0.043919,0.199564,-0.034306,0.015184,0.005395,0,1,0,0,0
0.119776,0.039066,0.194063,-0.03657,0.013244,0.001836,0,1,0,0,0
0.119778,0.034536,0.187915,-0.037864,0.01195,-0.000753,0,1,0,0,0
0.11978,0.029359,0.180149,-0.038834,0.010333,-0.003666,0,1,0,0,0
0.119782,0.024183,0.172707,-0.039804,0.008716,-0.005931,0,1,0,0,0
0.1197839999999999,0.017065,0.165264,-0.040775,0.007423,-0.006255,0,1,0,0,0
0.1197859999999999,0.01027,0.159439,-0.041745,0.006776,-0.006255,0,1,0,0,0
0.1197879999999999,0.002505,0.15588,-0.042716,0.006129,-0.005931,0,1,0,0,0
0.11979,-0.003966,0.153615,-0.043686,0.005159,-0.005607,0,1,0,0,0
0.119792,-0.010113,0.151673,-0.044333,0.004189,-0.006578,0,1,0,0,0
0.119794,-0.015613,0.149732,-0.044009,0.002895,-0.007873,0,1,0,0,0
0.119796,-0.020143,0.147143,-0.044333,0.000955,-0.009167,0,1,0,0,0
0.1197979999999999,-0.024025,0.144555,-0.044009,-0.000339,-0.010462,0,1,0,0,0
0.1197999999999999,-0.028879,0.140671,-0.043362,-0.000986,-0.010785,0,1,0,0,0
0.1198019999999999,-0.033732,0.138406,-0.042069,-0.000986,-0.010785,0,1,0,0,0
0.119804,-0.038585,0.137436,-0.040451,-0.001956,-0.010138,0,1,0,0,0
0.119806,-0.043438,0.136465,-0.038187,-0.002279,-0.009491,0,1,0,0,0
0.119808,-0.048291,0.136465,-0.035276,-0.001956,-0.009167,0,1,0,0,0
0.11981,-0.053144,0.138406,-0.032041,-0.002926,-0.009167,0,1,0,0,0
0.1198119999999999,-0.057027,0.140024,-0.027836,-0.003573,-0.009167,0,1,0,0,0
0.1198139999999999,-0.060909,0.143584,-0.023631,-0.004543,-0.009491,0,1,0,0,0
0.1198159999999999,-0.064792,0.147143,-0.019103,-0.00519,-0.009491,0,1,0,0,0
0.119818,-0.068351,0.152644,-0.012634,-0.006483,-0.009167,0,1,0,0,0
0.11982,-0.071586,0.157822,-0.005518,-0.006807,-0.009491,0,1,0,0,0
0.119822,-0.075145,0.162675,0.001922,-0.006807,-0.010462,0,1,0,0,0
0.119824,-0.079028,0.167529,0.010332,-0.006483,-0.010785,0,1,0,0,0
0.1198259999999999,-0.08291,0.172383,0.020036,-0.005513,-0.011433,0,1,0,0,0
0.1198279999999999,-0.087117,0.17659,0.029416,-0.004543,-0.012403,0,1,0,0,0
0.1198299999999999,-0.091323,0.181443,0.039767,-0.002603,-0.013051,0,1,0,0,0
0.119832,-0.095205,0.187268,0.050117,-0.001309,-0.014669,0,1,0,0,0
0.119834,-0.099088,0.192769,0.061115,-1.5452e-05,-0.01661,0,1,0,0,0
0.119836,-0.10297,0.197623,0.072436,0.001278,-0.018876,0,1,0,0,0
0.119838,-0.105882,0.200858,0.084081,0.002248,-0.020817,0,1,0,0,0
0.1198399999999999,-0.108794,0.203124,0.095725,0.003865,-0.022435,0,1,0,0,0
0.1198419999999999,-0.111706,0.204418,0.107046,0.005482,-0.02373,0,1,1,0,0
0.1198439999999999,-0.115588,0.205065,0.118044,0.006776,-0.024053,0,1,1,0,0
0.119846,-0.1185,0.206036,0.128718,0.008393,-0.02373,0,1,1,0,0
0.119848,-0.121412,0.207654,0.138745,0.010333,-0.023083,0,1,1,0,0
0.11985,-0.123353,0.209272,0.149096,0.010656,-0.02373,0,1,1,0,0
0.119852,-0.125295,0.210566,0.158153,0.010333,-0.02373,0,1,1,0,0
0.1198539999999999,-0.126912,0.210242,0.16721,0.01001,-0.025348,0,1,1,0,0
0.1198559999999999,-0.12853,0.209272,0.175943,0.009363,-0.026642,0,1,1,0,0
0.1198579999999999,-0.130471,0.206683,0.183706,0.009363,-0.027937,0,1,1,0,0
0.11986,-0.13306,0.202476,0.191469,0.009039,-0.027937,0,1,1,0,0
0.119862,-0.136619,0.196975,0.197939,0.009686,-0.027937,0,1,1,0,0
0.119864,-0.139531,0.192445,0.204084,0.009686,-0.027613,0,1,1,0,0
0.119866,-0.14309,0.187268,0.208289,0.010333,-0.026966,0,1,1,0,0
0.1198679999999999,-0.146649,0.181767,0.213141,0.010333,-0.026966,0,1,1,0,0
0.1198699999999999,-0.148913,0.175295,0.216376,0.010656,-0.02729,0,1,1,0,0
0.1198719999999999,-0.151502,0.168176,0.219287,0.010333,-0.02729,0,1,1,0,0
0.119874,-0.154414,0.160087,0.221551,0.01001,-0.027613,0,1,1,0,0
0.119876,-0.157002,0.151026,0.222845,0.01001,-0.027937,0,1,1,0,0
0.119878,-0.15959,0.141642,0.223815,0.01001,-0.027613,0,1,1,0,0
0.11988,-0.161532,0.131287,0.223815,0.010333,-0.02729,0,1,1,0,0
0.1198819999999999,-0.163796,0.121256,0.223815,0.010656,-0.026642,0,1,1,0,0
0.1198839999999999,-0.166385,0.110578,0.222845,0.01098,-0.025348,0,1,1,0,0
0.1198859999999999,-0.168326,0.0999,0.221551,0.01195,-0.024053,0,0,1,0,0
0.119888,-0.170591,0.088898,0.219287,0.01195,-0.022759,0,0,1,0,0
0.11989,-0.171885,0.077572,0.216376,0.012273,-0.021788,0,0,1,0,0
0.119892,-0.172856,0.067217,0.212818,0.012597,-0.021465,0,0,1,0,0
0.119894,-0.173826,0.054921,0.208936,0.01292,-0.022112,0,0,1,0,0
0.1198959999999999,-0.173179,0.043919,0.204084,0.01292,-0.023083,0,0,1,0,0
0.1198979999999999,-0.172532,0.033241,0.198586,0.013244,-0.025024,0,0,1,0,0
0.1198999999999999,-0.171885,0.021915,0.193087,0.013244,-0.026319,0,0,1,0,0
0.119902,-0.171562,0.009943,0.186941,0.01389,-0.027937,0,0,1,0,0
0.119904,-0.170914,-8.8422e-05,0.180795,0.015184,-0.028908,0,0,1,0,0
0.119906,-0.170914,-0.009149,0.174326,0.016477,-0.030202,0,0,1,0,0
0.119908,-0.170914,-0.017562,0.166887,0.018094,-0.031173,0,0,1,0,0
0.1199099999999999,-0.170267,-0.024681,0.15977,0.020358,-0.032467,0,0,1,0,0
0.1199119999999999,-0.16962,-0.030506,0.152331,0.021975,-0.034086,0,0,1,0,0
0.1199139999999999,-0.168973,-0.035359,0.144244,0.024562,-0.036674,0,0,1,0,0
0.119916,-0.168326,-0.041507,0.136158,0.027149,-0.03894,0,0,1,0,0
0.119918,-0.167355,-0.04895,0.128395,0.030383,-0.040881,0,0,1,0,0
0.11992,-0.167355,-0.055098,0.120632,0.033617,-0.043147,0,0,1,0,0
0.119922,-0.167679,-0.062541,0.112545,0.037821,-0.044765,0,0,1,0,0
0.1199239999999999,-0.169297,-0.07063,0.104782,0.042672,-0.044765,0,0,1,0,0
0.1199259999999999,-0.170267,-0.077102,0.096696,0.047846,-0.045088,0,0,0,0,0
0.1199279999999999,-0.171885,-0.082279,0.088609,0.054314,-0.045088,0,0,0,0,0
0.11993,-0.172856,-0.086162,0.080846,0.060458,-0.045412,0,0,0,0,0
0.119932,-0.172856,-0.090369,0.07276,0.066926,-0.046706,0,0,0,0,0
0.119934,-0.172209,-0.093281,0.06532,0.073717,-0.048001,0,0,0,0,0
0.119936,-0.171238,-0.096841,0.05788,0.080185,-0.050266,0,0,0,0,0
0.1199379999999999,-0.170267,-0.100724,0.051411,0.086653,-0.052532,0,0,0,0,0
0.1199399999999999,-0.16865,-0.104607,0.045266,0.094091,-0.053826,0,0,0,0,0
0.119942,-0.167679,-0.108813,0.038796,0.101529,-0.054473,0,0,0,1,0
0.119944,-0.166385,-0.11302,0.033621,0.10929,-0.055444,0,0,0,1,0
0.119946,-0.165414,-0.117227,0.028769,0.117375,-0.055444,0,0,0,1,0
0.119948,-0.163149,-0.120786,0.024241,0.12546,-0.055444,0,0,0,1,0
0.11995,-0.161532,-0.124345,0.020683,0.133545,-0.055444,0,0,0,1,0
0.1199519999999999,-0.158943,-0.126934,0.017448,0.141629,-0.05512,0,0,0,1,0
0.1199539999999999,-0.156355,-0.129846,0.01486,0.150038,-0.055444,0,0,0,1,0
0.119956,-0.153767,-0.132435,0.013243,0.157475,-0.05512,0,0,0,1,0
0.119958,-0.150208,-0.136318,0.012596,0.165237,-0.05512,0,0,0,1,0
0.11996,-0.147296,-0.140201,0.012596,0.172675,-0.054473,0,0,0,1,0
0.119962,-0.143737,-0.144084,0.01389,0.180113,-0.053502,0,0,0,1,0
0.119964,-0.139854,-0.148291,0.015831,0.187227,-0.052208,0,0,0,1,0
0.1199659999999999,-0.135325,-0.151527,0.018095,0.194342,-0.051237,0,0,0,1,0
0.1199679999999999,-0.130471,-0.15541,0.020683,0.200163,-0.05059,0,0,0,1,0
0.11997,-0.124648,-0.157351,0.024241,0.205984,-0.048648,0,0,0,1,0
0.119972,-0.119147,-0.157998,0.028769,0.211158,-0.048648,0,0,0,1,0
0.119974,-0.112677,-0.159293,0.033621,0.215686,-0.048001,0,0,0,1,0
0.119976,-0.105882,-0.160263,0.038473,0.21989,-0.047677,0,0,0,1,0
0.119978,-0.098117,-0.160587,0.043325,0.223124,-0.047677,0,0,0,1,0
0.1199799999999999,-0.091323,-0.162529,0.048824,0.226358,-0.047354,0,0,0,1,0
0.1199819999999999,-0.084852,-0.163823,0.053999,0.229268,-0.046383,0,0,0,1,0
0.119984,-0.078381,-0.164794,0.059498,0.231855,-0.044765,0,0,0,1,0
0.119986,-0.071586,-0.164794,0.064673,0.233796,-0.042499,0,0,0,1,0
0.119988,-0.064792,-0.165441,0.068555,0.235412,-0.041205,0,0,0,1,0
0.11999,-0.057998,-0.165764,0.073083,0.235736,-0.039587,0,0,0,1,0
0.119992,-0.049909,-0.164794,0.076965,0.235736,-0.03894,0,0,0,1,0
0.1199939999999999,-0.041497,-0.164794,0.08117,0.234119,-0.03894,0,0,0,1,0
0.1199959999999999,-0.033085,-0.166088,0.084404,0.232825,-0.03894,0,0,0,1,0
0.119998,-0.024996,-0.167382,0.087962,0.230885,-0.03894,0,0,0,1,0
0.12,-0.016584,-0.169324,0.091197,0.227974,-0.039263,0,0,0,1,0
0.120002,-0.008819,-0.17256,0.093785,0.224741,-0.038293,0,0,0,1,0
0.120004,-0.001054,-0.175796,0.095402,0.221183,-0.036998,0,0,0,1,0
0.1200059999999999,0.006711,-0.179031,0.097019,0.217626,-0.035056,0,0,0,1,0
0.1200079999999999,0.014153,-0.180649,0.09799,0.212775,-0.033115,0,0,0,1,0
0.1200099999999999,0.021594,-0.18162,0.098313,0.207601,-0.031497,0,0,0,1,0
0.120012,0.029359,-0.182915,0.09799,0.20275,-0.030202,0,0,0,1,0
0.120014,0.037124,-0.182591,0.09799,0.197252,-0.029555,0,0,0,1,0
0.120016,0.044566,-0.182267,0.097666,0.192078,-0.029231,0,0,0,1,0
0.120018,0.051684,-0.182915,0.096696,0.186904,-0.028908,0,0,0,1,0
0.1200199999999999,0.058155,-0.183562,0.096049,0.181083,-0.027937,0,0,0,1,0
0.1200219999999999,0.064302,-0.185503,0.094431,0.175909,-0.026966,0,0,0,1,0
0.1200239999999999,0.069802,-0.18615,0.092491,0.170088,-0.025995,0,0,0,1,0
0.120026,0.074979,-0.187445,0.090873,0.16459,-0.024701,0,0,0,1,0
0.120028,0.079509,-0.187445,0.087962,0.159092,-0.023406,0,0,0,1,0
0.12003,0.084038,-0.185503,0.084728,0.152625,-0.022435,0,0,0,1,0
0.120032,0.087597,-0.183562,0.080523,0.14551,-0.021788,0,0,0,1,0
0.1200339999999999,0.090509,-0.18162,0.076641,0.138719,-0.021141,0,0,0,1,0
0.1200359999999999,0.09245,-0.179679,0.072113,0.131281,-0.02017,0,0,0,1,0
0.1200379999999999,0.093421,-0.179031,0.067584,0.124166,-0.018552,0,0,0,1,0
0.12004,0.092774,-0.178061,0.062732,0.117052,-0.01661,0,0,0,1,0
0.120042,0.091156,-0.178384,0.058204,0.110584,-0.013374,0,0,0,1,0
0.120044,0.089215,-0.178384,0.053676,0.104116,-0.009491,0,0,0,1,0
0.120046,0.086627,-0.175796,0.049147,0.098295,-0.005284,0,0,0,0,0
0.1200479999999999,0.083068,-0.172883,0.044619,0.092797,-0.001077,0,0,0,0,0
0.1200499999999999,0.079832,-0.168677,0.040414,0.0873,0.003454,0,0,0,0,0
0.1200519999999999,0.076597,-0.161558,0.035562,0.082449,0.007337,0,0,0,0,0
0.120054,0.074332,-0.153792,0.030386,0.077275,0.010573,0,0,0,0,0
0.120056,0.072067,-0.146349,0.024888,0.072101,0.014133,0,0,0,0,0
0.120058,0.069802,-0.138583,0.019712,0.067573,0.01834,0,0,0,0,0
0.12006,0.067214,-0.131141,0.014213,0.063692,0.0219,0,0,0,0,0
0.1200619999999999,0.063978,-0.124022,0.009038,0.060458,0.026754,0,0,0,0,0
0.1200639999999999,0.060096,-0.118197,0.003216,0.057548,0.032903,0,0,0,0,0
0.1200659999999999,0.05589,-0.111726,-0.002607,0.055931,0.040022,0,0,0,0,0
0.120068,0.051684,-0.10396,-0.008429,0.054961,0.048112,0,0,0,0,0
0.12007,0.047154,-0.095223,-0.014575,0.054961,0.05685,0,0,0,0,0
0.120072,0.043272,-0.085515,-0.01975,0.054961,0.065588,0,0,0,0,0
0.120074,0.040036,-0.07419,-0.025896,0.055284,0.073678,0,0,0,0,0
0.1200759999999999,0.037448,-0.063188,-0.031394,0.055931,0.081445,0,0,0,0,0
0.1200779999999999,0.035507,-0.051215,-0.037217,0.056254,0.088888,0,0,0,0,0
0.1200799999999999,0.033565,-0.040537,-0.043039,0.057225,0.096655,0,0,0,0,0
0.120082,0.030653,-0.030829,-0.048861,0.057871,0.105716,0,0,0,0,1
0.120084,0.027418,-0.021122,-0.054684,0.059488,0.115101,0,0,0,0,1
0.120086,0.02483,-0.01109,-0.060182,0.061429,0.124809,0,0,0,0,1
0.120088,0.020624,0.000559,-0.065358,0.064016,0.134841,0,0,0,0,1
0.1200899999999999,0.017388,0.011884,-0.069886,0.066926,0.144226,0,0,0,0,1
0.1200919999999999,0.013829,0.022563,-0.074738,0.070484,0.152963,0,0,0,0,1
0.1200939999999999,0.010594,0.035506,-0.07862,0.073717,0.160406,0,0,0,0,1
0.120096,0.007358,0.046832,-0.083472,0.076628,0.167526,0,0,0,0,1
0.120098,0.003799,0.057833,-0.087353,0.080509,0.173998,0,0,0,0,1
0.1201,0.000564,0.069483,-0.091235,0.084389,0.179823,0,0,0,0,1
0.120102,-0.002995,0.080808,-0.094793,0.087947,0.185972,0,0,0,0,1
0.1201039999999999,-0.006878,0.093428,-0.098674,0.092151,0.192444,0,0,0,0,1
0.1201059999999999,-0.011084,0.105401,-0.101585,0.095385,0.197946,0,1,0,0,1
0.1201079999999999,-0.014319,0.117697,-0.104496,0.099265,0.203124,0,1,0,0,1
0.12011,-0.017878,0.130964,-0.107731,0.101852,0.207331,0,1,0,1,1
0.120112,-0.020143,0.142937,-0.110966,0.103793,0.211214,0,1,0,1,1
0.120114,-0.023055,0.152968,-0.113877,0.105733,0.21445,0,1,0,1,1
0.120116,-0.024996,0.16041,-0.116788,0.10638,0.217039,0,1,0,1,1
0.1201179999999999,-0.027261,0.165911,-0.119699,0.107673,0.219628,0,1,0,1,1
0.1201199999999999,-0.029849,0.170118,-0.122287,0.10832,0.222217,0,1,0,1,1
0.1201219999999999,-0.033085,0.171412,-0.124227,0.109614,0.225129,0,1,0,1,1
0.120124,-0.03632,0.173354,-0.126492,0.110261,0.227718,0,1,0,1,1
0.120126,-0.040203,0.173354,-0.128109,0.111231,0.230307,0,1,0,1,1
0.120128,-0.043762,0.172383,-0.129726,0.111554,0.23322,0,1,0,1,1
0.12013,-0.047321,0.170765,-0.131667,0.112201,0.234838,0,1,0,1,1
0.1201319999999999,-0.049909,0.1685,-0.133931,0.111877,0.236132,0,1,0,1,1
0.1201339999999999,-0.05185,0.165911,-0.136196,0.111231,0.236132,0,1,0,1,1
0.1201359999999999,-0.053468,0.163646,-0.13846,0.110907,0.235485,0,1,0,1,1
0.120138,-0.054762,0.159439,-0.1404,0.109614,0.233867,0,1,0,1,1
0.12014,-0.055733,0.154586,-0.142341,0.107997,0.231278,0,1,0,1,1
0.120142,-0.056703,0.148761,-0.143959,0.10638,0.228689,0,1,0,1,1
0.120144,-0.058321,0.141319,-0.144605,0.104116,0.2261,0,1,0,1,1
0.1201459999999999,-0.059939,0.132582,-0.146223,0.101529,0.22254,0,1,0,1,1
0.1201479999999999,-0.061557,0.125139,-0.146546,0.099265,0.219951,0,1,0,0,1
0.1201499999999999,-0.062851,0.117697,-0.146546,0.096031,0.215097,0,1,0,0,1
0.120152,-0.063821,0.110578,-0.146546,0.092797,0.210243,0,1,0,0,1
0.120154,-0.064468,0.102488,-0.146546,0.08924,0.204418,0,1,0,0,1
0.120156,-0.065439,0.093428,-0.145899,0.084713,0.197946,0,0,0,0,1
0.120158,-0.066733,0.084044,-0.144282,0.079862,0.190826,0,0,0,0,1
0.1201599999999999,-0.068998,0.072718,-0.142665,0.075334,0.18403,0,0,0,0,1
0.1201619999999999,-0.071586,0.061069,-0.141047,0.07016,0.177882,0,0,0,0,1
0.1201639999999999,-0.075145,0.048773,-0.13943,0.065633,0.17238,0,0,0,0,1
0.120166,-0.078704,0.036477,-0.137813,0.061429,0.167202,0,0,0,0,1
0.120168,-0.08194,0.025798,-0.136196,0.055608,0.161377,0,0,0,0,1
0.12017,-0.085175,0.015767,-0.134255,0.050433,0.155552,0,0,0,0,1
0.120172,-0.08744,0.00703,-0.132314,0.043966,0.148756,0,0,0,0,1
0.1201739999999999,-0.088734,-0.000412,-0.13005,0.038145,0.14099,0,0,0,0,1
0.1201759999999999,-0.090028,-0.007531,-0.127786,0.031353,0.133223,0,0,0,0,1
0.120178,-0.090999,-0.014003,-0.125198,0.024239,0.126427,0,0,0,0,1
0.12018,-0.092617,-0.020798,-0.121963,0.017448,0.120278,0,0,0,0,1
0.120182,-0.094235,-0.026622,-0.119376,0.01098,0.114777,0,0,0,0,1
0.120184,-0.096176,-0.031476,-0.116141,0.004189,0.110246,0,0,0,0,1
0.120186,-0.098117,-0.036977,-0.112906,-0.002603,0.106363,0,0,0,0,1
0.1201879999999999,-0.101029,-0.041831,-0.109025,-0.00907,0.10248,0,0,0,0,1
0.1201899999999999,-0.10297,-0.045714,-0.105143,-0.015538,0.098596,0,0,0,0,0
0.120192,-0.104588,-0.050891,-0.099645,-0.022329,0.094713,0,0,0,0,0
0.120194,-0.106206,-0.055745,-0.094146,-0.028797,0.091477,0,0,0,0,0
0.120196,-0.107176,-0.06157,-0.087353,-0.035265,0.088564,0,0,0,0,0
0.120198,-0.107823,-0.068041,-0.080884,-0.041086,0.085975,0,0,0,0,0
0.1202,-0.108147,-0.073866,-0.073121,-0.04723,0.08371,0,0,0,0,0
0.1202019999999999,-0.107176,-0.080338,-0.065358,-0.053051,0.081445,0,0,0,0,0
0.1202039999999999,-0.106853,-0.086162,-0.056948,-0.058226,0.079827,0,0,0,0,0
0.120206,-0.107176,-0.09134,-0.048214,-0.0634,0.079827,0,0,0,0,0
0.120208,-0.107823,-0.098135,-0.040128,-0.067604,0.079827,0,0,0,0,0
0.12021,-0.108794,-0.10493,-0.030424,-0.071485,0.081121,0,0,0,0,0
0.120212,-0.109765,-0.10946,-0.022014,-0.075042,0.082416,0,0,0,0,0
0.120214,-0.110735,-0.114961,-0.013604,-0.078599,0.08371,0,0,0,0,0
0.1202159999999999,-0.111382,-0.118844,-0.003577,-0.081833,0.085328,0,0,0,0,0
0.1202179999999999,-0.111706,-0.12208,0.005157,-0.08442,0.086623,0,0,0,0,0
0.12022,-0.111706,-0.124345,0.01389,-0.087654,0.087917,0,0,0,0,0
0.120222,-0.111382,-0.126287,0.022623,-0.090888,0.089535,0,0,0,0,0
0.120224,-0.110735,-0.128228,0.03071,-0.094122,0.091153,0,0,0,0,0
0.120226,-0.110088,-0.128876,0.038796,-0.097356,0.093418,0,0,0,0,0
0.1202279999999999,-0.108794,-0.129523,0.046236,-0.10059,0.096331,0,0,0,0,0
0.1202299999999999,-0.107823,-0.128876,0.053999,-0.10447,0.098273,0,0,0,0,0
0.1202319999999999,-0.105882,-0.127905,0.061439,-0.108351,0.100862,0,0,0,0,1
0.120234,-0.103941,-0.125316,0.068878,-0.111585,0.102803,0,0,0,0,1
0.120236,-0.101352,-0.123051,0.075671,-0.114819,0.104745,0,0,0,0,1
0.120238,-0.097794,-0.121433,0.08214,-0.117729,0.106363,0,0,0,0,1
0.12024,-0.095205,-0.120462,0.087962,-0.12064,0.108952,0,0,0,0,1
0.1202419999999999,-0.092293,-0.120139,0.092491,-0.122904,0.112188,0,0,0,0,1
0.1202439999999999,-0.090028,-0.119815,0.095402,-0.124521,0.115748,0,0,0,0,1
0.1202459999999999,-0.087764,-0.119492,0.098313,-0.125814,0.119631,0,0,0,0,1
0.120248,-0.085822,-0.118197,0.099607,-0.126784,0.124485,0,0,0,0,1
0.12025,-0.083881,-0.117227,0.100254,-0.127108,0.128369,0,0,1,0,1
0.120252,-0.081293,-0.114961,0.100577,-0.128078,0.132252,0,0,1,0,1
0.120254,-0.079028,-0.11302,0.099607,-0.128401,0.135488,0,0,0,0,1
0.1202559999999999,-0.076116,-0.112049,0.098636,-0.128725,0.138724,0,0,0,0,1
0.1202579999999999,-0.073528,-0.112373,0.096049,-0.129048,0.141313,0,0,0,0,1
0.1202599999999999,-0.070616,-0.113344,0.093461,-0.128401,0.143902,0,0,0,0,1
0.120262,-0.068351,-0.114961,0.090226,-0.127431,0.146815,0,0,0,0,1
0.120264,-0.066086,-0.117227,0.087315,-0.125814,0.149404,0,0,0,0,1
0.120266,-0.064792,-0.120139,0.083757,-0.123874,0.151345,0,0,0,0,1
0.120268,-0.064145,-0.122404,0.080846,-0.121287,0.153934,0,0,0,0,1
0.1202699999999999,-0.063174,-0.123375,0.077288,-0.118376,0.155552,0,0,0,0,1
0.1202719999999999,-0.062204,-0.123698,0.07373,-0.115789,0.156847,0,0,0,0,1
0.1202739999999999,-0.061233,-0.124345,0.070172,-0.113525,0.157494,0,0,0,0,1
0.120276,-0.059939,-0.123375,0.06629,-0.111262,0.158141,0,0,0,0,1
0.120278,-0.058321,-0.12208,0.062085,-0.108351,0.157818,0,0,0,0,1
0.12028,-0.057351,-0.119815,0.058527,-0.105764,0.156847,0,0,0,0,1
0.120282,-0.055409,-0.118521,0.054322,-0.1035,0.155552,0,0,0,0,1
0.1202839999999999,-0.053792,-0.116256,0.050441,-0.100913,0.153611,0,0,0,0,1
0.1202859999999999,-0.052174,-0.113667,0.046236,-0.098003,0.151022,0,0,0,0,1
0.1202879999999999,-0.050233,-0.110108,0.041707,-0.094769,0.148433,0,0,0,0,1
0.12029,-0.047968,-0.106225,0.036856,-0.091858,0.14552,0,0,0,0,1
0.120292,-0.045703,-0.101694,0.032004,-0.088948,0.141637,0,0,0,0,1
0.120294,-0.042467,-0.097811,0.027152,-0.085714,0.137106,0,0,0,0,1
0.120296,-0.038908,-0.093605,0.02327,-0.081833,0.131605,0,0,0,0,1
0.1202979999999999,-0.035673,-0.091016,0.018742,-0.077952,0.12578,0,0,0,0,1
0.1202999999999999,-0.033085,-0.090045,0.01486,-0.072778,0.119955,0,0,0,0,1
0.1203019999999999,-0.03082,-0.089398,0.010979,-0.067604,0.11413,0,0,0,0,1
0.120304,-0.029202,-0.090045,0.007744,-0.061783,0.109275,0,0,0,0,1
0.120306,-0.028232,-0.090045,0.003539,-0.055639,0.104745,0,0,0,0,1
0.120308,-0.027261,-0.089075,-0.001313,-0.049494,0.099243,0,0,0,0,0
0.12031,-0.025967,-0.086809,-0.006812,-0.04335,0.092448,0,0,0,0,0
0.1203119999999999,-0.023055,-0.084221,-0.011987,-0.037852,0.085004,0,0,0,0,0
0.1203139999999999,-0.019819,-0.082279,-0.017162,-0.032031,0.07659,0,0,0,0,0
0.1203159999999999,-0.015937,-0.080661,-0.022985,-0.026533,0.067206,0,0,0,0,0
0.120318,-0.011731,-0.079691,-0.028483,-0.021036,0.057174,0,0,0,0,0
0.12032,-0.008172,-0.079691,-0.033659,-0.015215,0.048112,0,0,0,0,0
0.120322,-0.005583,-0.081309,-0.038511,-0.008747,0.039698,0,0,0,0,0
0.120324,-0.004289,-0.083574,-0.043686,-0.002603,0.032903,0,0,0,0,0
0.1203259999999999,-0.002672,-0.085192,-0.048861,0.003865,0.026754,0,0,0,0,0
0.1203279999999999,-0.002024,-0.085515,-0.054037,0.010333,0.020282,0,0,0,0,0
0.1203299999999999,-0.001377,-0.086162,-0.058889,0.017448,0.014457,0,0,0,0,0
0.120332,-0.00073,-0.085192,-0.064064,0.023592,0.007984,0,0,0,0,0
0.120334,0.00024,-0.083897,-0.068592,0.029736,0.001188,0,0,0,0,0
0.120336,0.001211,-0.082926,-0.073121,0.035881,-0.006578,0,0,0,0,0
0.120338,0.002505,-0.081956,-0.076355,0.041055,-0.013698,0,0,0,0,0
0.1203399999999999,0.003476,-0.080014,-0.07959,0.046553,-0.02017,0,0,0,0,0
0.1203419999999999,0.004123,-0.079691,-0.082825,0.05108,-0.026966,0,0,0,0,0
0.1203439999999999,0.005093,-0.079367,-0.086383,0.055608,-0.033115,0,0,0,0,0
0.120346,0.005741,-0.079367,-0.089294,0.060135,-0.038293,0,0,0,0,0
0.120348,0.006064,-0.079367,-0.092205,0.063046,-0.04347,0,0,0,0,0
0.12035,0.006064,-0.079043,-0.095116,0.065956,-0.048001,0,0,0,0,0
0.120352,0.005417,-0.079367,-0.09738,0.067573,-0.052532,0,0,0,0,0
0.1203539999999999,0.005093,-0.078396,-0.099968,0.068867,-0.056415,0,0,0,0,0
0.1203559999999999,0.005093,-0.07872,-0.102232,0.068867,-0.060298,0,0,0,0,0
0.1203579999999999,0.004446,-0.078073,-0.103526,0.069513,-0.063858,0,0,0,0,0
0.12036,0.003799,-0.078073,-0.10579,0.06919,-0.067418,0,0,0,0,0
0.120362,0.002829,-0.078073,-0.107408,0.068867,-0.07033,0,0,0,0,0
0.120364,0.002182,-0.078073,-0.109348,0.067573,-0.073243,0,0,0,0,0
0.120366,0.001211,-0.076778,-0.110642,0.066603,-0.076155,0,0,0,0,0
0.1203679999999999,0.000564,-0.076455,-0.112583,0.064339,-0.079068,0,0,0,0,0
0.1203699999999999,0.00024,-0.075808,-0.113877,0.062722,-0.082304,0,0,0,0,0
0.1203719999999999,-0.000407,-0.07419,-0.115494,0.060135,-0.08554,0,0,0,0,0
0.120374,-0.00073,-0.072572,-0.117111,0.057225,-0.089424,0,0,0,0,0
0.120376,-0.001054,-0.071277,-0.118405,0.054961,-0.092336,0,0,0,0,0
0.120378,-0.00073,-0.070954,-0.120023,0.05205,-0.094925,0,0,0,0,0
0.12038,-0.001701,-0.070954,-0.120993,0.048493,-0.097514,0,0,0,0,0
0.1203819999999999,-0.002672,-0.071277,-0.122287,0.044936,-0.098485,0,0,0,0,0
0.1203839999999999,-0.004289,-0.071277,-0.12261,0.041055,-0.099779,0,0,0,0,0
0.1203859999999999,-0.006231,-0.071925,-0.123581,0.038145,-0.099779,0,0,0,0,0
0.120388,-0.008495,-0.071277,-0.124874,0.034264,-0.100103,0,0,0,0,0
0.12039,-0.010113,-0.069336,-0.125521,0.030383,-0.100103,0,0,0,0,0
0.120392,-0.01076,-0.067071,-0.126168,0.025856,-0.10075,0,0,0,0,0
0.120394,-0.01076,-0.064158,-0.126815,0.021328,-0.101721,0,0,0,0,0
0.1203959999999999,-0.010437,-0.062217,-0.126815,0.015507,-0.103339,0,0,0,0,0
0.1203979999999999,-0.009142,-0.059305,-0.127139,0.009686,-0.104957,0,0,0,0,0
0.1204,-0.008172,-0.05801,-0.127462,0.004835,-0.105928,0,0,0,0,0
0.120402,-0.006878,-0.057363,-0.127786,-0.000662,-0.106575,0,0,0,0,0
0.120404,-0.006878,-0.056716,-0.127786,-0.005836,-0.105928,0,0,0,0,0
0.120406,-0.006554,-0.056716,-0.127139,-0.010364,-0.105604,0,0,0,0,0
0.120408,-0.006554,-0.055098,-0.126168,-0.014568,-0.10431,0,0,0,0,0
0.1204099999999999,-0.006231,-0.052833,-0.124551,-0.019419,-0.103986,0,0,0,0,0
0.1204119999999999,-0.00526,-0.050891,-0.123581,-0.024593,-0.102692,0,0,0,0,0
0.120414,-0.003966,-0.049921,-0.121316,-0.029121,-0.102044,0,0,0,0,0
0.120416,-0.002024,-0.049921,-0.119052,-0.034618,-0.101074,0,0,0,0,0
0.120418,-8.3218e-05,-0.051539,-0.117111,-0.040439,-0.099132,0,0,0,0,0
0.12042,0.000887,-0.054451,-0.114524,-0.045613,-0.095896,0,0,0,0,0
0.120422,0.002182,-0.057687,-0.111613,-0.050464,-0.091689,0,0,0,0,0
0.1204239999999999,0.002829,-0.061246,-0.109348,-0.055315,-0.086835,0,0,0,0,0
0.1204259999999999,0.002829,-0.062541,-0.106761,-0.058872,-0.081333,0,0,0,0,0
0.120428,0.002505,-0.063835,-0.104173,-0.06243,-0.075508,0,0,0,0,0
0.12043,0.003152,-0.064482,-0.101262,-0.06534,-0.07033,0,0,0,0,0
0.120432,0.003799,-0.062864,-0.098998,-0.068251,-0.064182,0,0,0,0,0
0.120434,0.005093,-0.062217,-0.096733,-0.071161,-0.059004,0,0,0,0,0
0.120436,0.006064,-0.062217,-0.094469,-0.074395,-0.053502,0,0,0,0,0
0.1204379999999999,0.007682,-0.062864,-0.092205,-0.077952,-0.04703,0,0,0,0,0
0.1204399999999999,0.008652,-0.064482,-0.090911,-0.08054,-0.040234,0,0,0,0,0
0.120442,0.008976,-0.066424,-0.088647,-0.082803,-0.032467,0,0,0,0,0
0.120444,0.008976,-0.068689,-0.08703,-0.08539,-0.02373,0,0,0,0,0
0.120446,0.008005,-0.070954,-0.085412,-0.087007,-0.014021,0,0,0,0,0
0.120448,0.007358,-0.071601,-0.083795,-0.089271,-0.003989,0,0,0,0,0
0.1204499999999999,0.007035,-0.072248,-0.082178,-0.091211,0.005719,0,0,0,0,0
0.1204519999999999,0.007358,-0.071601,-0.080884,-0.093152,0.015104,0,0,0,0,0
0.1204539999999999,0.008652,-0.069983,-0.08056,-0.095416,0.023518,0,0,0,0,0
0.120456,0.010594,-0.068041,-0.079267,-0.098003,0.031608,0,0,0,0,0
0.120458,0.012859,-0.0661,-0.077973,-0.101237,0.039051,0,0,0,0,0
0.12046,0.015447,-0.064482,-0.076679,-0.103824,0.045847,0,0,0,0,0
0.120462,0.018359,-0.064482,-0.075708,-0.107058,0.053937,0,0,0,0,0
0.1204639999999999,0.020624,-0.062864,-0.074738,-0.108674,0.061381,0,0,0,0,0
0.1204659999999999,0.023212,-0.062217,-0.074091,-0.110615,0.069795,0,0,0,0,0
0.1204679999999999,0.02483,-0.061893,-0.073444,-0.111585,0.078209,0,0,0,0,0
0.12047,0.027094,-0.060275,-0.073121,-0.112555,0.086946,0,0,0,0,0
0.120472,0.028712,-0.057687,-0.072474,-0.113525,0.09536,0,0,0,0,0
0.120474,0.031301,-0.05348,-0.07215,-0.114819,0.103127,0,0,0,0,1
0.120476,0.033565,-0.049597,-0.071504,-0.115789,0.110894,0,0,0,0,1
0.1204779999999999,0.036154,-0.04539,-0.07118,-0.117083,0.117366,0,0,0,0,1
0.1204799999999999,0.038095,-0.04086,-0.070533,-0.118053,0.123514,0,0,0,0,1
0.1204819999999999,0.04036,-0.037948,-0.069886,-0.1187,0.129663,0,0,0,0,1
0.120484,0.041978,-0.035359,-0.069563,-0.119346,0.135812,0,0,0,0,1
0.120486,0.042625,-0.032447,-0.068916,-0.119346,0.14196,0,0,0,0,1
0.120488,0.042948,-0.029211,-0.068269,-0.11967,0.147462,0,0,0,0,1
0.12049,0.043595,-0.026622,-0.067622,-0.11967,0.15264,0,0,0,0,1
0.1204919999999999,0.043919,-0.024034,-0.066328,-0.119993,0.15717,0,0,0,0,1
0.1204939999999999,0.044242,-0.022092,-0.065034,-0.119993,0.161054,0,0,0,0,1
0.1204959999999999,0.044566,-0.020474,-0.063094,-0.119993,0.16429,0,0,0,0,1
0.120498,0.044566,-0.020151,-0.061476,-0.11967,0.16785,0,0,0,0,1
0.1205,0.043919,-0.01918,-0.058889,-0.119346,0.171733,0,0,0,0,1
0.120502,0.043272,-0.018856,-0.056948,-0.1187,0.176264,0,0,0,0,1
0.120504,0.042301,-0.018533,-0.055331,-0.118053,0.180794,0,0,0,0,1
0.1205059999999999,0.042625,-0.016268,-0.05339,-0.117083,0.18403,0,0,0,0,1
0.1205079999999999,0.042301,-0.014973,-0.052096,-0.117083,0.186296,0,0,0,0,1
0.1205099999999999,0.043272,-0.014326,-0.051126,-0.117406,0.187266,0,0,0,0,1
0.120512,0.044566,-0.013032,-0.049508,-0.117083,0.185972,0,0,0,0,1
0.120514,0.046184,-0.012708,-0.048214,-0.116759,0.183383,0,0,0,0,1
0.120516,0.048448,-0.012385,-0.046597,-0.116436,0.180147,0,0,0,0,1
0.120518,0.049743,-0.013355,-0.04498,-0.115789,0.17594,0,0,0,0,1
0.1205199999999999,0.050713,-0.013355,-0.043686,-0.114819,0.171086,0,0,0,0,1
0.1205219999999999,0.051684,-0.013679,-0.042069,-0.113202,0.166555,0,0,0,0,1
0.1205239999999999,0.051684,-0.01465,-0.040775,-0.111908,0.161377,0,0,0,0,1
0.120526,0.05136,-0.015944,-0.039158,-0.109321,0.1562,0,0,0,0,1
0.120528,0.05039,-0.015297,-0.03754,-0.107381,0.150698,0,0,0,0,1
0.12053,0.05039,-0.014003,-0.035923,-0.105441,0.144873,0,0,0,0,1
0.120532,0.05039,-0.012061,-0.034306,-0.1035,0.137754,0,0,0,0,1
0.1205339999999999,0.05136,-0.009149,-0.033335,-0.10156,0.129663,0,0,0,0,1
0.1205359999999999,0.052331,-0.005589,-0.032688,-0.099943,0.120926,0,0,0,0,1
0.1205379999999999,0.054272,-0.002677,-0.032041,-0.099296,0.112188,0,0,0,0,1
0.12054,0.05589,0.000235,-0.031071,-0.098973,0.102803,0,0,0,0,1
0.120542,0.056861,0.00153,-0.031071,-0.098326,0.093742,0,0,0,0,0
0.120544,0.057184,0.002824,-0.031071,-0.097679,0.084681,0,0,0,0,0
0.120546,0.057184,0.004118,-0.030101,-0.096709,0.07659,0,0,0,0,0
0.1205479999999999,0.056537,0.004442,-0.030101,-0.095092,0.069147,0,0,0,0,0
0.1205499999999999,0.056213,0.005413,-0.030101,-0.093799,0.061381,0,0,0,0,0
0.1205519999999999,0.054919,0.007354,-0.030424,-0.091858,0.053937,0,0,0,0,0
0.120554,0.054919,0.008972,-0.030424,-0.090888,0.045524,0,0,0,0,0
0.120556,0.055243,0.011237,-0.031071,-0.089594,0.036462,0,0,0,0,0
0.120558,0.056537,0.012531,-0.031394,-0.088948,0.028048,0,0,0,0,0
0.12056,0.057508,0.014149,-0.032041,-0.088301,0.018664,0,0,0,0,0
0.1205619999999999,0.058478,0.015444,-0.032365,-0.087654,0.009602,0,0,0,0,0
0.1205639999999999,0.058802,0.016091,-0.033335,-0.087007,0.001836,0,0,0,0,0
0.1205659999999999,0.057831,0.017062,-0.034629,-0.085714,-0.005931,0,0,0,0,0
0.120568,0.056861,0.019003,-0.035923,-0.083773,-0.012727,0,0,0,0,0
0.12057,0.055243,0.022239,-0.036893,-0.081833,-0.019847,0,0,0,0,0
0.120572,0.053302,0.027093,-0.037864,-0.080216,-0.026966,0,0,0,0,0
0.120574,0.052007,0.032594,-0.039481,-0.078923,-0.03538,0,0,0,0,0
0.1205759999999999,0.05136,0.037771,-0.041098,-0.077629,-0.044765,0,0,0,0,0
0.1205779999999999,0.05136,0.042949,-0.042069,-0.076982,-0.05415,0,0,0,0,0
0.1205799999999999,0.05136,0.045537,-0.043686,-0.075689,-0.063534,0,0,0,0,0
0.120582,0.050713,0.047155,-0.044333,-0.074395,-0.071948,0,0,0,0,0
0.120584,0.049419,0.048449,-0.045303,-0.073102,-0.078744,0,0,0,0,0
0.120586,0.047154,0.04942,-0.04595,-0.071485,-0.084893,0,0,0,0,0
0.120588,0.044566,0.050715,-0.04595,-0.069544,-0.0891,0,0,0,0,0
0.1205899999999999,0.042301,0.052656,-0.045627,-0.067281,-0.09363,0,0,0,0,0
0.1205919999999999,0.039066,0.054921,-0.045303,-0.06534,-0.097514,0,0,0,0,0
0.1205939999999999,0.037448,0.057833,-0.044656,-0.0634,-0.102692,0,0,0,0,0
0.120596,0.036477,0.060746,-0.043362,-0.06243,-0.107222,0,0,0,0,0
0.120598,0.036477,0.062687,-0.042392,-0.062106,-0.1124,0,0,0,0,0
0.1206,0.036477,0.063982,-0.041745,-0.061136,-0.118225,0,0,0,0,0
0.120602,0.036477,0.064952,-0.039804,-0.06146,-0.123079,0,0,0,0,0
0.1206039999999999,0.037124,0.066247,-0.037864,-0.060813,-0.128581,0,0,0,0,0
0.1206059999999999,0.037124,0.065923,-0.035923,-0.060813,-0.133759,0,0,0,0,0
0.1206079999999999,0.036477,0.0656,-0.033659,-0.060489,-0.137966,0,0,0,0,0
0.12061,0.03583,0.065923,-0.031394,-0.059519,-0.141849,0,0,0,0,0
0.120612,0.035183,0.0656,-0.02913,-0.058549,-0.145409,0,0,0,0,0
0.120614,0.033889,0.0656,-0.026543,-0.057902,-0.148645,0,0,0,0,0
0.120616,0.032595,0.066247,-0.024602,-0.056609,-0.151557,0,0,0,0,0
0.1206179999999999,0.033242,0.06657,-0.022985,-0.056285,-0.155764,0,0,0,0,0
0.1206199999999999,0.032918,0.067541,-0.021044,-0.054992,-0.159001,0,0,0,0,0
0.120622,0.033242,0.068835,-0.019103,-0.054345,-0.162884,0,0,0,0,0
0.120624,0.033565,0.069159,-0.016839,-0.054022,-0.167091,0,0,0,0,0
0.120626,0.033565,0.070453,-0.014575,-0.053375,-0.170003,0,0,0,0,0
0.120628,0.033889,0.070777,-0.011987,-0.053051,-0.172592,0,0,0,0,0
0.12063,0.033889,0.072071,-0.009723,-0.052405,-0.175181,0,0,0,0,0
0.1206319999999999,0.034536,0.07466,-0.007135,-0.051758,-0.177123,0,0,0,0,0
0.1206339999999999,0.035183,0.076925,-0.004547,-0.051434,-0.179388,0,0,0,0,0
0.120636,0.03583,0.078867,-0.002607,-0.050464,-0.181654,0,0,0,0,0
0.120638,0.036154,0.079837,-1.8859e-05,-0.050141,-0.183272,0,0,0,0,0
0.12064,0.037124,0.079837,0.001922,-0.050141,-0.18489,0,0,0,0,0
0.120642,0.037771,0.078867,0.004186,-0.049818,-0.185537,0,0,0,0,0
0.120644,0.037771,0.078219,0.00645,-0.049494,-0.18586,0,0,0,0,0
0.1206459999999999,0.037771,0.077572,0.008068,-0.049494,-0.185537,0,0,0,0,0
0.1206479999999999,0.038419,0.077896,0.009685,-0.050141,-0.185213,0,0,0,0,0
0.12065,0.038095,0.078219,0.010979,-0.050141,-0.184566,0,0,0,0,0
0.120652,0.038419,0.079514,0.01292,-0.050464,-0.184566,0,0,0,0,0
0.120654,0.040036,0.081779,0.014537,-0.051434,-0.185213,0,0,0,0,0
0.120656,0.041007,0.084368,0.016478,-0.052081,-0.18586,0,0,0,0,0
0.120658,0.042301,0.086309,0.018418,-0.052405,-0.186508,0,0,0,0,0
0.1206599999999999,0.043595,0.089221,0.020359,-0.052405,-0.187479,0,0,0,0,0
0.1206619999999999,0.044889,0.090192,0.021976,-0.053051,-0.187802,0,0,0,0,0
0.120664,0.045536,0.090516,0.023917,-0.053375,-0.187802,0,0,0,0,0
0.120666,0.04586,0.090516,0.025534,-0.053375,-0.187479,0,0,0,0,0
0.120668,0.045536,0.089868,0.027475,-0.053051,-0.186184,0,0,0,0,0
0.12067,0.04586,0.088898,0.029093,-0.052728,-0.185537,0,0,0,0,0
0.1206719999999999,0.046507,0.087927,0.030386,-0.052081,-0.18489,0,0,0,0,0
0.1206739999999999,0.047154,0.086956,0.032327,-0.050464,-0.184242,0,0,0,0,0
0.1206759999999999,0.048125,0.085985,0.033944,-0.048524,-0.18489,0,0,0,0,0
0.120678,0.050066,0.084368,0.035885,-0.046907,-0.185537,0,0,0,0,0
0.12068,0.051037,0.081455,0.037503,-0.04529,-0.185537,0,0,0,0,0
0.120682,0.052007,0.079514,0.03912,-0.043673,-0.185213,0,0,0,0,0
0.120684,0.052654,0.076925,0.041384,-0.042056,-0.184242,0,0,0,0,0
0.1206859999999999,0.052331,0.074336,0.043001,-0.039792,-0.182624,0,0,0,0,0
0.1206879999999999,0.052007,0.073042,0.044619,-0.038499,-0.180359,0,0,0,0,0
0.1206899999999999,0.051684,0.071424,0.046559,-0.036235,-0.178741,0,0,0,0,0
0.120692,0.051684,0.07013,0.0485,-0.034618,-0.177447,0,0,0,0,0
0.120694,0.052007,0.067541,0.050117,-0.033001,-0.176799,0,0,0,0,0
0.120696,0.052331,0.065276,0.052382,-0.032031,-0.177123,0,0,0,0,0
0.120698,0.052978,0.062687,0.053999,-0.031061,-0.177123,0,0,0,0,0
0.1206999999999999,0.053625,0.059451,0.055293,-0.030091,-0.177123,0,0,0,0,0
0.1207019999999999,0.054272,0.056863,0.05691,-0.02815,-0.177123,0,0,0,0,0
0.1207039999999999,0.054596,0.055245,0.058204,-0.02718,-0.175505,0,0,0,0,0
0.120706,0.054596,0.053627,0.059498,-0.024916,-0.175181,0,0,0,0,0
0.120708,0.054596,0.05395,0.060468,-0.022976,-0.173563,0,0,0,0,0
0.12071,0.054272,0.054921,0.061439,-0.020066,-0.172592,0,0,0,0,0
0.120712,0.053949,0.056216,0.062409,-0.017479,-0.171621,0,0,0,0,0
0.1207139999999999,0.053949,0.057833,0.063056,-0.014891,-0.170651,0,0,0,0,0
0.1207159999999999,0.055243,0.060422,0.063056,-0.012628,-0.170327,0,0,0,0,0
0.1207179999999999,0.05589,0.062364,0.063703,-0.010041,-0.170327,0,0,0,0,0
0.12072,0.057831,0.063982,0.06435,-0.007777,-0.171621,0,0,0,0,0
0.120722,0.059125,0.064305,0.06532,-0.00616,-0.172592,0,0,0,0,0
0.120724,0.060096,0.062364,0.066937,-0.003249,-0.174534,0,0,0,0,0
0.120726,0.061067,0.060099,0.068878,-0.001309,-0.174858,0,0,0,0,0
0.1207279999999999,0.06042,0.055892,0.070819,0.001601,-0.174534,0,0,0,0,0
0.1207299999999999,0.059449,0.052333,0.072113,0.004512,-0.17324,0,0,0,0,0
0.1207319999999999,0.058155,0.04942,0.074053,0.007746,-0.172592,0,0,0,0,0
0.120734,0.057184,0.047155,0.075347,0.010333,-0.171945,0,0,0,0,0
0.120736,0.056537,0.046508,0.076318,0.01292,-0.171945,0,0,0,0,0
0.120738,0.056537,0.045537,0.076965,0.01486,-0.172916,0,0,0,0,0
0.12074,0.056537,0.044566,0.077288,0.016801,-0.174534,0,0,0,0,0
0.1207419999999999,0.056537,0.044566,0.077612,0.018418,-0.175828,0,0,0,0,0
0.1207439999999999,0.056537,0.042949,0.077612,0.019388,-0.177123,0,0,0,0,0
0.1207459999999999,0.056213,0.04036,0.077612,0.020358,-0.17777,0,0,0,0,0
0.120748,0.054596,0.039713,0.076965,0.021975,-0.179065,0,0,0,0,0
0.12075,0.053625,0.039065,0.076965,0.022945,-0.179065,0,0,0,0,0
0.120752,0.052331,0.039389,0.075994,0.023915,-0.179388,0,0,0,0,0
0.120754,0.052007,0.040036,0.075671,0.024886,-0.179388,0,0,0,0,0
0.1207559999999999,0.05136,0.041331,0.0747,0.025532,-0.180359,0,0,0,0,0
0.1207579999999999,0.050713,0.042625,0.074053,0.025856,-0.180683,0,0,0,0,0
0.1207599999999999,0.05039,0.042301,0.074053,0.026179,-0.18133,0,0,0,0,0
0.120762,0.049743,0.041654,0.074053,0.026503,-0.181006,0,0,0,0,0
0.120764,0.048125,0.040683,0.07373,0.027473,-0.180035,0,0,0,0,0
0.120766,0.046831,0.040683,0.073407,0.028766,-0.179065,0,0,0,0,0
0.120768,0.045213,0.04036,0.073407,0.03006,-0.177123,0,0,0,0,0
0.1207699999999999,0.043272,0.041007,0.07276,0.030707,-0.175828,0,0,0,0,0
0.1207719999999999,0.042948,0.041978,0.072436,0.032,-0.175181,0,0,0,0,0
0.1207739999999999,0.042625,0.042949,0.071466,0.03297,-0.175505,0,0,0,0,0
0.120776,0.042625,0.043596,0.070172,0.03394,-0.175828,0,0,0,0,0
0.120778,0.042625,0.043272,0.069202,0.034264,-0.176799,0,0,0,0,0
0.12078,0.042625,0.043596,0.068555,0.035557,-0.177123,0,0,0,0,0
0.120782,0.041978,0.042949,0.067261,0.036204,-0.17777,0,0,0,0,0
0.1207839999999999,0.041654,0.043272,0.067584,0.037498,-0.176799,0,0,0,0,0
0.1207859999999999,0.04036,0.044243,0.067584,0.037821,-0.176152,0,0,0,0,0
0.1207879999999999,0.038742,0.04489,0.067261,0.037821,-0.174534,0,0,0,0,0
0.12079,0.037448,0.045537,0.067584,0.038145,-0.17324,0,0,0,0,0
0.120792,0.036154,0.047802,0.067261,0.038145,-0.171621,0,0,0,0,0
0.120794,0.035183,0.04942,0.066614,0.037821,-0.16968,0,0,0,0,0
0.120796,0.033565,0.051038,0.06629,0.037821,-0.167414,0,0,0,0,0
0.1207979999999999,0.032595,0.052656,0.065644,0.037821,-0.165149,0,0,0,0,0
0.1207999999999999,0.030977,0.054598,0.06435,0.038468,-0.16256,0,0,0,0,0
0.1208019999999999,0.029683,0.055568,0.06435,0.038468,-0.159648,0,0,0,0,0
0.120804,0.028065,0.056216,0.063056,0.039115,-0.156735,0,0,0,0,0
0.120806,0.026124,0.056539,0.062732,0.040085,-0.153175,0,0,0,0,0
0.120808,0.024183,0.058157,0.061762,0.041378,-0.149939,0,0,0,0,0
0.12081,0.022888,0.058804,0.061762,0.042349,-0.146703,0,0,0,0,0
0.1208119999999999,0.021271,0.059775,0.061439,0.043319,-0.143791,0,0,0,0,0
0.1208139999999999,0.0203,0.060422,0.061762,0.043642,-0.141849,0,0,0,0,0
0.1208159999999999,0.019977,0.060422,0.062409,0.044289,-0.139584,0,0,0,0,0
0.120818,0.020624,0.060422,0.063703,0.044612,-0.138289,0,0,0,0,0
0.12082,0.021271,0.059451,0.06532,0.044936,-0.137318,0,0,0,0,0
0.120822,0.021594,0.059128,0.067261,0.045906,-0.136024,0,0,0,0,0
0.120824,0.021594,0.057833,0.068878,0.046553,-0.134406,0,0,0,0,0
0.1208259999999999,0.021918,0.05751,0.070172,0.047199,-0.132141,0,0,0,0,0
0.1208279999999999,0.021918,0.055892,0.071466,0.047523,-0.129552,0,0,0,0,0
0.1208299999999999,0.021594,0.054921,0.07276,0.047846,-0.126963,0,0,0,0,0
0.120832,0.021594,0.054921,0.073083,0.047846,-0.124697,0,0,0,0,0
0.120834,0.021918,0.055892,0.07373,0.047523,-0.121785,0,0,0,0,0
0.120836,0.022241,0.056863,0.074053,0.046553,-0.120167,0,0,0,0,0
0.120838,0.022888,0.057186,0.075347,0.046229,-0.118225,0,0,0,0,0
0.1208399999999999,0.022888,0.057186,0.075347,0.045583,-0.11596,0,0,0,0,0
0.1208419999999999,0.022888,0.056863,0.075994,0.044289,-0.113371,0,0,0,0,0
0.120844,0.021594,0.055245,0.075671,0.043642,-0.109164,0,0,0,0,0
0.120846,0.019006,0.053303,0.075671,0.043319,-0.10431,0,0,0,0,0
0.120848,0.015447,0.052009,0.0747,0.043319,-0.098808,0,0,0,0,0
0.12085,0.011888,0.051362,0.073083,0.043319,-0.092983,0,0,0,0,0
0.120852,0.008329,0.052333,0.071789,0.043966,-0.087805,0,0,0,0,0
0.1208539999999999,0.006064,0.05298,0.069849,0.043966,-0.083275,0,0,0,0,0
0.1208559999999999,0.00477,0.054921,0.068231,0.043642,-0.080362,0,0,0,0,0
0.120858,0.004123,0.056539,0.06629,0.043319,-0.077773,0,0,0,0,0
0.12086,0.004446,0.056216,0.064673,0.043319,-0.076803,0,0,0,0,0
0.120862,0.00477,0.053627,0.062732,0.042672,-0.074861,0,0,0,0,0
0.120864,0.00477,0.051038,0.061115,0.043319,-0.073566,0,0,0,0,0
0.120866,0.00477,0.048773,0.059174,0.043642,-0.070978,0,0,0,0,0
0.1208679999999999,0.004446,0.046184,0.058204,0.043642,-0.068389,0,0,0,0,0
0.1208699999999999,0.003799,0.045214,0.05691,0.043966,-0.066771,0,0,0,0,0
0.120872,0.002829,0.044243,0.055616,0.044612,-0.064829,0,0,0,0,0
0.120874,0.002505,0.044566,0.054322,0.045259,-0.063211,0,0,0,0,0
0.120876,0.002505,0.045537,0.053352,0.045259,-0.061593,0,0,0,0,0
0.120878,0.002829,0.046832,0.051411,0.045259,-0.061269,0,0,0,0,0
0.12088,0.002829,0.048773,0.050441,0.045259,-0.060622,0,0,0,0,0
0.1208819999999999,0.003152,0.049744,0.049471,0.043642,-0.060622,0,0,0,0,0
0.1208839999999999,0.00477,0.050715,0.048824,0.042672,-0.060945,0,0,0,0,0
0.120886,0.005417,0.050715,0.047853,0.041378,-0.060622,0,0,0,0,0
0.120888,0.006064,0.04942,0.04753,0.040408,-0.060298,0,0,0,0,0
0.12089,0.005741,0.047479,0.045912,0.039762,-0.059004,0,0,0,0,0
0.120892,0.005417,0.046832,0.044942,0.038791,-0.057062,0,0,0,0,0
0.120894,0.005417,0.044566,0.044295,0.038145,-0.055768,0,0,0,0,0
0.1208959999999999,0.004446,0.043272,0.043325,0.037821,-0.053179,0,0,0,0,0
0.1208979999999999,0.003476,0.042301,0.043325,0.036528,-0.051561,0,0,0,0,0
0.1209,0.002505,0.041007,0.042354,0.035557,-0.050266,0,0,0,0,0
0.120902,0.002182,0.040036,0.041707,0.03394,-0.048972,0,0,0,0,0
0.120904,0.001535,0.038742,0.041707,0.032647,-0.048972,0,0,0,0,0
0.120906,0.000564,0.037771,0.041707,0.031677,-0.048648,0,0,0,0,0
0.1209079999999999,-8.3218e-05,0.037124,0.042031,0.030383,-0.048001,0,0,0,0,0
0.1209099999999999,-0.001054,0.037124,0.043325,0.029413,-0.047677,0,0,0,0,0
0.1209119999999999,-0.002024,0.037124,0.043325,0.028766,-0.047354,0,0,0,0,0
0.120914,-0.002995,0.038095,0.043972,0.027473,-0.046706,0,0,0,0,0
0.120916,-0.003642,0.038742,0.043972,0.026179,-0.04703,0,0,0,0,0
0.120918,-0.004289,0.039389,0.044295,0.024886,-0.047354,0,0,0,0,0
0.12092,-0.004613,0.039389,0.044619,0.022945,-0.048648,0,0,0,0,0
0.1209219999999999,-0.005583,0.038742,0.045266,0.021975,-0.048648,0,0,0,0,0
0.1209239999999999,-0.007201,0.037124,0.045266,0.021005,-0.048325,0,0,0,0,0
0.1209259999999999,-0.009142,0.035506,0.045589,0.020358,-0.047677,0,0,0,0,0
0.120928,-0.011407,0.033565,0.046236,0.020035,-0.046706,0,0,0,0,0
0.12093,-0.013672,0.03227,0.045589,0.019711,-0.045412,0,0,0,0,0
0.120932,-0.015937,0.03227,0.045266,0.019711,-0.043794,0,0,0,0,0
0.120934,-0.017878,0.033888,0.043972,0.019711,-0.042823,0,0,0,0,0
0.1209359999999999,-0.018525,0.034859,0.043325,0.019065,-0.042176,0,0,0,0,0
0.1209379999999999,-0.019172,0.035182,0.042354,0.018094,-0.042499,0,0,0,0,0
0.1209399999999999,-0.019172,0.0368,0.041707,0.017448,-0.043147,0,0,0,0,0
0.120942,-0.019172,0.03583,0.040737,0.016801,-0.043794,0,0,0,0,0
0.120944,-0.020466,0.033565,0.04009,0.015831,-0.04347,0,0,0,0,0
0.120946,-0.021437,0.031623,0.039443,0.016154,-0.042499,0,0,0,0,0
0.120948,-0.024025,0.029034,0.038473,0.015831,-0.040558,0,0,0,0,0
0.1209499999999999,-0.025643,0.028711,0.037179,0.015507,-0.038293,0,0,0,0,0
0.1209519999999999,-0.028232,0.029034,0.035562,0.014537,-0.036351,0,0,0,0,0
0.1209539999999999,-0.029202,0.030652,0.033944,0.013567,-0.035056,0,0,0,0,0
0.120956,-0.030496,0.033241,0.032651,0.012597,-0.035056,0,0,0,0,0
0.120958,-0.030173,0.0368,0.032004,0.010656,-0.035704,0,0,0,0,0
0.12096,-0.030496,0.038418,0.031033,0.008716,-0.036674,0,0,0,0,0
0.120962,-0.030173,0.039389,0.03071,0.006129,-0.038293,0,0,0,0,0
0.1209639999999999,-0.030173,0.039389,0.03071,0.004512,-0.03894,0,0,0,0,0
0.1209659999999999,-0.030496,0.039065,0.030386,0.002895,-0.038616,0,0,0,0,0
0.1209679999999999,-0.032114,0.038095,0.029739,0.001601,-0.037969,0,0,0,0,0
0.12097,-0.033085,0.037448,0.029416,0.000631,-0.036998,0,0,0,0,0
0.120972,-0.034379,0.035506,0.029093,0.000308,-0.035704,0,0,0,0,0
0.120974,-0.03535,0.034859,0.029093,-1.5452e-05,-0.034733,0,0,0,0,0
0.120976,-0.03632,0.034535,0.029416,-0.000339,-0.033115,0,0,0,0,0
0.1209779999999999,-0.03632,0.033565,0.029416,-0.000339,-0.032467,0,0,0,0,0
0.1209799999999999,-0.036644,0.032917,0.029093,-0.000986,-0.030849,0,0,0,0,0
0.1209819999999999,-0.03632,0.031623,0.028446,-0.001309,-0.030202,0,0,0,0,0
0.120984,-0.03535,0.030652,0.028446,-0.001956,-0.029555,0,0,0,0,0
0.120986,-0.034379,0.029681,0.028122,-0.002603,-0.028908,0,0,0,0,0
0.120988,-0.033408,0.027416,0.027799,-0.002926,-0.027937,0,0,0,0,0
0.12099,-0.032438,0.024504,0.028122,-0.002926,-0.026642,0,0,0,0,0
0.1209919999999999,-0.031467,0.022239,0.028446,-0.002926,-0.025348,0,0,0,0,0
0.1209939999999999,-0.031143,0.019974,0.028446,-0.002279,-0.024053,0,0,0,0,0
0.1209959999999999,-0.03082,0.018356,0.028769,-0.000986,-0.022435,0,0,0,0,0
0.120998,-0.029849,0.017062,0.029093,-1.5452e-05,-0.021141,0,0,0,0,0
0.121,-0.028232,0.015767,0.029416,0.001278,-0.02017,0,0,0,0,0
0.121002,-0.026614,0.014473,0.028769,0.002572,-0.019847,0,0,0,0,0
0.121004,-0.024996,0.012855,0.028446,0.003542,-0.019523,0,0,0,0,0
0.1210059999999999,-0.023378,0.011237,0.028122,0.004189,-0.018552,0,0,0,0,0
0.1210079999999999,-0.021437,0.008972,0.028122,0.004835,-0.017258,0,0,0,0,0
0.1210099999999999,-0.020466,0.006383,0.027799,0.006452,-0.015316,0,0,0,0,0
0.121012,-0.019496,0.004765,0.027152,0.007746,-0.013051,0,0,0,0,0
0.121014,-0.018849,0.004118,0.026505,0.009039,-0.010462,0,0,0,0,0
0.121016,-0.018202,0.004118,0.024888,0.01001,-0.007549,0,0,0,0,0
0.121018,-0.017555,0.004765,0.023594,0.011627,-0.005284,0,0,0,0,0
0.1210199999999999,-0.01626,0.004442,0.02133,0.011627,-0.002371,0,0,0,0,0
0.1210219999999999,-0.014643,0.003795,0.019065,0.01195,-0.00043,0,0,0,0,0
0.1210239999999999,-0.013996,0.003147,0.017125,0.011627,0.002483,0,0,0,0,0
0.121026,-0.013349,0.001206,0.01486,0.011303,0.005072,0,0,0,0,0
0.121028,-0.013672,-0.000736,0.012596,0.010656,0.009602,0,0,0,0,0
0.12103,-0.013996,-0.001383,0.010979,0.010656,0.013486,0,0,0,0,0
0.121032,-0.014966,-0.001059,0.009038,0.010333,0.017693,0,0,0,0,0
0.1210339999999999,-0.015937,-8.8422e-05,0.006774,0.010333,0.021252,0,0,0,0,0
0.1210359999999999,-0.01626,0.0025,0.004833,0.01001,0.023841,0,0,0,0,0
0.1210379999999999,-0.015937,0.004118,0.002892,0.009686,0.025136,0,0,0,0,0
0.12104,-0.013996,0.00606,0.000628,0.009039,0.026107,0,0,0,0,0
0.121042,-0.013349,0.007354,-0.000989,0.008069,0.025783,0,0,0,0,0
0.121044,-0.012054,0.007354,-0.00293,0.008069,0.026107,0,0,0,0,0
0.121046,-0.011084,0.006707,-0.0039,0.007746,0.02643,0,0,0,0,0
0.1210479999999999,-0.011407,0.005736,-0.004871,0.008069,0.027078,0,0,0,0,0
0.1210499999999999,-0.012054,0.005736,-0.005518,0.009039,0.027725,0,0,0,0,0
0.1210519999999999,-0.012701,0.00606,-0.006165,0.01001,0.028372,0,0,0,0,0
0.121054,-0.013349,0.007354,-0.006488,0.011303,0.028696,0,0,0,0,0
0.121056,-0.013996,0.007678,-0.007135,0.012597,0.027725,0,0,0,0,0
0.121058,-0.014319,0.009296,-0.007135,0.013567,0.026754,0,0,0,0,0
0.12106,-0.014643,0.008972,-0.007458,0.01389,0.025459,0,0,0,0,0
0.1210619999999999,-0.014319,0.008001,-0.007782,0.014214,0.023518,0,0,0,0,0
0.1210639999999999,-0.015613,0.006383,-0.008105,0.01486,0.022871,0,0,0,0,0
0.121066,-0.016908,0.005089,-0.008429,0.015184,0.022223,0,0,0,0,0
0.121068,-0.017878,0.002824,-0.008105,0.015184,0.0219,0,0,0,0,0
0.12107,-0.019819,0.00153,-0.007458,0.016154,0.021252,0,0,0,0,0
0.121072,-0.021761,0.000235,-0.006812,0.015831,0.020929,0,0,0,0,0
0.121074,-0.022731,-0.000412,-0.005518,0.015507,0.020605,0,0,0,0,0
0.1210759999999999,-0.023702,0.000235,-0.004871,0.015507,0.019634,0,0,0,0,0
0.1210779999999999,-0.023702,0.000882,-0.003577,0.01486,0.018664,0,0,0,0,0
0.12108,-0.024349,0.001206,-0.002283,0.014537,0.016722,0,0,0,0,0
0.121082,-0.024025,0.000882,-0.001636,0.01389,0.015427,0,0,0,0,0
0.121084,-0.024025,-8.8422e-05,-0.000989,0.013244,0.014133,0,0,0,0,0
0.121086,-0.024349,-0.000736,0.000305,0.012273,0.013486,0,0,0,0,0
0.121088,-0.024996,-0.001059,0.001275,0.012273,0.012839,0,0,0,0,0
0.1210899999999999,-0.02629,-0.002677,0.002892,0.011627,0.012839,0,0,0,0,0
0.1210919999999999,-0.027908,-0.00203,0.004186,0.011303,0.013162,0,0,0,0,0
0.121094,-0.029526,-0.001706,0.00548,0.010656,0.013162,0,0,0,0,0
0.121096,-0.030496,-0.001706,0.006127,0.009686,0.012839,0,0,0,0,0
0.121098,-0.031791,-0.001706,0.00645,0.008716,0.012839,0,0,0,0,0
0.1211,-0.032761,-0.001059,0.006774,0.007746,0.011868,0,0,0,0,0
0.121102,-0.033732,-0.001383,0.007421,0.006452,0.010897,0,0,0,0,0
0.1211039999999999,-0.034055,-0.003001,0.007744,0.006452,0.009602,0,0,0,0,0
0.1211059999999999,-0.035026,-0.00656,0.008068,0.006452,0.007661,0,0,0,0,0
0.121108,-0.035997,-0.010443,0.008068,0.007099,0.00669,0,0,0,0,0
0.12111,-0.036967,-0.016268,0.008068,0.008069,0.005719,0,0,0,0,0
0.121112,-0.037938,-0.022092,0.007744,0.009039,0.005395,0,0,0,0,0
0.121114,-0.039556,-0.026946,0.007421,0.010656,0.005719,0,0,0,0,0
0.121116,-0.040203,-0.030829,0.007421,0.01195,0.005719,0,0,0,0,0
0.1211179999999999,-0.041497,-0.034389,0.007097,0.012273,0.004748,0,0,0,0,0
0.1211199999999999,-0.04085,-0.03633,0.007421,0.012597,0.003454,0,0,0,0,0
0.121122,-0.040526,-0.038272,0.007421,0.012597,0.000865,0,0,0,0,0
0.121124,-0.038908,-0.03989,0.008068,0.012273,-0.002048,0,0,0,0,0
0.121126,-0.038585,-0.040537,0.008391,0.012273,-0.004313,0,0,0,0,0
0.121128,-0.037291,-0.041831,0.008715,0.011627,-0.007226,0,0,0,0,0
0.1211299999999999,-0.03632,-0.042802,0.008391,0.011627,-0.008196,0,0,0,0,0
0.1211319999999999,-0.035673,-0.043449,0.008715,0.011303,-0.00852,0,0,0,0,0
0.1211339999999999,-0.035026,-0.042802,0.008391,0.010656,-0.009167,0,0,0,0,0
0.121136,-0.034055,-0.042155,0.008391,0.009686,-0.009491,0,0,0,0,0
0.121138,-0.032761,-0.040537,0.008391,0.008716,-0.009814,0,0,0,0,0
0.12114,-0.03082,-0.040537,0.008715,0.007746,-0.011109,0,0,0,0,0
0.121142,-0.028879,-0.038595,0.009038,0.007099,-0.011756,0,0,0,0,0
0.1211439999999999,-0.026614,-0.036654,0.009685,0.005806,-0.012727,0,0,0,0,0
0.1211459999999999,-0.02532,-0.036006,0.010332,0.005159,-0.012727,0,0,0,0,0
0.1211479999999999,-0.024025,-0.034389,0.010332,0.004512,-0.01208,0,0,0,0,0
0.12115,-0.023055,-0.032447,0.009685,0.004189,-0.01208,0,0,0,0,0
0.121152,-0.022084,-0.030506,0.009685,0.003542,-0.011756,0,0,0,0,0
0.121154,-0.021114,-0.028564,0.009361,0.002895,-0.011109,0,0,0,0,0
0.121156,-0.020143,-0.025975,0.008391,0.001925,-0.011433,0,0,0,0,0
0.1211579999999999,-0.019172,-0.023387,0.008068,0.000955,-0.011109,0,0,0,0,0
0.1211599999999999,-0.018525,-0.021445,0.008068,-1.5452e-05,-0.011433,0,0,0,0,0
0.1211619999999999,-0.017878,-0.020474,0.008068,-0.001632,-0.011756,0,0,0,0,0
0.121164,-0.017878,-0.019827,0.008391,-0.002926,-0.01208,0,0,0,0,0
0.121166,-0.017555,-0.019827,0.008391,-0.004866,-0.011756,0,0,0,0,0
0.121168,-0.018202,-0.021122,0.009361,-0.005836,-0.011433,0,0,0,0,0
0.12117,-0.019172,-0.021769,0.008715,-0.006807,-0.010462,0,0,0,0,0
0.1211719999999999,-0.020143,-0.020798,0.008068,-0.007777,-0.009814,0,0,0,0,0
0.1211739999999999,-0.021437,-0.020474,0.007744,-0.008424,-0.009491,0,0,0,0,0
0.1211759999999999,-0.022408,-0.018856,0.007744,-0.00907,-0.009814,0,0,0,0,0
0.121178,-0.022731,-0.017238,0.007421,-0.009394,-0.010462,0,0,0,0,0
0.12118,-0.022731,-0.016915,0.007097,-0.010041,-0.01208,0,0,0,0,0
0.121182,-0.022731,-0.017562,0.007097,-0.010041,-0.013374,0,0,0,0,0
0.121184,-0.023055,-0.018533,0.007097,-0.009717,-0.014345,0,0,0,0,0
0.1211859999999999,-0.022731,-0.021122,0.007097,-0.009717,-0.015316,0,0,0,0,0
0.1211879999999999,-0.023378,-0.024034,0.007744,-0.008747,-0.01564,0,0,0,0,0
0.1211899999999999,-0.024025,-0.027593,0.008391,-0.00713,-0.016287,0,0,0,0,0
0.121192,-0.024673,-0.029535,0.009685,-0.005836,-0.01564,0,0,0,0,0
0.121194,-0.025643,-0.032123,0.010008,-0.003573,-0.014992,0,0,0,0,0
0.121196,-0.026614,-0.035683,0.010979,-0.001309,-0.014669,0,0,0,0,0
0.121198,-0.027584,-0.037624,0.012273,0.000955,-0.014021,0,0,0,0,0
0.1211999999999999,-0.028232,-0.039242,0.01292,0.002572,-0.013374,0,0,0,0,0
0.1212019999999999,-0.028879,-0.03989,0.013566,0.004512,-0.013374,0,0,0,0,0
0.1212039999999999,-0.029526,-0.040537,0.014213,0.005482,-0.013051,0,0,0,0,0
0.121206,-0.029526,-0.041184,0.014537,0.006776,-0.013698,0,0,0,0,0
0.121208,-0.030173,-0.041831,0.014537,0.007423,-0.013051,0,0,0,0,0
0.12121,-0.031143,-0.042155,0.014213,0.008393,-0.013051,0,0,0,0,0
0.121212,-0.031791,-0.042155,0.01389,0.008716,-0.012727,0,0,0,0,0
0.1212139999999999,-0.032438,-0.041507,0.013243,0.009039,-0.01208,0,0,0,0,0
0.1212159999999999,-0.032761,-0.040537,0.012596,0.009039,-0.011756,0,0,0,0,0
0.1212179999999999,-0.032114,-0.038595,0.011302,0.008393,-0.01208,0,0,0,0,0
0.12122,-0.031791,-0.03633,0.010332,0.007423,-0.013374,0,0,0,0,0
0.121222,-0.03082,-0.035359,0.009038,0.006129,-0.014669,0,0,0,0,0
0.121224,-0.030173,-0.035359,0.008715,0.004512,-0.016287,0,0,0,0,0
0.121226,-0.030173,-0.03633,0.008068,0.003218,-0.017258,0,0,0,0,0
0.1212279999999999,-0.030496,-0.037948,0.008068,0.002572,-0.017905,0,0,0,0,0
0.1212299999999999,-0.032114,-0.040213,0.007421,0.001278,-0.017905,0,0,0,0,0
0.1212319999999999,-0.033408,-0.042155,0.007421,0.000631,-0.016934,0,0,0,0,0
0.121234,-0.035026,-0.044743,0.007097,0.000308,-0.016287,0,0,0,0,0
0.121236,-0.03632,-0.04539,0.006774,-0.000339,-0.01564,0,0,0,0,0
0.121238,-0.036967,-0.044743,0.00645,-0.001309,-0.01564,0,0,0,0,0
0.12124,-0.037614,-0.04442,0.006127,-0.002603,-0.016934,0,0,0,0,0
0.1212419999999999,-0.037291,-0.044096,0.006127,-0.003573,-0.018552,0,0,0,0,0
0.1212439999999999,-0.03632,-0.04442,0.00645,-0.005513,-0.020494,0,0,0,0,0
0.1212459999999999,-0.035997,-0.044743,0.006774,-0.00713,-0.022112,0,0,0,0,0
0.121248,-0.035673,-0.046361,0.006127,-0.008747,-0.024053,0,0,0,0,0
0.12125,-0.03535,-0.048303,0.006127,-0.010364,-0.025348,0,0,0,0,0
0.121252,-0.03535,-0.04895,0.004833,-0.011657,-0.026319,0,0,0,0,0
0.121254,-0.035673,-0.049921,0.003539,-0.013274,-0.026642,0,0,0,0,0
0.1212559999999999,-0.036644,-0.049921,0.001922,-0.014891,-0.027613,0,0,0,0,0
0.1212579999999999,-0.036644,-0.050568,-1.8859e-05,-0.016832,-0.028584,0,0,0,0,0
0.1212599999999999,-0.03632,-0.049597,-0.001636,-0.019095,-0.030202,0,0,0,0,0
0.121262,-0.03535,-0.049597,-0.003253,-0.020712,-0.032791,0,0,0,0,0
0.121264,-0.034055,-0.051862,-0.004871,-0.022976,-0.035056,0,0,0,0,0
0.121266,-0.033408,-0.054127,-0.005841,-0.02427,-0.037645,0,0,0,0,0
0.121268,-0.032761,-0.057687,-0.006812,-0.02621,-0.039263,0,0,0,0,0
0.1212699999999999,-0.032114,-0.06157,-0.007782,-0.027504,-0.039911,0,0,0,0,0
0.1212719999999999,-0.031791,-0.065453,-0.009399,-0.028797,-0.040881,0,0,0,0,0
0.1212739999999999,-0.031467,-0.069012,-0.01037,-0.030414,-0.042176,0,0,0,0,0
0.121276,-0.03082,-0.071925,-0.011663,-0.031708,-0.042823,0,0,0,0,0
0.121278,-0.030173,-0.073542,-0.011987,-0.033648,-0.044441,0,0,0,0,0
0.12128,-0.028879,-0.075808,-0.012957,-0.034942,-0.045088,0,0,0,0,0
0.121282,-0.028555,-0.077425,-0.012634,-0.035912,-0.046059,0,0,0,0,0
0.1212839999999999,-0.027908,-0.07872,-0.012634,-0.037852,-0.046706,0,0,0,0,0
0.1212859999999999,-0.027584,-0.080014,-0.012957,-0.039469,-0.046706,0,0,0,0,0
0.1212879999999999,-0.027261,-0.080661,-0.012634,-0.040439,-0.046383,0,0,0,0,0
0.12129,-0.025967,-0.081309,-0.012957,-0.041733,-0.046059,0,0,0,0,0
0.121292,-0.024996,-0.081632,-0.012957,-0.043996,-0.045412,0,0,0,0,0
0.121294,-0.023378,-0.080661,-0.013604,-0.044967,-0.044765,0,0,0,0,0
0.121296,-0.021114,-0.079367,-0.013928,-0.046907,-0.044765,0,0,0,0,0
0.1212979999999999,-0.018849,-0.079043,-0.014575,-0.047554,-0.044118,0,0,0,0,0
0.1212999999999999,-0.01626,-0.078396,-0.014898,-0.049171,-0.043147,0,0,0,0,0
0.121302,-0.012701,-0.07872,-0.015221,-0.049494,-0.042823,0,0,0,0,0
0.121304,-0.008819,-0.079691,-0.015868,-0.050464,-0.042176,0,0,0,0,0
0.121306,-0.004613,-0.081309,-0.017162,-0.051111,-0.041852,0,0,0,0,0
0.121308,-8.3218e-05,-0.084544,-0.017809,-0.051434,-0.040558,0,0,0,0,0
0.12131,0.005093,-0.08778,-0.019103,-0.051111,-0.039587,0,0,0,0,0
0.1213119999999999,0.009623,-0.090693,-0.020073,-0.051111,-0.038616,0,0,0,0,0
0.1213139999999999,0.015123,-0.094899,-0.021044,-0.051111,-0.037322,0,0,0,0,0
0.121316,0.019977,-0.097488,-0.021691,-0.050788,-0.03538,0,0,0,0,0
0.121318,0.025477,-0.098135,-0.023308,-0.050141,-0.03538,0,0,0,0,0
0.12132,0.031624,-0.097488,-0.023955,-0.049818,-0.03538,0,0,0,0,0
0.121322,0.038742,-0.096517,-0.025572,-0.050141,-0.036351,0,0,0,0,0
0.121324,0.04586,-0.095223,-0.026219,-0.049818,-0.038616,0,0,0,0,0
0.1213259999999999,0.054596,-0.095223,-0.027513,-0.050141,-0.040881,0,0,0,0,0
0.1213279999999999,0.063331,-0.095223,-0.028807,-0.050141,-0.044118,0,0,0,0,0
0.12133,0.072067,-0.09587,-0.029777,-0.050141,-0.046706,0,0,0,0,0
0.121332,0.080479,-0.097488,-0.030748,-0.049494,-0.049295,0,0,0,0,0
0.121334,0.089215,-0.098782,-0.031718,-0.048847,-0.051561,0,0,0,0,0
0.121336,0.099245,-0.099429,-0.032688,-0.048524,-0.05415,0,0,0,0,0
0.121338,0.108304,-0.099106,-0.033012,-0.048524,-0.056738,1,0,0,0,0
0.1213399999999999,0.118981,-0.096841,-0.033335,-0.049494,-0.059651,1,0,0,0,0
0.1213419999999999,0.129334,-0.09587,-0.033982,-0.050788,-0.063211,1,0,0,0,0
0.121344,0.140011,-0.095546,-0.034306,-0.052405,-0.066771,1,0,0,0,0
0.121346,0.149718,-0.095546,-0.034629,-0.054345,-0.069683,1,0,0,0,0
0.121348,0.1591,-0.097164,-0.035276,-0.056285,-0.072272,1,0,0,0,0
0.12135,0.167836,-0.098459,-0.035923,-0.058226,-0.073243,1,0,0,0,0
0.1213519999999999,0.175278,-0.099429,-0.03657,-0.059519,-0.07389,1,0,0,0,0
0.1213539999999999,0.182396,-0.099429,-0.03754,-0.060489,-0.07389,1,0,0,0,0
0.1213559999999999,0.188866,-0.098135,-0.038834,-0.061783,-0.074214,1,0,0,0,0
0.121358,0.195337,-0.094899,-0.040128,-0.063077,-0.074214,1,0,0,0,0
0.12136,0.202132,-0.091987,-0.042069,-0.064693,-0.076479,1,0,0,0,0
0.121362,0.208926,-0.088104,-0.044333,-0.06631,-0.078097,1,0,0,0,0
0.121364,0.215397,-0.085192,-0.046597,-0.068898,-0.080362,1,0,0,0,0
0.1213659999999999,0.220897,-0.083574,-0.048861,-0.071161,-0.08198,1,0,0,0,0
0.1213679999999999,0.22478,-0.082926,-0.051126,-0.072778,-0.082951,1,0,0,0,0
0.1213699999999999,0.227692,-0.082279,-0.053066,-0.074395,-0.082951,1,0,0,0,0
0.121372,0.229309,-0.080338,-0.054684,-0.075689,-0.082304,1,0,0,0,0
0.121374,0.228986,-0.078073,-0.055977,-0.076335,-0.081657,1,0,0,0,0
0.121376,0.227368,-0.07419,-0.057271,-0.076335,-0.080686,1,0,0,0,0
0.121378,0.225427,-0.069336,-0.058565,-0.077306,-0.080686,1,0,0,0,0
0.1213799999999999,0.222515,-0.061893,-0.060182,-0.077952,-0.080686,1,0,0,0,0
0.1213819999999999,0.219927,-0.055745,-0.061153,-0.077952,-0.082304,1,0,0,0,0
0.1213839999999999,0.216368,-0.04895,-0.062123,-0.078599,-0.084569,1,0,0,0,0
0.121386,0.213456,-0.042155,-0.063094,-0.079246,-0.086511,1,0,0,0,0
0.121388,0.20925,-0.036006,-0.06374,-0.079569,-0.088453,1,0,0,0,0
0.12139,0.20375,-0.030182,-0.063417,-0.079569,-0.090394,1,0,0,0,0
0.121392,0.197926,-0.023387,-0.063094,-0.079569,-0.091689,1,0,0,0,0
0.1213939999999999,0.191455,-0.014973,-0.062123,-0.078599,-0.09266,1,0,0,0,0
0.1213959999999999,0.184337,-0.004619,-0.061476,-0.077629,-0.09266,1,0,0,0,0
0.1213979999999999,0.17819,0.007354,-0.060506,-0.075689,-0.09363,1,0,0,0,0
0.1214,0.171719,0.021592,-0.059859,-0.074395,-0.094601,1,0,0,0,0
0.121402,0.165571,0.0368,-0.058889,-0.071808,-0.095572,1,0,0,0,0
0.121404,0.160071,0.051685,-0.058565,-0.070191,-0.096867,1,0,0,0,0
0.121406,0.154571,0.067217,-0.058889,-0.067927,-0.098485,1,0,0,0,0
0.1214079999999999,0.149394,0.084691,-0.058242,-0.065664,-0.100426,1,0,0,0,0
0.1214099999999999,0.143894,0.10087,-0.058242,-0.063723,-0.102044,1,1,0,0,0
0.1214119999999999,0.139041,0.116726,-0.058565,-0.06146,-0.103339,1,1,0,0,0
0.121414,0.133864,0.1342,-0.058565,-0.059196,-0.105281,1,1,0,0,0
0.121416,0.129334,0.150703,-0.058565,-0.056609,-0.106251,1,1,0,0,0
0.121418,0.124481,0.167529,-0.059212,-0.054022,-0.107222,1,1,0,0,0
0.12142,0.120922,0.183385,-0.059212,-0.052081,-0.108517,1,1,0,0,0
0.1214219999999999,0.117687,0.198593,-0.059535,-0.050141,-0.110135,1,1,0,0,0
0.1214239999999999,0.115098,0.212831,-0.059212,-0.048201,-0.111753,1,1,0,0,0
0.1214259999999999,0.112834,0.225127,-0.058565,-0.046907,-0.113695,1,1,0,0,0
0.121428,0.111216,0.234835,-0.057918,-0.04626,-0.114989,1,1,0,0,0
0.12143,0.110245,0.243248,-0.057271,-0.044643,-0.116931,1,1,0,0,0
0.121432,0.109275,0.249396,-0.056301,-0.043673,-0.117254,1,1,0,0,0
0.121434,0.10798,0.252632,-0.055977,-0.042703,-0.118225,1,1,0,0,0
0.1214359999999999,0.10798,0.255221,-0.055654,-0.042056,-0.117902,1,1,0,0,0
0.1214379999999999,0.107657,0.256839,-0.054684,-0.041409,-0.117578,1,1,0,0,0
0.1214399999999999,0.108304,0.257486,-0.054684,-0.041409,-0.117254,1,1,0,0,0
0.121442,0.109598,0.257162,-0.05436,-0.041409,-0.117578,1,1,0,0,0
0.121444,0.110892,0.255545,-0.054037,-0.041733,-0.118225,1,1,0,0,0
0.121446,0.113481,0.252309,-0.05339,-0.042703,-0.119196,1,1,0,0,0
0.121448,0.115098,0.246808,-0.052743,-0.04335,-0.119196,1,1,0,0,0
0.1214499999999999,0.117687,0.240336,-0.051449,-0.044643,-0.118872,1,1,0,0,0
0.1214519999999999,0.119628,0.231923,-0.051772,-0.044967,-0.117578,1,1,0,0,0
0.1214539999999999,0.121246,0.22448,-0.051449,-0.045613,-0.115313,1,1,0,0,0
0.121456,0.123511,0.216067,-0.051126,-0.046584,-0.113371,1,1,0,0,0
0.121458,0.125775,0.208301,-0.051126,-0.047554,-0.111106,1,1,0,0,0
0.12146,0.12804,0.200535,-0.051449,-0.048524,-0.109488,1,1,0,0,0
0.121462,0.131276,0.192769,-0.051126,-0.050141,-0.10787,1,1,0,0,0
0.1214639999999999,0.134835,0.183708,-0.050802,-0.050788,-0.106251,1,1,0,0,0
0.1214659999999999,0.137747,0.175942,-0.050479,-0.052081,-0.105281,1,1,0,0,0
0.1214679999999999,0.140658,0.167206,-0.049832,-0.052728,-0.103986,1,1,0,0,0
0.12147,0.1426,0.157822,-0.049832,-0.053698,-0.103015,1,1,0,0,0
0.121472,0.14357,0.148114,-0.048538,-0.054992,-0.101397,1,1,0,0,0
0.121474,0.144217,0.138406,-0.047567,-0.055962,-0.099779,1,1,0,0,0
0.121476,0.143894,0.129346,-0.046274,-0.056932,-0.098485,1,1,0,0,0
0.1214779999999999,0.1426,0.119962,-0.044333,-0.058549,-0.098161,1,1,0,0,0
0.1214799999999999,0.141306,0.111549,-0.042069,-0.059843,-0.097514,1,1,0,0,0
0.1214819999999999,0.139364,0.10443,-0.040128,-0.061136,-0.097514,1,1,0,0,0
0.121484,0.136776,0.097311,-0.03657,-0.063077,-0.097514,1,0,0,0,0
0.121486,0.132246,0.089545,-0.033982,-0.06534,-0.098161,1,0,0,0,0
0.121488,0.127393,0.081455,-0.030101,-0.067927,-0.097837,1,0,0,0,0
0.12149,0.121569,0.073366,-0.025896,-0.069544,-0.096867,1,0,0,0,0
0.1214919999999999,0.114775,0.06657,-0.021691,-0.071161,-0.094601,1,0,0,0,0
0.1214939999999999,0.107333,0.061393,-0.015545,-0.073102,-0.092336,1,0,0,0,0
0.1214959999999999,0.099245,0.058481,-0.009723,-0.074719,-0.090071,0,0,0,0,0
0.121498,0.09148,0.058804,-0.002283,-0.076335,-0.088453,0,0,0,0,0
0.1215,0.083391,0.063011,0.006127,-0.077629,-0.087158,0,0,0,0,0
0.121502,0.075626,0.067541,0.01486,-0.079893,-0.086511,0,0,0,0,0
0.121504,0.068185,0.074013,0.024241,-0.081186,-0.086187,0,0,0,0,0
0.1215059999999999,0.060743,0.081779,0.034915,-0.08248,-0.086187,0,0,0,0,0
0.1215079999999999,0.054272,0.089221,0.045912,-0.08345,-0.085864,0,0,0,0,0
0.1215099999999999,0.046831,0.097311,0.05788,-0.084097,-0.084893,0,0,0,0,0
0.121512,0.039713,0.106048,0.069849,-0.084744,-0.083598,0,1,0,0,0
0.121514,0.031301,0.114785,0.08214,-0.084744,-0.081657,0,1,0,0,0
0.121516,0.022888,0.124492,0.095078,-0.08442,-0.078421,0,1,0,0,0
0.121518,0.014476,0.136141,0.108017,-0.083773,-0.075184,0,1,1,0,0
0.1215199999999999,0.006711,0.149408,0.120955,-0.083773,-0.071948,0,1,1,0,0
0.1215219999999999,-8.3218e-05,0.16397,0.132923,-0.083127,-0.069036,0,1,1,0,0
0.121524,-0.005907,0.180473,0.144568,-0.083127,-0.066771,0,1,1,0,0
0.121526,-0.010113,0.197946,0.155565,-0.083127,-0.065152,0,1,1,0,0
0.121528,-0.013349,0.214773,0.16624,-0.08345,-0.064829,0,1,1,0,0
0.12153,-0.015937,0.231276,0.17659,-0.083127,-0.064505,0,1,1,0,0
0.121532,-0.018525,0.246484,0.185971,-0.083127,-0.064182,0,1,1,0,0
0.1215339999999999,-0.020466,0.262663,0.195028,-0.082157,-0.063534,0,1,1,0,0
0.1215359999999999,-0.022731,0.276578,0.203114,-0.08151,-0.061593,0,1,1,0,0
0.121538,-0.024996,0.289197,0.209907,-0.079893,-0.059327,0,1,1,0,0
0.12154,-0.026937,0.301494,0.216052,-0.078276,-0.056738,0,1,1,0,0
0.121542,-0.027584,0.312496,0.220904,-0.076982,-0.05415,0,1,1,0,0
0.121544,-0.027584,0.322203,0.224786,-0.075365,-0.051237,0,1,1,0,0
0.121546,-0.026614,0.329969,0.227374,-0.073748,-0.048972,0,1,1,0,0
0.1215479999999999,-0.025967,0.334823,0.229638,-0.071808,-0.04703,0,1,1,0,0
0.1215499999999999,-0.024673,0.337735,0.230285,-0.069221,-0.046059,0,1,1,0,0
0.121552,-0.022731,0.336765,0.230285,-0.065987,-0.044118,0,1,1,0,0
0.121554,-0.021114,0.333205,0.229314,-0.063077,-0.042499,0,1,1,0,0
0.121556,-0.018849,0.328675,0.226727,-0.058872,-0.041205,0,1,1,0,0
0.121558,-0.016584,0.32285,0.223492,-0.054345,-0.039587,0,1,1,0,0
0.12156,-0.013349,0.316379,0.21961,-0.049818,-0.03894,0,1,1,0,0
0.1215619999999999,-0.00979,0.30926,0.215082,-0.044643,-0.038616,0,1,1,0,0
0.1215639999999999,-0.005583,0.300523,0.21023,-0.039792,-0.03894,0,1,1,0,0
0.121566,-0.001377,0.290815,0.205378,-0.033971,-0.040558,0,1,1,0,0
0.121568,0.002829,0.280784,0.200203,-0.02815,-0.041529,0,1,1,0,0
0.12157,0.006388,0.267841,0.195028,-0.021036,-0.042499,0,1,1,0,0
0.121572,0.009623,0.25425,0.189529,-0.013598,-0.042823,0,1,1,0,0
0.1215739999999999,0.011564,0.239689,0.183706,-0.00422,-0.042499,0,1,1,0,0
0.1215759999999999,0.013506,0.224804,0.177561,0.005482,-0.041529,0,1,1,0,0
0.1215779999999999,0.014476,0.209919,0.170445,0.015831,-0.040558,0,1,1,0,0
0.12158,0.016094,0.196005,0.163652,0.027149,-0.040558,0,1,1,0,0
0.121582,0.017065,0.18209,0.156536,0.038791,-0.041205,0,1,1,0,0
0.121584,0.017712,0.168176,0.15039,0.05108,-0.042499,0,1,1,0,0
0.121586,0.018359,0.154262,0.144244,0.064339,-0.044118,0,1,1,0,0
0.1215879999999999,0.018359,0.139054,0.138422,0.077275,-0.045736,0,1,1,0,0
0.1215899999999999,0.017065,0.124492,0.133247,0.090534,-0.047354,0,1,1,0,0
0.1215919999999999,0.014476,0.109284,0.128071,0.104116,-0.048325,0,1,1,1,0
0.121594,0.011241,0.095369,0.123543,0.117052,-0.048325,0,0,1,1,0
0.121596,0.007035,0.082102,0.119985,0.129664,-0.048001,0,0,1,1,0
0.121598,0.001858,0.069806,0.116427,0.1426,-0.048001,0,0,1,1,0
0.1216,-0.003966,0.058804,0.113839,0.153918,-0.04703,0,0,1,1,0
0.1216019999999999,-0.009466,0.050391,0.112545,0.16459,-0.047354,0,0,1,1,0
0.1216039999999999,-0.015613,0.042949,0.112545,0.174939,-0.047354,0,0,1,1,0
0.1216059999999999,-0.022731,0.035506,0.113516,0.184317,-0.047677,0,0,1,1,0
0.121608,-0.029849,0.029358,0.116103,0.192725,-0.047354,0,0,1,1,0
0.12161,-0.037291,0.02321,0.119661,0.200486,-0.04703,0,0,1,1,0
0.121612,-0.044085,0.017709,0.12419,0.207601,-0.046706,0,0,1,1,0
0.121614,-0.05185,0.012855,0.130336,0.214392,-0.045412,0,0,1,1,0
0.1216159999999999,-0.059615,0.009619,0.137452,0.21989,-0.044118,0,0,1,1,0
0.1216179999999999,-0.067704,0.00703,0.145538,0.224741,-0.042823,0,0,1,1,0
0.1216199999999999,-0.074822,0.005736,0.154595,0.228945,-0.041205,0,0,1,1,0
0.121622,-0.082263,0.005413,0.163975,0.232179,-0.040234,0,0,1,1,0
0.121624,-0.089058,0.005736,0.174326,0.234442,-0.039587,0,0,1,1,0
0.121626,-0.095852,0.00703,0.185,0.235412,-0.03894,0,0,1,1,0
0.121628,-0.102,0.008325,0.195351,0.235412,-0.037645,0,0,1,1,0
0.1216299999999999,-0.10847,0.010914,0.205702,0.234766,-0.036351,0,0,1,1,0
0.1216319999999999,-0.115265,0.013502,0.215729,0.232825,-0.033115,0,0,1,1,0
0.1216339999999999,-0.122706,0.01512,0.225433,0.230562,-0.028908,0,0,1,1,0
0.121636,-0.130471,0.018356,0.235137,0.227974,-0.023406,0,0,1,1,0
0.121638,-0.138884,0.022886,0.24387,0.225064,-0.018228,0,0,1,1,0
0.12164,-0.146325,0.027416,0.25228,0.22183,-0.011756,0,0,1,1,0
0.121642,-0.153767,0.033888,0.258749,0.218596,-0.005931,0,0,1,1,0
0.1216439999999999,-0.160561,0.041978,0.264895,0.214392,0.000541,0,0,1,1,0
0.1216459999999999,-0.166385,0.051362,0.27007,0.210188,0.006043,0,0,1,1,0
0.1216479999999999,-0.171238,0.060422,0.273952,0.205337,0.011868,0,0,1,1,0
0.12165,-0.175768,0.069159,0.276539,0.19984,0.017369,0,0,1,1,0
0.121652,-0.180621,0.076925,0.27848,0.194989,0.023841,0,0,1,1,0
0.121654,-0.185474,0.084044,0.279451,0.189814,0.030961,0,0,1,1,0
0.121656,-0.190327,0.089221,0.279451,0.184964,0.039698,0,0,1,1,0
0.1216579999999999,-0.196798,0.093428,0.278804,0.18076,0.049731,0,0,1,1,0
0.1216599999999999,-0.202945,0.098282,0.276539,0.177202,0.061381,0,0,1,1,0
0.1216619999999999,-0.208769,0.102812,0.272981,0.174615,0.074002,0,1,1,1,0
0.121664,-0.213946,0.108636,0.2691,0.171705,0.086299,0,1,1,1,0
0.121666,-0.218799,0.114137,0.264248,0.168794,0.097625,0,1,1,1,0
0.121668,-0.222034,0.117697,0.258102,0.16653,0.109275,0,1,1,1,1
0.12167,-0.224946,0.120933,0.251633,0.16459,0.120602,0,1,1,1,1
0.1216719999999999,-0.227858,0.119962,0.24387,0.163943,0.132252,0,1,1,1,1
0.1216739999999999,-0.23077,0.117697,0.236107,0.164267,0.145197,0,1,1,1,1
0.1216759999999999,-0.234653,0.11349,0.22802,0.164913,0.159112,0,1,1,1,1
0.121678,-0.238859,0.107989,0.219287,0.166854,0.173675,0,1,1,1,1
0.12168,-0.243065,0.102165,0.209907,0.169764,0.188561,0,1,1,1,1
0.121682,-0.246624,0.096664,0.199879,0.172998,0.203124,0,0,1,1,1
0.121684,-0.249859,0.088898,0.189852,0.176232,0.217686,0,0,1,1,1
0.1216859999999999,-0.253095,0.079837,0.180148,0.180113,0.232249,0,0,1,1,1
0.1216879999999999,-0.255359,0.070453,0.169798,0.183993,0.245517,0,0,1,1,1
0.1216899999999999,-0.257948,0.059775,0.15977,0.187874,0.259109,0,0,1,1,1
0.121692,-0.260213,0.048126,0.150067,0.192402,0.272053,0,0,1,1,1
0.121694,-0.262477,0.0368,0.140363,0.197576,0.283703,0,0,1,1,1
0.121696,-0.264419,0.024504,0.129689,0.202427,0.294706,0,0,1,1,1
0.121698,-0.265389,0.012531,0.119661,0.206954,0.305062,0,0,1,1,1
0.1216999999999999,-0.265713,0.000882,0.109634,0.210835,0.314123,0,0,1,1,1
0.1217019999999999,-0.265713,-0.010767,0.099283,0.214716,0.321566,0,0,0,1,1
0.1217039999999999,-0.265066,-0.022416,0.089903,0.218596,0.328362,0,0,0,1,1
0.121706,-0.263448,-0.034065,0.080523,0.221507,0.332893,0,0,0,1,1
0.121708,-0.262477,-0.046685,0.072113,0.223124,0.3371,0,0,0,1,1
0.12171,-0.261507,-0.059628,0.063379,0.225064,0.340336,0,0,0,1,1
0.121712,-0.260536,-0.072248,0.055616,0.226034,0.343248,0,0,0,1,1
0.1217139999999999,-0.260213,-0.084544,0.0485,0.226034,0.345514,0,0,0,1,1
0.1217159999999999,-0.260536,-0.09587,0.042354,0.225387,0.347779,0,0,0,1,1
0.1217179999999999,-0.26086,-0.106872,0.036209,0.222477,0.349073,0,0,0,1,1
0.12172,-0.261183,-0.116579,0.031033,0.219243,0.350044,0,0,0,1,1
0.121722,-0.262154,-0.124993,0.027152,0.214716,0.349721,0,0,0,1,1
0.121724,-0.262801,-0.133406,0.023594,0.209218,0.34875,0,0,0,1,1
0.121726,-0.263124,-0.141819,0.021006,0.202427,0.345837,0,0,0,1,1
0.1217279999999999,-0.263124,-0.148938,0.019712,0.194989,0.342925,0,0,0,1,1
0.1217299999999999,-0.262801,-0.154763,0.018418,0.186904,0.339041,0,0,0,1,1
0.1217319999999999,-0.262154,-0.159616,0.018418,0.178819,0.335482,0,0,0,1,1
0.121734,-0.262477,-0.164147,0.018742,0.169441,0.331922,0,0,0,1,1
0.121736,-0.262477,-0.169647,0.019712,0.160063,0.329333,0,0,0,1,1
0.121738,-0.263124,-0.173854,0.020359,0.149714,0.326744,0,0,0,1,1
0.12174,-0.263448,-0.179355,0.021976,0.139366,0.324479,0,0,0,1,1
0.1217419999999999,-0.263772,-0.184856,0.023917,0.129341,0.322537,0,0,0,1,1
0.1217439999999999,-0.265066,-0.18971,0.026828,0.118669,0.321243,0,0,0,1,1
0.121746,-0.265066,-0.194887,0.029093,0.107673,0.320272,0,0,0,1,1
0.121748,-0.265389,-0.199741,0.032651,0.097002,0.320272,0,0,0,0,1
0.12175,-0.265713,-0.203948,0.036209,0.085683,0.320595,0,0,0,0,1
0.121752,-0.266036,-0.208801,0.04009,0.073717,0.321243,0,0,0,0,1
0.121754,-0.265389,-0.213979,0.044295,0.062722,0.322861,0,0,0,0,1
0.1217559999999999,-0.264742,-0.218509,0.0485,0.051404,0.325126,0,0,0,0,1
0.1217579999999999,-0.263772,-0.223363,0.052382,0.040085,0.327715,0,0,0,0,1
0.12176,-0.262801,-0.22854,0.055293,0.028443,0.331922,0,0,0,0,1
0.121762,-0.261183,-0.23307,0.059174,0.018094,0.335482,0,0,0,0,1
0.121764,-0.258918,-0.23663,0.062085,0.008069,0.339689,0,0,0,0,1
0.121766,-0.25633,-0.238571,0.064997,-0.001956,0.343572,0,0,0,0,1
0.121768,-0.253095,-0.24116,0.068231,-0.011657,0.347455,0,0,0,0,1
0.1217699999999999,-0.249859,-0.244396,0.071466,-0.020712,0.351339,0,0,0,0,1
0.1217719999999999,-0.2463,-0.246337,0.0747,-0.029121,0.356193,0,0,0,0,1
0.121774,-0.243388,-0.24925,0.077612,-0.036882,0.361694,0,0,0,0,1
0.121776,-0.241447,-0.252486,0.079876,-0.043673,0.368167,0,0,0,0,1
0.121778,-0.240153,-0.254427,0.081817,-0.049818,0.374639,0,0,0,0,1
0.12178,-0.238535,-0.255074,0.08311,-0.054345,0.381758,0,0,0,0,1
0.121782,-0.237241,-0.254427,0.08311,-0.058872,0.388231,0,0,0,0,1
0.1217839999999999,-0.2353,-0.251838,0.082787,-0.063077,0.393732,0,0,0,0,1
0.1217859999999999,-0.233358,-0.248602,0.081493,-0.066957,0.397616,0,0,0,0,1
0.121788,-0.230447,-0.244072,0.079876,-0.071161,0.400204,0,0,0,0,1
0.12179,-0.226888,-0.240189,0.077288,-0.074719,0.401823,0,0,0,0,1
0.121792,-0.223652,-0.23663,0.074053,-0.078276,0.402793,0,0,0,0,1
0.121794,-0.221387,-0.235335,0.069849,-0.080863,0.403441,0,0,0,0,1
0.1217959999999999,-0.218799,-0.234041,0.065967,-0.08345,0.404735,0,0,0,0,1
0.1217979999999999,-0.217505,-0.23307,0.061439,-0.083773,0.405382,0,0,0,0,1
0.1217999999999999,-0.216534,-0.232747,0.05594,-0.084097,0.405706,0,0,0,0,1
0.121802,-0.21524,-0.2321,0.050441,-0.08345,0.405059,0,0,0,0,1
0.121804,-0.214269,-0.231776,0.044942,-0.08248,0.403117,0,0,0,0,1
0.121806,-0.211681,-0.230158,0.038473,-0.080216,0.399557,0,0,0,0,1
0.121808,-0.208122,-0.228864,0.032327,-0.078276,0.395027,0,0,0,0,1
0.1218099999999999,-0.204563,-0.228217,0.025534,-0.075689,0.389202,0,0,0,0,1
0.1218119999999999,-0.200357,-0.226922,0.019065,-0.073425,0.382082,0,0,0,0,1
0.1218139999999999,-0.196474,-0.226599,0.01292,-0.070514,0.374315,0,0,0,0,1
0.121816,-0.191945,-0.226599,0.006127,-0.066957,0.366225,0,0,0,0,1
0.121818,-0.187739,-0.226922,0.000305,-0.063723,0.357487,0,0,0,0,1
0.12182,-0.183209,-0.227569,-0.006165,-0.060166,0.348103,0,0,0,0,1
0.121822,-0.179327,-0.227893,-0.011987,-0.055962,0.338071,0,0,0,0,1
0.1218239999999999,-0.175444,-0.227246,-0.018456,-0.051434,0.327391,0,0,0,0,1
0.1218259999999999,-0.171238,-0.226599,-0.024602,-0.046584,0.316712,0,0,0,0,1
0.1218279999999999,-0.168326,-0.225951,-0.031071,-0.040439,0.305386,0,0,0,0,1
0.12183,-0.165091,-0.224981,-0.037864,-0.034618,0.293735,0,0,0,0,1
0.121832,-0.162179,-0.223686,-0.044333,-0.027827,0.282085,0,0,0,0,1
0.121834,-0.15959,-0.223039,-0.050479,-0.021359,0.270112,0,0,0,0,1
0.121836,-0.157973,-0.221421,-0.056624,-0.013921,0.258462,0,0,0,0,1
0.1218379999999999,-0.156355,-0.220127,-0.062123,-0.00713,0.246488,0,0,0,0,1
0.1218399999999999,-0.154737,-0.217862,-0.067945,0.000308,0.235485,0,0,0,0,1
0.1218419999999999,-0.152796,-0.21495,-0.073768,0.007423,0.223835,0,0,0,0,1
0.121844,-0.150855,-0.210743,-0.07862,0.014214,0.212508,0,0,0,0,1
0.121846,-0.148266,-0.206536,-0.084442,0.020035,0.200858,0,0,0,0,1
0.121848,-0.145354,-0.201359,-0.089941,0.024886,0.188885,0,0,0,0,1
0.12185,-0.142443,-0.197476,-0.095116,0.029413,0.176911,0,0,0,0,1
0.1218519999999999,-0.138884,-0.19424,-0.099645,0.033294,0.165261,0,0,0,0,1
0.1218539999999999,-0.135972,-0.192622,-0.104496,0.036851,0.154581,0,0,0,0,1
0.1218559999999999,-0.133383,-0.191651,-0.108701,0.040085,0.144549,0,0,0,0,1
0.121858,-0.131119,-0.190033,-0.112583,0.043319,0.136135,0,0,0,0,1
0.12186,-0.129501,-0.188739,-0.115818,0.045906,0.129016,0,0,0,0,1
0.121862,-0.127883,-0.187121,-0.119699,0.048493,0.122544,0,0,0,0,1
0.121864,-0.125942,-0.184856,-0.123581,0.050433,0.116395,0,0,0,0,1
0.1218659999999999,-0.123353,-0.181944,-0.126815,0.051404,0.109923,0,0,0,0,1
0.1218679999999999,-0.120765,-0.178384,-0.130373,0.05205,0.10345,0,0,0,0,1
0.1218699999999999,-0.117206,-0.174178,-0.132637,0.051727,0.096655,0,0,0,0,0
0.121872,-0.113647,-0.170295,-0.135225,0.050757,0.089859,0,0,0,0,0
0.121874,-0.110088,-0.165441,-0.137166,0.04817,0.083063,0,0,0,0,0
0.121876,-0.106853,-0.161558,-0.13846,0.045583,0.07659,0,0,0,0,0
0.121878,-0.103617,-0.158969,-0.140077,0.041702,0.071413,0,0,0,0,0
0.1218799999999999,-0.100382,-0.15541,-0.141694,0.038145,0.067529,0,0,0,0,0
0.1218819999999999,-0.097146,-0.151527,-0.142665,0.034587,0.062999,0,0,0,0,0
0.1218839999999999,-0.093911,-0.146673,-0.143959,0.029736,0.060086,0,0,0,0,0
0.121886,-0.090352,-0.142143,-0.144929,0.024886,0.05685,0,0,0,0,0
0.121888,-0.086793,-0.137612,-0.145576,0.019711,0.053937,0,0,0,0,0
0.12189,-0.083881,-0.132759,-0.145899,0.014537,0.051349,0,0,0,0,0
0.121892,-0.079999,-0.128228,-0.145899,0.008393,0.049407,0,0,0,0,0
0.1218939999999999,-0.077087,-0.125963,-0.145899,0.002572,0.047789,0,0,0,0,0
0.1218959999999999,-0.074175,-0.125316,-0.146223,-0.003249,0.047789,0,0,0,0,0
0.1218979999999999,-0.072234,-0.124022,-0.145899,-0.009717,0.048112,0,0,0,0,0
0.1219,-0.069969,-0.121757,-0.146223,-0.015862,0.049407,0,0,0,0,0
0.121902,-0.06738,-0.119168,-0.145899,-0.022006,0.051025,0,0,0,0,0
0.121904,-0.064145,-0.115285,-0.144929,-0.027827,0.052967,0,0,0,0,0
0.121906,-0.060262,-0.110108,-0.144282,-0.033648,0.054908,0,0,0,0,0
0.1219079999999999,-0.055409,-0.104607,-0.142665,-0.040439,0.056526,0,0,0,0,0
0.1219099999999999,-0.049585,-0.099429,-0.141694,-0.046584,0.059115,0,0,0,0,0
0.1219119999999999,-0.044732,-0.095223,-0.140724,-0.053051,0.062028,0,0,0,0,0
0.121914,-0.039879,-0.091016,-0.13943,-0.059519,0.065911,0,0,0,0,0
0.121916,-0.035026,-0.086809,-0.13846,-0.065664,0.070765,0,0,0,0,0
0.121918,-0.031143,-0.082926,-0.136519,-0.071485,0.076914,0,0,0,0,0
0.12192,-0.027584,-0.079691,-0.135549,-0.076335,0.084034,0,0,0,0,0
0.1219219999999999,-0.024025,-0.077425,-0.134255,-0.080863,0.092448,0,0,0,0,0
0.1219239999999999,-0.02079,-0.07419,-0.132961,-0.085067,0.101509,0,0,0,0,1
0.1219259999999999,-0.017878,-0.069659,-0.131991,-0.088624,0.11057,0,0,0,0,1
0.121928,-0.013996,-0.065453,-0.130697,-0.092182,0.119308,0,0,0,0,1
0.12193,-0.009466,-0.060599,-0.129726,-0.096386,0.128045,0,0,0,0,1
0.121932,-0.004289,-0.055422,-0.128432,-0.100266,0.137106,0,0,0,0,1
0.121934,0.001535,-0.051215,-0.127786,-0.104147,0.145197,0,0,0,0,1
0.1219359999999999,0.006711,-0.048303,-0.125845,-0.108351,0.154258,0,0,0,0,1
0.1219379999999999,0.011888,-0.046361,-0.124227,-0.111585,0.162995,0,0,0,0,1
0.1219399999999999,0.016418,-0.044743,-0.122287,-0.114172,0.172057,0,0,0,0,1
0.121942,0.019977,-0.043125,-0.119699,-0.116759,0.182089,0,0,0,0,1
0.121944,0.023212,-0.041507,-0.118082,-0.118053,0.191797,0,0,0,0,1
0.121946,0.026124,-0.040213,-0.115494,-0.11967,0.201505,0,0,0,0,1
0.121948,0.028389,-0.037948,-0.11323,-0.119993,0.211214,0,0,0,0,1
0.1219499999999999,0.031624,-0.035036,-0.111289,-0.121287,0.220275,0,0,0,0,1
0.1219519999999999,0.034536,-0.032447,-0.109025,-0.122904,0.228042,0,0,0,0,1
0.1219539999999999,0.038095,-0.030829,-0.107084,-0.123874,0.234838,0,0,0,0,1
0.121956,0.041654,-0.030829,-0.10482,-0.125491,0.240339,0,0,0,0,1
0.121958,0.045536,-0.030829,-0.102556,-0.127108,0.24487,0,0,0,0,1
0.12196,0.048772,-0.032123,-0.100291,-0.128078,0.2494,0,0,0,0,1
0.121962,0.052331,-0.034065,-0.097704,-0.128401,0.252636,0,0,0,0,1
0.1219639999999999,0.055243,-0.036977,-0.095763,-0.127431,0.255873,0,0,0,0,1
0.1219659999999999,0.057831,-0.038919,-0.094146,-0.126784,0.258785,0,0,0,0,1
0.121968,0.061067,-0.040213,-0.093175,-0.125814,0.260727,0,0,0,0,1
0.12197,0.063978,-0.040213,-0.091558,-0.125167,0.261698,0,0,0,0,1
0.121972,0.067861,-0.041184,-0.090588,-0.124521,0.261374,0,0,0,0,1
0.121974,0.071096,-0.040537,-0.08897,-0.122904,0.259756,0,0,0,0,1
0.121976,0.074332,-0.04086,-0.086706,-0.12161,0.257167,0,0,0,0,1
0.1219779999999999,0.07692,-0.041507,-0.084118,-0.12064,0.254255,0,0,0,0,1
0.1219799999999999,0.078862,-0.041831,-0.081854,-0.119023,0.251018,0,0,0,0,1
0.121982,0.080479,-0.040537,-0.079913,-0.117083,0.246811,0,0,0,0,1
0.121984,0.081773,-0.037624,-0.077649,-0.115142,0.241957,0,0,0,0,1
0.121986,0.083715,-0.033741,-0.075385,-0.113525,0.235809,0,0,0,0,1
0.121988,0.085656,-0.029211,-0.073444,-0.112555,0.228689,0,0,0,0,1
0.12199,0.087921,-0.025652,-0.071827,-0.111908,0.220275,0,0,0,0,1
0.1219919999999999,0.089862,-0.021769,-0.069886,-0.111262,0.21089,0,0,0,0,1
0.1219939999999999,0.09245,-0.020151,-0.067945,-0.110291,0.201505,0,0,0,0,1
0.121996,0.094392,-0.019504,-0.066652,-0.109321,0.192444,0,0,0,0,1
0.121998,0.095039,-0.01918,-0.064387,-0.107704,0.183707,0,0,0,0,1
0.122,0.096009,-0.01918,-0.06277,-0.106087,0.174646,0,0,0,0,1
0.122002,0.096333,-0.018856,-0.060829,-0.104794,0.165584,0,0,0,0,1
0.122004,0.097304,-0.017562,-0.059859,-0.1035,0.156847,0,0,0,0,1
0.1220059999999999,0.098274,-0.01465,-0.057918,-0.10156,0.146491,0,0,0,0,1
0.1220079999999999,0.099568,-0.010443,-0.056624,-0.100266,0.136135,0,0,0,0,1
0.12201,0.10151,-0.007531,-0.054684,-0.099296,0.125456,1,0,0,0,1
0.122012,0.102804,-0.005589,-0.053066,-0.097679,0.114453,1,0,0,0,1
0.122014,0.104421,-0.003324,-0.050479,-0.096709,0.103774,1,0,0,0,1
0.122016,0.105069,-0.00203,-0.048538,-0.095739,0.093742,1,0,0,0,0
0.1220179999999999,0.106039,0.000235,-0.04595,-0.094122,0.08371,1,0,0,0,0
0.1220199999999999,0.105716,0.002824,-0.043362,-0.092828,0.074649,1,0,0,0,0
0.1220219999999999,0.105069,0.004442,-0.042069,-0.090565,0.066235,1,0,0,0,0
0.122024,0.104745,0.006707,-0.039481,-0.088624,0.057497,1,0,0,0,0
0.122026,0.103451,0.009619,-0.03754,-0.087007,0.049083,1,0,0,0,0
0.122028,0.10248,0.013826,-0.035276,-0.085067,0.040346,1,0,0,0,0
0.12203,0.101833,0.018032,-0.033659,-0.083773,0.031608,1,0,0,0,0
0.1220319999999999,0.100863,0.022563,-0.031718,-0.082157,0.022547,1,0,0,0,0
0.1220339999999999,0.100215,0.026769,-0.029454,-0.080216,0.013486,1,0,0,0,0
0.1220359999999999,0.098598,0.029681,-0.027189,-0.079246,0.004425,0,0,0,0,0
0.122038,0.09698,0.03227,-0.024602,-0.076982,-0.004637,0,0,0,0,0
0.12204,0.095039,0.034212,-0.022661,-0.074719,-0.01208,0,0,0,0,0
0.122042,0.092774,0.036153,-0.020397,-0.071485,-0.019523,0,0,0,0,0
0.122044,0.090186,0.037124,-0.017486,-0.068574,-0.025995,0,0,0,0,0
0.1220459999999999,0.088244,0.037771,-0.015545,-0.065017,-0.032791,0,0,0,0,0
0.1220479999999999,0.086303,0.039389,-0.013281,-0.061783,-0.03894,0,0,0,0,0
0.1220499999999999,0.085009,0.041331,-0.01134,-0.058549,-0.046383,0,0,0,0,0
0.122052,0.085009,0.042625,-0.009076,-0.055962,-0.054473,0,0,0,0,0
0.122054,0.085332,0.043919,-0.007135,-0.053051,-0.061593,0,0,0,0,0
0.122056,0.086303,0.044566,-0.005518,-0.051434,-0.069036,0,0,0,0,0
0.122058,0.087274,0.04489,-0.003577,-0.050464,-0.075832,0,0,0,0,0
0.1220599999999999,0.087921,0.042625,-0.001636,-0.048847,-0.080686,0,0,0,0,0
0.1220619999999999,0.087921,0.038742,-1.8859e-05,-0.04723,-0.084246,0,0,0,0,0
0.1220639999999999,0.087274,0.036153,0.001922,-0.04529,-0.086511,0,0,0,0,0
0.122066,0.086303,0.033565,0.003539,-0.042703,-0.087805,0,0,0,0,0
0.122068,0.08695,0.032594,0.005803,-0.040763,-0.089424,0,0,0,0,0
0.12207,0.086303,0.03227,0.007097,-0.039792,-0.091042,0,0,0,0,0
0.122072,0.08695,0.033565,0.008715,-0.038822,-0.093954,0,0,0,0,0
0.1220739999999999,0.088568,0.035182,0.010332,-0.038175,-0.09719,0,0,0,0,0
0.1220759999999999,0.090509,0.03583,0.010979,-0.038499,-0.101397,0,0,0,0,0
0.1220779999999999,0.092127,0.034859,0.012596,-0.039146,-0.104957,0,0,0,0,0
0.12208,0.093421,0.033565,0.013566,-0.039146,-0.10884,0,0,0,0,0
0.122082,0.093745,0.031947,0.015184,-0.038499,-0.111753,0,0,0,0,0
0.122084,0.094068,0.030976,0.016154,-0.038175,-0.114018,0,0,0,0,0
0.122086,0.093745,0.029681,0.017448,-0.037205,-0.11596,0,0,0,0,0
0.1220879999999999,0.092774,0.029034,0.019065,-0.036559,-0.117254,0,0,0,0,0
0.1220899999999999,0.09245,0.029358,0.020036,-0.034618,-0.118872,0,0,0,0,0
0.1220919999999999,0.092127,0.030976,0.021653,-0.033648,-0.120167,0,0,0,0,0
0.122094,0.092127,0.031299,0.022623,-0.032678,-0.121785,0,0,0,0,0
0.122096,0.09245,0.031623,0.02327,-0.031708,-0.123403,0,0,0,0,0
0.122098,0.092774,0.031299,0.023594,-0.030738,-0.124697,0,0,0,0,0
0.1221,0.092774,0.031299,0.023917,-0.029121,-0.125021,0,0,0,0,0
0.1221019999999999,0.092774,0.030329,0.023917,-0.027827,-0.125668,0,0,0,0,0
0.1221039999999999,0.093097,0.030005,0.02327,-0.02621,-0.125668,0,0,0,0,0
0.1221059999999999,0.092774,0.029358,0.0223,-0.023946,-0.125668,0,0,0,0,0
0.122108,0.09245,0.030005,0.021653,-0.022006,-0.126639,0,0,0,0,0
0.12211,0.09245,0.030005,0.021006,-0.019742,-0.127286,0,0,0,0,0
0.122112,0.092774,0.029681,0.020036,-0.018449,-0.128904,0,0,0,0,0
0.122114,0.092774,0.028387,0.018418,-0.017155,-0.130522,0,0,0,0,0
0.1221159999999999,0.092127,0.027416,0.017125,-0.016185,-0.131817,0,0,0,0,0
0.1221179999999999,0.092127,0.027093,0.015831,-0.014891,-0.133435,0,0,0,0,0
0.1221199999999999,0.090833,0.026122,0.014537,-0.013921,-0.134082,0,0,0,0,0
0.122122,0.089862,0.026122,0.013243,-0.012628,-0.134406,0,0,0,0,0
0.122124,0.088244,0.026122,0.011626,-0.010687,-0.134406,0,0,0,0,0
0.122126,0.08695,0.027416,0.010008,-0.008424,-0.134406,0,0,0,0,0
0.122128,0.085979,0.02774,0.007744,-0.00713,-0.134406,0,0,0,0,0
0.1221299999999999,0.085009,0.029034,0.005803,-0.005513,-0.134729,0,0,0,0,0
0.1221319999999999,0.084685,0.030329,0.003863,-0.00422,-0.135053,0,0,0,0,0
0.1221339999999999,0.084038,0.031299,0.002245,-0.003573,-0.136024,0,0,0,0,0
0.122136,0.083391,0.032594,0.000952,-0.003249,-0.137318,0,0,0,0,0
0.122138,0.083391,0.032917,-1.8859e-05,-0.002279,-0.139584,0,0,0,0,0
0.12214,0.082421,0.031947,-0.000342,-0.001632,-0.139907,0,0,0,0,0
0.122142,0.081126,0.030005,-0.000989,-0.000986,-0.141202,0,0,0,0,0
0.1221439999999999,0.080156,0.028064,-0.001636,0.000308,-0.140555,0,0,0,0,0
0.1221459999999999,0.077891,0.026122,-0.002607,0.001601,-0.139907,0,0,0,0,0
0.1221479999999999,0.074655,0.025151,-0.0039,0.002572,-0.13926,0,0,0,0,0
0.12215,0.072067,0.026769,-0.004547,0.002248,-0.13926,0,0,0,0,0
0.122152,0.069802,0.027416,-0.005841,0.002248,-0.13926,0,0,0,0,0
0.122154,0.068185,0.029358,-0.007135,0.000955,-0.140555,0,0,0,0,0
0.122156,0.067861,0.030005,-0.008105,-0.000986,-0.14282,0,0,0,0,0
0.1221579999999999,0.066243,0.029358,-0.008752,-0.001956,-0.145085,0,0,0,0,0
0.1221599999999999,0.065273,0.026446,-0.009723,-0.003896,-0.146703,0,0,0,0,0
0.1221619999999999,0.064302,0.02321,-0.01037,-0.00519,-0.147998,0,0,0,0,0
0.122164,0.063331,0.019327,-0.01134,-0.006483,-0.148321,0,0,0,0,0
0.122166,0.061714,0.015444,-0.011987,-0.007453,-0.149292,0,0,0,0,0
0.122168,0.060743,0.012208,-0.012957,-0.008747,-0.148968,0,0,0,0,0
0.12217,0.06042,0.009619,-0.014251,-0.009717,-0.15091,0,0,0,0,0
0.1221719999999999,0.060743,0.007354,-0.015221,-0.011334,-0.152852,0,0,0,0,0
0.1221739999999999,0.061067,0.005413,-0.016192,-0.012304,-0.155764,0,0,0,0,0
0.1221759999999999,0.061714,0.003795,-0.017486,-0.013598,-0.158677,0,0,0,0,0
0.122178,0.062684,0.00153,-0.018456,-0.015215,-0.161913,0,0,0,0,0
0.12218,0.062684,-0.001383,-0.020397,-0.016832,-0.163855,0,0,0,0,0
0.122182,0.063008,-0.005589,-0.021691,-0.017802,-0.165796,0,0,0,0,0
0.122184,0.062361,-0.01012,-0.023308,-0.019095,-0.167091,0,0,0,0,0
0.1221859999999999,0.061714,-0.014973,-0.024602,-0.020712,-0.168062,0,0,0,0,0
0.1221879999999999,0.060743,-0.019504,-0.025896,-0.021683,-0.168385,0,0,0,0,0
0.12219,0.06042,-0.023387,-0.027189,-0.0233,-0.169356,0,0,0,0,0
0.122192,0.06042,-0.025652,-0.027836,-0.024916,-0.170327,0,0,0,0,0
0.122194,0.061067,-0.026946,-0.028807,-0.02718,-0.171621,0,0,0,0,0
0.122196,0.063008,-0.027917,-0.029454,-0.029444,-0.173887,0,0,0,0,0
0.122198,0.064949,-0.02824,-0.030424,-0.032031,-0.175505,0,0,0,0,0
0.1221999999999999,0.068185,-0.028564,-0.031394,-0.033971,-0.177447,0,0,0,0,0
0.1222019999999999,0.071744,-0.029535,-0.033659,-0.036559,-0.179388,0,0,0,0,0
0.122204,0.075303,-0.031476,-0.035276,-0.038175,-0.180359,0,0,0,0,0
0.122206,0.079509,-0.032771,-0.037864,-0.040116,-0.181006,0,0,0,0,0
0.122208,0.084685,-0.032123,-0.040775,-0.041733,-0.181006,0,0,0,0,0
0.12221,0.090509,-0.031153,-0.044009,-0.042056,-0.181654,0,0,0,0,0
0.122212,0.097951,-0.030506,-0.046597,-0.04335,-0.181977,0,0,0,0,0
0.1222139999999999,0.106039,-0.02824,-0.048861,-0.04432,-0.182948,1,0,0,0,0
0.1222159999999999,0.115746,-0.025975,-0.051772,-0.04529,-0.18489,1,0,0,0,0
0.122218,0.127717,-0.02371,-0.054037,-0.045613,-0.186184,1,0,0,0,0
0.12222,0.140011,-0.022092,-0.055977,-0.04626,-0.187802,1,0,0,0,0
0.122222,0.153277,-0.021122,-0.057595,-0.046907,-0.188773,1,0,0,0,0
0.122224,0.167513,-0.019827,-0.058565,-0.046584,-0.189097,1,0,0,0,0
0.122226,0.181749,-0.019827,-0.059535,-0.045613,-0.189097,1,0,0,0,0
0.1222279999999999,0.196308,-0.019827,-0.060182,-0.04432,-0.188126,1,0,0,0,0
0.1222299999999999,0.210867,-0.018533,-0.060829,-0.04238,-0.186831,1,0,0,0,0
0.122232,0.22575,-0.015944,-0.062123,-0.040116,-0.185213,1,0,0,0,0
0.122234,0.241604,-0.012385,-0.063094,-0.038175,-0.183919,1,0,0,0,0
0.122236,0.256811,-0.009149,-0.065034,-0.036882,-0.182301,1,0,0,0,0
0.122238,0.272664,-0.005589,-0.066975,-0.034942,-0.181977,1,0,0,0,0
0.1222399999999999,0.287547,-0.002677,-0.068916,-0.033325,-0.181977,1,0,0,0,0
0.1222419999999999,0.301136,-8.8422e-05,-0.070857,-0.031061,-0.181654,1,0,0,0,0
0.1222439999999999,0.313431,0.002177,-0.073121,-0.028474,-0.181006,1,0,0,0,0
0.122246,0.323137,0.004765,-0.074415,-0.02524,-0.180035,1,0,0,0,0
0.122248,0.331226,0.008648,-0.076355,-0.022329,-0.178417,1,0,0,0,0
0.12225,0.338344,0.013179,-0.077973,-0.019419,-0.176476,1,0,0,0,0
0.122252,0.343521,0.019003,-0.079267,-0.017802,-0.175181,1,0,0,0,0
0.1222539999999999,0.348374,0.025475,-0.080884,-0.016185,-0.17421,1,0,0,0,0
0.1222559999999999,0.352256,0.033241,-0.082178,-0.015862,-0.17421,1,0,0,0,0
0.1222579999999999,0.354845,0.041654,-0.083148,-0.016185,-0.173563,1,0,0,0,0
0.12226,0.356462,0.04942,-0.083795,-0.016185,-0.173563,1,0,0,0,0
0.122262,0.356786,0.056863,-0.084118,-0.016832,-0.172269,1,0,0,0,0
0.122264,0.356139,0.064629,-0.084765,-0.017479,-0.170651,1,0,0,0,0
0.122266,0.353874,0.074013,-0.084442,-0.018125,-0.169033,1,0,0,0,0
0.1222679999999999,0.351286,0.085662,-0.084118,-0.018449,-0.167414,1,0,0,0,0
0.1222699999999999,0.34805,0.097958,-0.084765,-0.019095,-0.165149,1,0,0,0,0
0.1222719999999999,0.345138,0.11252,-0.084442,-0.020066,-0.163208,1,1,0,0,0
0.122274,0.341256,0.129022,-0.084118,-0.021036,-0.162884,1,1,0,0,0
0.122276,0.337373,0.14682,-0.083472,-0.022006,-0.162884,1,1,0,0,0
0.122278,0.33252,0.16397,-0.083148,-0.0233,-0.162237,1,1,0,0,0
0.12228,0.32702,0.182414,-0.082178,-0.024593,-0.162237,1,1,0,0,0
0.1222819999999999,0.320225,0.200535,-0.080884,-0.02524,-0.160619,1,1,0,0,0
0.1222839999999999,0.312137,0.219626,-0.079913,-0.02621,-0.158677,1,1,0,0,0
0.1222859999999999,0.302754,0.239042,-0.07862,-0.026533,-0.156412,1,1,0,0,0
0.122288,0.292724,0.259428,-0.077326,-0.026857,-0.153823,1,1,0,0,0
0.12229,0.282371,0.281755,-0.076355,-0.026533,-0.151234,1,1,0,0,0
0.122292,0.272017,0.305053,-0.075062,-0.026533,-0.148321,1,1,0,0,0
0.122294,0.26134,0.328351,-0.074415,-0.026533,-0.147027,1,1,0,0,0
0.1222959999999999,0.250663,0.35165,-0.073121,-0.02621,-0.145085,1,1,0,0,0
0.1222979999999999,0.239986,0.37333,-0.071504,-0.02524,-0.143467,1,1,0,0,0
0.1222999999999999,0.228986,0.394363,-0.069886,-0.02524,-0.141849,1,1,0,0,0
0.122302,0.217985,0.415072,-0.068592,-0.02427,-0.140555,1,1,0,0,0
0.122304,0.206338,0.43384,-0.066975,-0.022976,-0.138289,1,1,0,0,0
0.122306,0.194043,0.45099,-0.065358,-0.021683,-0.136024,1,1,0,0,0
0.122308,0.182072,0.467493,-0.064387,-0.020712,-0.133111,1,1,0,0,0
0.1223099999999999,0.170424,0.482055,-0.063094,-0.019419,-0.130846,1,1,0,0,0
0.1223119999999999,0.158777,0.495645,-0.062123,-0.017802,-0.128257,1,1,0,0,0
0.1223139999999999,0.1481,0.508265,-0.060829,-0.016832,-0.127286,1,1,0,0,0
0.122316,0.136776,0.519267,-0.060506,-0.015862,-0.126316,1,1,0,0,0
0.122318,0.126746,0.528328,-0.058889,-0.014568,-0.125992,1,1,0,0,0
0.12232,0.11704,0.534152,-0.057595,-0.013598,-0.125992,1,1,0,0,0
0.122322,0.107333,0.538359,-0.055654,-0.012304,-0.126316,1,1,0,0,0
0.1223239999999999,0.097304,0.538359,-0.053066,-0.011657,-0.125992,0,1,0,0,0
0.1223259999999999,0.08695,0.534152,-0.050155,-0.010364,-0.125021,0,1,0,0,0
0.1223279999999999,0.07595,0.525739,-0.046921,-0.009394,-0.123079,0,1,0,0,0
0.12233,0.064626,0.515708,-0.043039,-0.008424,-0.121138,0,1,0,0,0
0.122332,0.052654,0.504059,-0.038834,-0.00713,-0.118549,0,1,0,0,0
0.122334,0.041654,0.492086,-0.035276,-0.00616,-0.116283,0,1,0,0,0
0.122336,0.031301,0.478495,-0.030424,-0.005836,-0.114665,0,1,0,0,0
0.1223379999999999,0.021271,0.46361,-0.025249,-0.005513,-0.114018,0,1,0,0,0
0.1223399999999999,0.012535,0.447431,-0.019103,-0.00616,-0.114018,0,1,0,0,0
0.1223419999999999,0.004446,0.428663,-0.012634,-0.006807,-0.114342,0,1,0,0,0
0.122344,-0.003642,0.407306,-0.004871,-0.00713,-0.114665,0,1,0,0,0
0.122346,-0.011731,0.384979,0.003539,-0.0081,-0.114665,0,1,0,0,0
0.122348,-0.019819,0.361681,0.012596,-0.0081,-0.114342,0,1,0,0,0
0.12235,-0.027908,0.33903,0.022947,-0.008424,-0.114018,0,1,0,0,0
0.1223519999999999,-0.03632,0.316702,0.035238,-0.008424,-0.114018,0,1,0,0,0
0.1223539999999999,-0.043762,0.294051,0.049147,-0.008424,-0.114342,0,1,0,0,0
0.1223559999999999,-0.05088,0.273342,0.064997,-0.007777,-0.114665,0,1,0,0,0
0.122358,-0.057674,0.251661,0.08214,-0.007453,-0.11596,0,1,0,0,0
0.12236,-0.064145,0.22901,0.09993,-0.007453,-0.116283,0,1,0,0,0
0.122362,-0.070292,0.205712,0.118691,-0.00713,-0.116607,0,1,1,0,0
0.122364,-0.07644,0.184032,0.138099,-0.006483,-0.11596,0,1,1,0,0
0.1223659999999999,-0.08291,0.162352,0.15783,-0.006807,-0.114665,0,1,1,0,0
0.1223679999999999,-0.089381,0.142937,0.177561,-0.00616,-0.113695,0,1,1,0,0
0.1223699999999999,-0.095852,0.124492,0.196968,-0.006483,-0.111753,0,1,1,0,0
0.122372,-0.101352,0.108636,0.217346,-0.006807,-0.110458,0,1,1,0,0
0.122374,-0.107176,0.094075,0.236754,-0.00713,-0.109811,0,0,1,0,0
0.122376,-0.113,0.080161,0.256161,-0.007777,-0.109164,0,0,1,0,0
0.122378,-0.117853,0.066894,0.274275,-0.00907,-0.109164,0,0,1,0,0
0.1223799999999999,-0.122383,0.054274,0.292389,-0.010041,-0.109164,0,0,1,0,0
0.1223819999999999,-0.127236,0.041654,0.309856,-0.011657,-0.109488,0,0,1,0,0
0.1223839999999999,-0.131766,0.029034,0.326029,-0.012628,-0.109811,0,0,1,0,0
0.122386,-0.136295,0.014797,0.342202,-0.012951,-0.109488,0,0,1,0,0
0.122388,-0.141148,0.000559,0.356758,-0.013598,-0.10884,0,0,1,0,0
0.12239,-0.145678,-0.012708,0.370343,-0.012628,-0.10787,0,0,1,0,0
0.122392,-0.149884,-0.025975,0.381987,-0.011334,-0.106575,0,0,1,0,0
0.1223939999999999,-0.154414,-0.038272,0.392338,-0.009394,-0.105281,0,0,1,0,0
0.1223959999999999,-0.157002,-0.04895,0.400425,-0.00713,-0.103663,0,0,1,0,0
0.1223979999999999,-0.160561,-0.05704,0.407217,-0.003573,-0.102044,0,0,1,0,0
0.1224,-0.162179,-0.065453,0.412393,-1.5452e-05,-0.101397,0,0,1,0,0
0.122402,-0.16412,-0.072895,0.415951,0.003865,-0.10075,0,0,1,0,0
0.122404,-0.165738,-0.082279,0.418215,0.009039,-0.100103,0,0,1,0,0
0.122406,-0.167679,-0.091987,0.419509,0.015184,-0.099132,0,0,1,0,0
0.1224079999999999,-0.170267,-0.101694,0.418862,0.022945,-0.097514,0,0,1,0,0
0.1224099999999999,-0.172532,-0.111402,0.417245,0.031353,-0.094925,0,0,1,0,0
0.1224119999999999,-0.175121,-0.119168,0.413686,0.041378,-0.092336,0,0,1,0,0
0.122414,-0.177385,-0.125316,0.408511,0.051404,-0.089747,0,0,1,0,0
0.122416,-0.179327,-0.129846,0.403336,0.062722,-0.087805,0,0,1,0,0
0.122418,-0.179974,-0.133082,0.39622,0.074364,-0.086511,0,0,1,0,0
0.12242,-0.180621,-0.136318,0.38878,0.086653,-0.08554,0,0,1,0,0
0.1224219999999999,-0.181268,-0.141172,0.38037,0.099912,-0.084246,0,0,1,0,0
0.1224239999999999,-0.181915,-0.146673,0.371637,0.113818,-0.081657,0,0,1,1,0
0.122426,-0.183533,-0.153468,0.361609,0.129017,-0.079068,0,0,1,1,0
0.122428,-0.185797,-0.159616,0.351906,0.144863,-0.074537,0,0,1,1,0
0.12243,-0.188062,-0.166088,0.341231,0.160709,-0.069683,0,0,1,1,0
0.122432,-0.190327,-0.170618,0.330234,0.176879,-0.064829,0,0,1,1,0
0.122434,-0.191945,-0.173854,0.318266,0.192402,-0.059975,0,0,1,1,0
0.1224359999999999,-0.192915,-0.178384,0.306621,0.207278,-0.056415,0,0,1,1,0
0.1224379999999999,-0.192915,-0.18162,0.294653,0.221507,-0.052855,0,0,1,1,0
0.12244,-0.192915,-0.185827,0.282038,0.234766,-0.049295,0,0,1,1,0
0.122442,-0.192268,-0.190357,0.270394,0.245761,-0.045412,0,0,1,1,0
0.122444,-0.192268,-0.195211,0.257455,0.256433,-0.040881,0,0,1,1,0
0.122446,-0.192592,-0.199741,0.24484,0.265488,-0.034409,0,0,1,1,0
0.122448,-0.19421,-0.204271,0.232549,0.272602,-0.027613,0,0,1,1,0
0.1224499999999999,-0.19518,-0.209449,0.21961,0.278747,-0.019847,0,0,1,1,0
0.1224519999999999,-0.196474,-0.213979,0.207319,0.282951,-0.011109,0,0,1,1,0
0.122454,-0.197769,-0.217538,0.194381,0.286185,-0.002048,0,0,1,1,0
0.122456,-0.198739,-0.22045,0.182413,0.286831,0.007013,0,0,1,1,0
0.122458,-0.198739,-0.222716,0.170768,0.286831,0.016722,0,0,1,1,0
0.12246,-0.198092,-0.223686,0.159447,0.284891,0.026754,0,0,1,1,0
0.1224619999999999,-0.196474,-0.224334,0.148449,0.28101,0.036786,0,0,1,1,0
0.1224639999999999,-0.194533,-0.224981,0.138099,0.276806,0.04876,0,0,1,1,0
0.1224659999999999,-0.193239,-0.226599,0.127424,0.271309,0.061381,0,0,1,1,0
0.122468,-0.191621,-0.228864,0.117397,0.265164,0.076914,0,0,1,1,0
0.12247,-0.191298,-0.231452,0.106723,0.258697,0.094713,0,0,1,1,0
0.122472,-0.191298,-0.233718,0.096696,0.251582,0.11413,0,0,0,1,1
0.122474,-0.191298,-0.234365,0.086668,0.244144,0.134841,0,0,0,1,1
0.1224759999999999,-0.191621,-0.235012,0.076965,0.236383,0.15717,0,0,0,1,1
0.1224779999999999,-0.190974,-0.234688,0.067908,0.227651,0.180147,0,0,0,1,1
0.1224799999999999,-0.190327,-0.234041,0.058204,0.219243,0.2028,0,0,0,1,1
0.122482,-0.189033,-0.233718,0.049147,0.209541,0.2261,0,0,0,1,1
0.122484,-0.187739,-0.234365,0.040737,0.19984,0.249724,0,0,0,1,1
0.122486,-0.186445,-0.236306,0.03168,0.189491,0.274319,0,0,0,1,1
0.122488,-0.18515,-0.238248,0.022623,0.179466,0.299561,0,0,0,1,1
0.1224899999999999,-0.183533,-0.241484,0.013243,0.169118,0.324479,0,0,0,1,1
0.1224919999999999,-0.182562,-0.243749,0.00451,0.159092,0.350368,0,0,0,1,1
0.1224939999999999,-0.181268,-0.244396,-0.004871,0.149391,0.37561,0,0,0,1,1
0.122496,-0.179327,-0.244072,-0.013928,0.139689,0.399557,0,0,0,1,1
0.122498,-0.177385,-0.242778,-0.022661,0.129987,0.42221,0,0,0,1,1
0.1225,-0.174797,-0.240513,-0.030748,0.120609,0.443569,0,0,0,1,1
0.122502,-0.172209,-0.239218,-0.039158,0.110907,0.462662,0,0,0,1,1
0.1225039999999999,-0.169297,-0.237601,-0.046597,0.100882,0.47949,0,0,0,1,1
0.1225059999999999,-0.167032,-0.237277,-0.05436,0.091827,0.4947,0,0,0,0,1
0.1225079999999999,-0.165414,-0.237924,-0.0618,0.082449,0.507968,0,0,0,0,1
0.12251,-0.164444,-0.237924,-0.068592,0.073717,0.519618,0,0,0,0,1
0.122512,-0.163796,-0.237277,-0.075708,0.064986,0.529326,0,0,0,0,1
0.122514,-0.162502,-0.235335,-0.082178,0.056578,0.53677,0,0,0,0,1
0.122516,-0.161208,-0.233394,-0.08897,0.048493,0.5413,0,0,0,0,1
0.1225179999999999,-0.15959,-0.231129,-0.095763,0.040408,0.542918,0,0,0,0,1
0.1225199999999999,-0.157649,-0.229187,-0.102556,0.032647,0.542271,0,0,0,0,1
0.1225219999999999,-0.155061,-0.227569,-0.108701,0.024239,0.539035,0,0,0,0,1
0.122524,-0.151825,-0.227246,-0.115171,0.016801,0.533857,0,0,0,0,1
0.122526,-0.150208,-0.227569,-0.120346,0.008716,0.527708,0,0,0,0,1
0.122528,-0.148913,-0.227893,-0.125521,0.001925,0.519942,0,0,0,0,1
0.12253,-0.148266,-0.228217,-0.130697,-0.004866,0.511204,0,0,0,0,1
0.1225319999999999,-0.147619,-0.227569,-0.135225,-0.011011,0.500848,0,0,0,0,1
0.1225339999999999,-0.146972,-0.227893,-0.138783,-0.016832,0.489522,0,0,0,0,1
0.1225359999999999,-0.146649,-0.225951,-0.142341,-0.022329,0.476254,0,0,0,0,1
0.122538,-0.145678,-0.223363,-0.145899,-0.02815,0.461368,0,0,0,0,1
0.12254,-0.143737,-0.22045,-0.149134,-0.034295,0.445834,0,0,0,0,1
0.122542,-0.140825,-0.218509,-0.152692,-0.040439,0.429006,0,0,0,0,1
0.122544,-0.13856,-0.216244,-0.155927,-0.046907,0.412178,0,0,0,0,1
0.1225459999999999,-0.135972,-0.213979,-0.158838,-0.053051,0.39535,0,0,0,0,1
0.1225479999999999,-0.133383,-0.212684,-0.161749,-0.059196,0.378846,0,0,0,0,1
0.1225499999999999,-0.130795,-0.210743,-0.16466,-0.06437,0.362342,0,0,0,0,1
0.122552,-0.129177,-0.207507,-0.166924,-0.069544,0.346161,0,0,0,0,1
0.122554,-0.127236,-0.202653,-0.169188,-0.073748,0.330627,0,0,0,0,1
0.122556,-0.124648,-0.199094,-0.171453,-0.078599,0.31477,0,0,0,0,1
0.122558,-0.121736,-0.194564,-0.173717,-0.083127,0.300208,0,0,0,0,1
0.1225599999999999,-0.1185,-0.18971,-0.176305,-0.087654,0.284998,0,0,0,0,1
0.1225619999999999,-0.114294,-0.186474,-0.179216,-0.092182,0.270435,0,0,0,0,1
0.1225639999999999,-0.110412,-0.184856,-0.181803,-0.095739,0.257167,0,0,0,0,1
0.122566,-0.106206,-0.184209,-0.184068,-0.099943,0.24487,0,0,0,0,1
0.122568,-0.103294,-0.183562,-0.186008,-0.103177,0.233867,0,0,0,0,1
0.12257,-0.101029,-0.181944,-0.187302,-0.106087,0.223835,0,0,0,0,1
0.122572,-0.099088,-0.18162,-0.189243,-0.108028,0.213803,0,0,0,0,1
0.1225739999999999,-0.096823,-0.179031,-0.19086,-0.109968,0.205065,0,0,0,0,1
0.1225759999999999,-0.095205,-0.175148,-0.192478,-0.111908,0.195357,0,0,0,0,1
0.1225779999999999,-0.093264,-0.170295,-0.193771,-0.114172,0.185325,0,0,0,0,1
0.12258,-0.090999,-0.163823,-0.195065,-0.115789,0.174322,0,0,0,0,1
0.122582,-0.088411,-0.157351,-0.196036,-0.117406,0.162348,0,0,0,0,1
0.122584,-0.085499,-0.150232,-0.196359,-0.1187,0.150374,0,0,0,0,1
0.122586,-0.08194,-0.143113,-0.197006,-0.11967,0.137754,0,0,0,0,1
0.1225879999999999,-0.078381,-0.13923,-0.197329,-0.121287,0.12578,0,0,0,0,1
0.1225899999999999,-0.075469,-0.135671,-0.198623,-0.121933,0.113806,0,0,0,0,1
0.1225919999999999,-0.072557,-0.132435,-0.198623,-0.12258,0.103127,0,0,0,0,1
0.122594,-0.070292,-0.129199,-0.19927,-0.12258,0.093095,0,0,0,0,0
0.122596,-0.068027,-0.124345,-0.198947,-0.123227,0.082739,0,0,0,0,0
0.122598,-0.064792,-0.118844,-0.198947,-0.122904,0.073678,0,0,0,0,0
0.1226,-0.060909,-0.111078,-0.197976,-0.122904,0.063646,0,0,0,0,0
0.1226019999999999,-0.056056,-0.103636,-0.196683,-0.123227,0.05329,0,0,0,0,0
0.1226039999999999,-0.051203,-0.097488,-0.195389,-0.124197,0.043258,0,0,0,0,0
0.1226059999999999,-0.046026,-0.091987,-0.192478,-0.124197,0.033226,0,0,0,0,0
0.122608,-0.041497,-0.087457,-0.18989,-0.124521,0.024489,0,0,0,0,0
0.12261,-0.036967,-0.083574,-0.186979,-0.124197,0.017369,0,0,0,0,0
0.122612,-0.033408,-0.078396,-0.183744,-0.124197,0.010897,0,0,0,0,0
0.122614,-0.029526,-0.073219,-0.180833,-0.123227,0.005072,0,0,0,0,0
0.1226159999999999,-0.025967,-0.067394,-0.177275,-0.12258,-0.000106,0,0,0,0,0
0.1226179999999999,-0.021437,-0.060275,-0.17404,-0.12161,-0.005931,0,0,0,0,0
0.1226199999999999,-0.017231,-0.053157,-0.170806,-0.119993,-0.011109,0,0,0,0,0
0.122622,-0.013349,-0.047008,-0.166924,-0.119346,-0.01661,0,0,0,0,0
0.122624,-0.009142,-0.04086,-0.163043,-0.117729,-0.022759,0,0,0,0,0
0.122626,-0.00526,-0.035683,-0.159808,-0.116436,-0.027937,0,0,0,0,0
0.122628,-0.001377,-0.029535,-0.155927,-0.114496,-0.033762,0,0,0,0,0
0.1226299999999999,0.002505,-0.024034,-0.152045,-0.113202,-0.039263,0,0,0,0,0
0.1226319999999999,0.006064,-0.018533,-0.148487,-0.111908,-0.045412,0,0,0,0,0
0.1226339999999999,0.0093,-0.01465,-0.144282,-0.109968,-0.051237,0,0,0,0,0
0.122636,0.011888,-0.010443,-0.1404,-0.108028,-0.056738,0,0,0,0,0
0.122638,0.014476,-0.005266,-0.136842,-0.107058,-0.062564,0,0,0,0,0
0.12264,0.017065,-8.8422e-05,-0.132961,-0.106087,-0.068389,0,0,0,0,0
0.122642,0.019006,0.005736,-0.129726,-0.10447,-0.074214,0,0,0,0,0
0.1226439999999999,0.021594,0.010914,-0.126168,-0.104147,-0.080039,0,0,0,0,0
0.1226459999999999,0.023859,0.01512,-0.123257,-0.103177,-0.086511,0,0,0,0,0
0.122648,0.026124,0.017062,-0.120993,-0.102853,-0.091365,0,0,0,0,0
0.12265,0.028065,0.017709,-0.118405,-0.101883,-0.096219,0,0,0,0,0
0.122652,0.029359,0.017385,-0.116141,-0.100913,-0.099456,0,0,0,0,0
0.122654,0.03033,0.016738,-0.114847,-0.09962,-0.101074,0,0,0,0,0
0.122656,0.030653,0.015767,-0.113553,-0.097679,-0.103015,0,0,0,0,0
0.1226579999999999,0.030653,0.017062,-0.112906,-0.096062,-0.103986,0,0,0,0,0
0.1226599999999999,0.031624,0.01965,-0.112583,-0.094445,-0.105604,0,0,0,0,0
0.122662,0.033565,0.024181,-0.112259,-0.092828,-0.10787,0,0,0,0,0
0.122664,0.03583,0.028064,-0.111613,-0.092182,-0.110782,0,0,0,0,0
0.122666,0.039389,0.031947,-0.111289,-0.091211,-0.114342,0,0,0,0,0
0.122668,0.042625,0.035182,-0.111613,-0.090565,-0.117578,0,0,0,0,0
0.12267,0.046184,0.0368,-0.111289,-0.090241,-0.12049,0,0,0,0,0
0.1226719999999999,0.048125,0.037124,-0.111289,-0.089918,-0.122109,0,0,0,0,0
0.1226739999999999,0.050066,0.037448,-0.111289,-0.088948,-0.122756,0,0,0,0,0
0.122676,0.051037,0.038418,-0.111613,-0.088948,-0.123079,0,0,0,0,0
0.122678,0.052007,0.039065,-0.110966,-0.088624,-0.123727,0,0,0,0,0
0.12268,0.052978,0.040036,-0.110966,-0.088948,-0.124697,0,0,0,0,0
0.122682,0.053949,0.041978,-0.110642,-0.089594,-0.126963,0,0,0,0,0
0.122684,0.055243,0.044243,-0.109995,-0.090565,-0.129228,0,0,0,0,0
0.1226859999999999,0.056213,0.045214,-0.109025,-0.092182,-0.131493,0,0,0,0,0
0.1226879999999999,0.056537,0.046184,-0.108378,-0.093799,-0.134082,0,0,0,0,0
0.12269,0.056537,0.046508,-0.107408,-0.094769,-0.135377,0,0,0,0,0
0.122692,0.05589,0.046832,-0.106437,-0.095416,-0.136024,0,0,0,0,0
0.122694,0.055566,0.047479,-0.105467,-0.095416,-0.136348,0,0,0,0,0
0.122696,0.055566,0.047155,-0.104496,-0.095092,-0.136348,0,0,0,0,0
0.1226979999999999,0.05589,0.048449,-0.10385,-0.095416,-0.136348,0,0,0,0,0
0.1226999999999999,0.057184,0.049097,-0.103526,-0.095092,-0.137318,0,0,0,0,0
0.1227019999999999,0.058802,0.049744,-0.103203,-0.095416,-0.138613,0,0,0,0,0
0.122704,0.062037,0.051038,-0.103203,-0.095739,-0.140555,0,0,0,0,0
0.122706,0.06592,0.052009,-0.103203,-0.096386,-0.143143,0,0,0,0,0
0.122708,0.069802,0.051362,-0.103203,-0.096386,-0.145409,0,0,0,0,0
0.12271,0.074332,0.051362,-0.102556,-0.096709,-0.147998,0,0,0,0,0
0.1227119999999999,0.078214,0.050067,-0.100938,-0.096709,-0.149292,0,0,0,0,0
0.1227139999999999,0.082744,0.049744,-0.099645,-0.096062,-0.150587,0,0,0,0,0
0.1227159999999999,0.08695,0.04942,-0.097704,-0.094769,-0.151557,0,0,0,0,0
0.122718,0.09148,0.050067,-0.09641,-0.093152,-0.151881,0,0,0,0,0
0.12272,0.096656,0.052333,-0.093822,-0.091535,-0.152528,0,0,0,0,0
0.122722,0.10248,0.055568,-0.091881,-0.090565,-0.153823,1,0,0,0,0
0.122724,0.109922,0.059451,-0.089617,-0.089918,-0.155441,1,0,0,0,0
0.1227259999999999,0.11801,0.063334,-0.086383,-0.089918,-0.15803,1,0,0,0,0
0.1227279999999999,0.126746,0.065276,-0.082501,-0.089918,-0.160619,1,0,0,0,0
0.1227299999999999,0.136129,0.065923,-0.078943,-0.089918,-0.162884,1,0,0,0,0
0.122732,0.145188,0.065276,-0.074738,-0.089594,-0.165149,1,0,0,0,0
0.122734,0.1536,0.063334,-0.07118,-0.089271,-0.165473,1,0,0,0,0
0.122736,0.161042,0.060422,-0.067299,-0.088301,-0.164502,1,0,0,0,0
0.122738,0.16816,0.058157,-0.06374,-0.087007,-0.163531,1,0,0,0,0
0.1227399999999999,0.175601,0.057186,-0.059859,-0.08539,-0.161913,1,0,0,0,0
0.1227419999999999,0.182719,0.058804,-0.056301,-0.083773,-0.161266,1,0,0,0,0
0.1227439999999999,0.190808,0.060099,-0.053066,-0.083127,-0.162237,1,0,0,0,0
0.122746,0.19922,0.062687,-0.049832,-0.08248,-0.163531,1,0,0,0,0
0.122748,0.208279,0.0656,-0.046921,-0.082157,-0.165149,1,0,0,0,0
0.12275,0.217015,0.068188,-0.043686,-0.082157,-0.166444,1,0,0,0,0
0.122752,0.225427,0.069483,-0.040451,-0.082157,-0.167738,1,0,0,0,0
0.1227539999999999,0.232868,0.069806,-0.037864,-0.081833,-0.168385,1,0,0,0,0
0.1227559999999999,0.239663,0.069159,-0.034953,-0.082157,-0.168385,1,0,0,0,0
0.1227579999999999,0.245487,0.069159,-0.032041,-0.081833,-0.167414,1,0,0,0,0
0.12276,0.249046,0.068835,-0.029777,-0.081833,-0.167091,1,0,0,0,0
0.122762,0.252928,0.068512,-0.027189,-0.08151,-0.166444,1,0,0,0,0
0.122764,0.255517,0.069159,-0.024925,-0.081186,-0.165796,1,0,0,0,0
0.122766,0.257458,0.068188,-0.022661,-0.080863,-0.165473,1,0,0,0,0
0.1227679999999999,0.258105,0.067541,-0.020397,-0.08054,-0.164826,1,0,0,0,0
0.1227699999999999,0.258105,0.066247,-0.018456,-0.08054,-0.164178,1,0,0,0,0
0.1227719999999999,0.257134,0.064629,-0.016515,-0.080216,-0.163531,1,0,0,0,0
0.122774,0.255517,0.062687,-0.015545,-0.078923,-0.161913,1,0,0,0,0
0.122776,0.252928,0.059775,-0.014251,-0.077629,-0.161266,1,0,0,0,0
0.122778,0.249693,0.057833,-0.013928,-0.075689,-0.159324,1,0,0,0,0
0.12278,0.245163,0.057186,-0.013281,-0.073425,-0.158677,1,0,0,0,0
0.1227819999999999,0.239986,0.05751,-0.01231,-0.071808,-0.157706,1,0,0,0,0
0.1227839999999999,0.235133,0.058481,-0.012957,-0.068898,-0.15803,1,0,0,0,0
0.1227859999999999,0.23028,0.060099,-0.012634,-0.067281,-0.158353,1,0,0,0,0
0.122788,0.225103,0.062687,-0.01231,-0.06534,-0.159001,1,0,0,0,0
0.12279,0.219927,0.064952,-0.012957,-0.06437,-0.160295,1,0,0,0,0
0.122792,0.213779,0.067865,-0.012957,-0.063077,-0.160942,1,0,0,0,0
0.122794,0.207308,0.07013,-0.013281,-0.06146,-0.161589,1,0,0,0,0
0.1227959999999999,0.199543,0.073042,-0.012957,-0.060166,-0.161266,1,0,0,0,0
0.1227979999999999,0.191455,0.075954,-0.012957,-0.058549,-0.160942,1,0,0,0,0
0.1227999999999999,0.182072,0.079837,-0.012634,-0.056609,-0.160295,1,0,0,0,0
0.122802,0.173336,0.085662,-0.01231,-0.054668,-0.159324,1,0,0,0,0
0.122804,0.164277,0.092781,-0.01231,-0.053375,-0.159001,1,0,0,0,0
0.122806,0.155541,0.101841,-0.011987,-0.051758,-0.158677,1,1,0,0,0
0.122808,0.147776,0.109931,-0.01134,-0.050788,-0.158353,1,1,0,0,0
0.1228099999999999,0.140335,0.11802,-0.010693,-0.049494,-0.158353,1,1,0,0,0
0.1228119999999999,0.13354,0.126434,-0.009723,-0.047554,-0.157706,1,1,0,0,0
0.1228139999999999,0.126099,0.132905,-0.009076,-0.04626,-0.155441,1,1,0,0,0
0.122816,0.118334,0.140024,-0.008429,-0.04432,-0.152852,1,1,0,0,0
0.122818,0.109922,0.148114,-0.007782,-0.04238,-0.148645,1,1,0,0,0
0.12282,0.101833,0.157498,-0.007458,-0.039792,-0.144438,1,1,0,0,0
0.122822,0.094068,0.167206,-0.007135,-0.037852,-0.139907,0,1,0,0,0
0.1228239999999999,0.086627,0.178855,-0.007135,-0.036235,-0.135053,0,1,0,0,0
0.1228259999999999,0.080156,0.19018,-0.006812,-0.034942,-0.131817,0,1,0,0,0
0.1228279999999999,0.073685,0.202153,-0.006812,-0.034618,-0.128581,0,1,0,0,0
0.12283,0.068508,0.212831,-0.006488,-0.033648,-0.125668,0,1,0,0,0
0.122832,0.063331,0.222539,-0.006165,-0.033325,-0.122756,0,1,0,0,0
0.122834,0.057508,0.231599,-0.006488,-0.033001,-0.119843,0,1,0,0,0
0.122836,0.052331,0.239365,-0.006165,-0.032678,-0.116607,0,1,0,0,0
0.1228379999999999,0.04586,0.249073,-0.005841,-0.032354,-0.113695,0,1,0,0,0
0.1228399999999999,0.040683,0.258457,-0.005518,-0.032031,-0.111753,0,1,0,0,0
0.1228419999999999,0.03583,0.268488,-0.005841,-0.032031,-0.110135,0,1,0,0,0
0.122844,0.031301,0.280137,-0.005518,-0.031708,-0.109164,0,1,0,0,0
0.122846,0.027094,0.290168,-0.005194,-0.031708,-0.109164,0,1,0,0,0
0.122848,0.023212,0.300199,-0.004224,-0.032031,-0.109164,0,1,0,0,0
0.12285,0.019006,0.307965,-0.003577,-0.032031,-0.10884,0,1,0,0,0
0.1228519999999999,0.0148,0.31379,-0.00293,-0.032031,-0.108517,0,1,0,0,0
0.1228539999999999,0.009947,0.317026,-0.002283,-0.031061,-0.106575,0,1,0,0,0
0.1228559999999999,0.005417,0.317673,-0.001636,-0.029767,-0.104633,0,1,0,0,0
0.122858,-8.3218e-05,0.317349,-0.000989,-0.027827,-0.10075,0,1,0,0,0
0.12286,-0.00526,0.316379,-0.000666,-0.02621,-0.096543,0,1,0,0,0
0.122862,-0.01076,0.314437,-0.000666,-0.024593,-0.092012,0,1,0,0,0
0.122864,-0.015937,0.311848,-0.000666,-0.022976,-0.088129,0,1,0,0,0
0.1228659999999999,-0.019819,0.310231,-0.000342,-0.021036,-0.083598,0,1,0,0,0
0.1228679999999999,-0.022731,0.307642,-0.000989,-0.020066,-0.080686,0,1,0,0,0
0.12287,-0.02532,0.304082,-0.000989,-0.019095,-0.07745,0,1,0,0,0
0.122872,-0.027584,0.298905,-0.001636,-0.017802,-0.075184,0,1,0,0,0
0.122874,-0.030173,0.290815,-0.00196,-0.016508,-0.072272,0,1,0,0,0
0.122876,-0.033085,0.282402,-0.00196,-0.015215,-0.069359,0,1,0,0,0
0.122878,-0.036644,0.271077,-0.002607,-0.013598,-0.065152,0,1,0,0,0
0.1228799999999999,-0.041173,0.258457,-0.003253,-0.011657,-0.060945,0,1,0,0,0
0.1228819999999999,-0.045379,0.246161,-0.004224,-0.009394,-0.055768,0,1,0,0,0
0.122884,-0.049909,0.233541,-0.004871,-0.007453,-0.051237,0,1,0,0,0
0.122886,-0.054439,0.222539,-0.006165,-0.00519,-0.04703,0,1,0,0,0
0.122888,-0.057998,0.21186,-0.007135,-0.003573,-0.043147,0,1,0,0,0
0.12289,-0.060909,0.201182,-0.007135,-0.001956,-0.040881,0,1,0,0,0
0.122892,-0.063174,0.19018,-0.008429,-0.000662,-0.038616,0,1,0,0,0
0.1228939999999999,-0.065116,0.180149,-0.008429,0.001278,-0.036027,0,1,0,0,0
0.1228959999999999,-0.067704,0.170118,-0.008429,0.002248,-0.033762,0,1,0,0,0
0.122898,-0.070292,0.159439,-0.008429,0.003865,-0.030849,0,1,0,0,0
0.1229,-0.07191,0.149732,-0.008429,0.004835,-0.027613,0,1,0,0,0
0.122902,-0.073528,0.141319,-0.007782,0.005806,-0.024701,0,1,0,0,0
0.122904,-0.075145,0.133553,-0.006812,0.007099,-0.021788,0,1,0,0,0
0.122906,-0.075469,0.127081,-0.006488,0.008393,-0.019523,0,1,0,0,0
0.1229079999999999,-0.075793,0.121903,-0.005518,0.009363,-0.017581,0,1,0,0,0
0.1229099999999999,-0.075469,0.115108,-0.004547,0.01001,-0.015963,0,1,0,0,0
0.122912,-0.075469,0.107342,-0.003577,0.011303,-0.014669,0,1,0,0,0
0.122914,-0.075145,0.098282,-0.002283,0.012273,-0.01208,0,0,0,0,0
0.122916,-0.07644,0.088898,-0.001313,0.013244,-0.009167,0,0,0,0,0
0.122918,-0.078057,0.079514,0.000305,0.014537,-0.005931,0,0,0,0,0
0.1229199999999999,-0.080646,0.068835,0.001922,0.016477,-0.002048,0,0,0,0,0
0.1229219999999999,-0.083234,0.058804,0.003216,0.017448,0.001512,0,0,0,0,0
0.1229239999999999,-0.085499,0.050067,0.005157,0.019388,0.004748,0,0,0,0,0
0.122926,-0.08744,0.041331,0.007421,0.021005,0.007661,0,0,0,0,0
0.122928,-0.088411,0.033241,0.009361,0.022622,0.009602,0,0,0,0,0
0.12293,-0.089381,0.026122,0.010655,0.024239,0.01122,0,0,0,0,0
0.122932,-0.089058,0.020297,0.012273,0.025209,0.012515,0,0,0,0,0
0.1229339999999999,-0.089058,0.015444,0.013243,0.025532,0.013162,0,0,0,0,0
0.1229359999999999,-0.089058,0.009619,0.01389,0.025856,0.013809,0,0,0,0,0
0.1229379999999999,-0.088411,0.004118,0.01486,0.025532,0.013809,0,0,0,0,0
0.12294,-0.087764,-0.000412,0.01486,0.025209,0.014457,0,0,0,0,0
0.122942,-0.08744,-0.006237,0.015184,0.025209,0.015104,0,0,0,0,0
0.122944,-0.087117,-0.01109,0.01486,0.024562,0.016398,0,0,0,0,0
0.122946,-0.08744,-0.014326,0.015184,0.024239,0.016722,0,0,0,0,0
0.1229479999999999,-0.08744,-0.017562,0.01486,0.023915,0.016722,0,0,0,0,0
0.1229499999999999,-0.086793,-0.01918,0.01486,0.023269,0.016398,0,0,0,0,0
0.1229519999999999,-0.086469,-0.020474,0.015184,0.022622,0.015751,0,0,0,0,0
0.122954,-0.085499,-0.021769,0.015831,0.021005,0.015427,0,0,0,0,0
0.122956,-0.085175,-0.024034,0.015507,0.020035,0.014457,0,0,0,0,0
0.122958,-0.084528,-0.026622,0.015507,0.019065,0.01478,0,0,0,0,0
0.12296,-0.084852,-0.030182,0.015831,0.018418,0.016398,0,0,0,0,0
0.1229619999999999,-0.085499,-0.033741,0.016478,0.017771,0.01834,0,0,0,0,0
0.1229639999999999,-0.085499,-0.035036,0.017125,0.017448,0.020282,0,0,0,0,0
0.1229659999999999,-0.085499,-0.035683,0.018418,0.016801,0.021252,0,0,0,0,0
0.122968,-0.084528,-0.036977,0.019389,0.015831,0.022547,0,0,0,0,0
0.12297,-0.08291,-0.038272,0.02133,0.015184,0.022223,0,0,0,0,0
0.122972,-0.080646,-0.041184,0.022947,0.014214,0.022223,0,0,0,0,0
0.122974,-0.079675,-0.046038,0.024888,0.013244,0.0219,0,0,0,0,0
0.1229759999999999,-0.079028,-0.052186,0.027152,0.01389,0.022547,0,0,0,0,0
0.1229779999999999,-0.078704,-0.058657,0.028769,0.014214,0.023841,0,0,0,0,0
0.1229799999999999,-0.079028,-0.064806,0.03071,0.016154,0.02643,0,0,0,0,0
0.122982,-0.079999,-0.070954,0.032327,0.017124,0.029019,0,0,0,0,0
0.122984,-0.079999,-0.075808,0.033298,0.018418,0.031608,0,0,0,0,0
0.122986,-0.079999,-0.078073,0.034268,0.019065,0.034197,0,0,0,0,0
0.122988,-0.079351,-0.080014,0.034915,0.020035,0.035815,0,0,0,0,0
0.1229899999999999,-0.077734,-0.082603,0.035885,0.019065,0.03711,0,0,0,0,0
0.1229919999999999,-0.075145,-0.085515,0.037503,0.018741,0.03808,0,0,0,0,0
0.1229939999999999,-0.073204,-0.088427,0.038473,0.018094,0.039375,0,0,0,0,0
0.122996,-0.071263,-0.09231,0.03912,0.017448,0.040993,0,0,0,0,0
0.122998,-0.069969,-0.096193,0.040414,0.016801,0.042935,0,0,0,0,0
0.123,-0.069645,-0.100076,0.041384,0.016477,0.046171,0,0,0,0,0
0.123002,-0.069645,-0.102989,0.041707,0.015831,0.049083,0,0,0,0,0
0.1230039999999999,-0.069645,-0.106872,0.041707,0.016154,0.052967,0,0,0,0,0
0.1230059999999999,-0.070616,-0.10946,0.041707,0.016801,0.056203,0,0,0,0,0
0.1230079999999999,-0.070292,-0.111726,0.041061,0.017124,0.058792,0,0,0,0,0
0.12301,-0.069322,-0.114961,0.040737,0.017124,0.061381,0,0,0,0,0
0.123012,-0.068351,-0.117227,0.03912,0.017771,0.062351,0,0,0,0,0
0.123014,-0.06641,-0.119815,0.038796,0.017771,0.063322,0,0,0,0,0
0.123016,-0.065116,-0.123375,0.038149,0.018418,0.064293,0,0,0,0,0
0.1230179999999999,-0.062851,-0.126934,0.037179,0.018741,0.06494,0,0,0,0,0
0.1230199999999999,-0.061557,-0.131141,0.036532,0.019065,0.066558,0,0,0,0,0
0.1230219999999999,-0.060262,-0.135995,0.035238,0.020035,0.068824,0,0,0,0,0
0.123024,-0.059615,-0.139554,0.034268,0.020682,0.071413,0,0,0,0,0
0.123026,-0.058645,-0.142466,0.032651,0.022298,0.074649,0,0,0,0,0
0.123028,-0.058321,-0.143113,0.031357,0.023915,0.077238,0,0,0,0,0
0.12303,-0.057351,-0.143113,0.03071,0.024886,0.079179,0,0,0,0,0
0.1230319999999999,-0.055409,-0.142143,0.029739,0.026179,0.08015,0,0,0,0,0
0.1230339999999999,-0.053468,-0.140525,0.029416,0.027149,0.08015,0,0,0,0,0
0.1230359999999999,-0.051527,-0.138907,0.030063,0.028766,0.08015,0,0,0,0,0
0.123038,-0.049585,-0.138907,0.030063,0.03006,0.079503,0,0,0,0,0
0.12304,-0.047968,-0.13923,0.030386,0.031353,0.079827,0,0,0,0,0
0.123042,-0.046674,-0.139554,0.030063,0.033294,0.080474,0,0,0,0,0
0.123044,-0.045056,-0.13826,0.029093,0.034587,0.081445,0,0,0,0,0
0.1230459999999999,-0.044409,-0.136318,0.028122,0.035881,0.081445,0,0,0,0,0
0.1230479999999999,-0.043115,-0.132759,0.027475,0.037174,0.080797,0,0,0,0,0
0.1230499999999999,-0.041173,-0.129199,0.026828,0.037821,0.08015,0,0,0,0,0
0.123052,-0.038908,-0.124993,0.026181,0.038468,0.077561,0,0,0,0,0
0.123054,-0.037291,-0.123051,0.025534,0.039115,0.07562,0,0,0,0,0
0.123056,-0.035026,-0.12208,0.025211,0.039762,0.073678,0,0,0,0,0
0.123058,-0.033408,-0.12208,0.025211,0.041055,0.072383,0,0,0,0,0
0.1230599999999999,-0.032438,-0.121757,0.025211,0.041055,0.071413,0,0,0,0,0
0.1230619999999999,-0.031791,-0.12111,0.024888,0.042349,0.070765,0,0,0,0,0
0.1230639999999999,-0.031143,-0.121757,0.024888,0.043319,0.070442,0,0,0,0,0
0.123066,-0.031143,-0.120139,0.024564,0.044936,0.070118,0,0,0,0,0
0.123068,-0.03082,-0.119815,0.024888,0.046229,0.069147,0,0,0,0,0
0.12307,-0.030173,-0.118844,0.025211,0.047523,0.068177,0,0,0,0,0
0.123072,-0.029849,-0.117874,0.024888,0.048816,0.067206,0,0,0,0,0
0.1230739999999999,-0.029526,-0.116903,0.024241,0.050433,0.065911,0,0,0,0,0
0.1230759999999999,-0.029526,-0.114961,0.023917,0.051727,0.064617,0,0,0,0,0
0.1230779999999999,-0.028879,-0.115285,0.024241,0.052697,0.062999,0,0,0,0,0
0.12308,-0.029526,-0.115285,0.024888,0.053991,0.061704,0,0,0,0,0
0.123082,-0.030496,-0.115609,0.025211,0.055931,0.061057,0,0,0,0,0
0.123084,-0.032114,-0.115285,0.026181,0.057871,0.060733,0,0,0,0,0
0.123086,-0.033408,-0.113991,0.027152,0.059812,0.060733,0,0,0,0,0
0.1230879999999999,-0.03535,-0.112373,0.028122,0.062399,0.06041,0,0,0,0,0
0.1230899999999999,-0.03632,-0.107519,0.029093,0.064016,0.059439,0,0,0,0,0
0.123092,-0.036967,-0.102989,0.029739,0.065633,0.058144,0,0,0,0,0
0.123094,-0.03632,-0.099106,0.029739,0.066279,0.055556,0,0,0,0,0
0.123096,-0.035997,-0.096193,0.03071,0.067573,0.052967,0,0,0,0,0
0.123098,-0.03535,-0.094576,0.031033,0.06822,0.050701,0,0,0,0,0
0.1231,-0.035673,-0.094899,0.032004,0.06919,0.048436,0,0,0,0,0
0.1231019999999999,-0.03632,-0.096841,0.033298,0.07113,0.047142,0,0,0,0,0
0.1231039999999999,-0.038261,-0.098782,0.034591,0.072424,0.047142,0,0,0,0,0
0.123106,-0.039879,-0.099429,0.035562,0.073717,0.046818,0,0,0,0,0
0.123108,-0.041173,-0.099753,0.036532,0.074688,0.046818,0,0,0,0,0
0.12311,-0.042467,-0.098782,0.037179,0.075981,0.0452,0,0,0,0,0
0.123112,-0.042791,-0.097811,0.037179,0.076305,0.044229,0,0,0,0,0
0.123114,-0.043115,-0.096841,0.037503,0.076628,0.042611,0,0,0,0,0
0.1231159999999999,-0.042144,-0.096841,0.037503,0.075981,0.040669,0,0,0,0,0
0.1231179999999999,-0.042144,-0.098782,0.037503,0.075981,0.039051,0,0,0,0,0
0.12312,-0.042144,-0.101047,0.037179,0.076305,0.038728,0,0,0,0,0
0.123122,-0.042467,-0.104283,0.036856,0.075981,0.038404,0,0,0,0,0
0.123124,-0.042791,-0.106225,0.036532,0.076305,0.039051,0,0,0,0,0
0.123126,-0.043115,-0.107519,0.035238,0.075658,0.039375,0,0,0,0,0
0.123128,-0.042467,-0.105901,0.033944,0.075011,0.039698,0,0,0,0,0
0.1231299999999999,-0.041497,-0.104607,0.032327,0.074041,0.039051,0,0,0,0,0
0.1231319999999999,-0.039556,-0.102665,0.03071,0.073394,0.037433,0,0,0,0,0
0.123134,-0.037938,-0.100076,0.028769,0.071777,0.035168,0,0,0,0,0
0.123136,-0.035026,-0.098459,0.028122,0.069513,0.032579,0,0,0,0,0
0.123138,-0.032114,-0.097488,0.026505,0.067573,0.030314,0,0,0,0,0
0.12314,-0.030173,-0.096193,0.025858,0.065309,0.028372,0,0,0,0,0
0.1231419999999999,-0.028555,-0.097164,0.025211,0.063369,0.02643,0,0,0,0,0
0.1231439999999999,-0.027261,-0.096841,0.024888,0.061429,0.025459,0,0,0,0,0
0.1231459999999999,-0.025967,-0.096193,0.024888,0.059488,0.025136,0,0,0,0,0
0.123148,-0.02532,-0.096193,0.024888,0.058518,0.023841,0,0,0,0,0
0.12315,-0.024025,-0.095223,0.025211,0.056254,0.023194,0,0,0,0,0
0.123152,-0.022731,-0.093605,0.025858,0.054314,0.021576,0,0,0,0,0
0.123154,-0.019819,-0.090369,0.026181,0.051727,0.019958,0,0,0,0,0
0.1231559999999999,-0.017555,-0.088104,0.026181,0.049463,0.018016,0,0,0,0,0
0.1231579999999999,-0.013996,-0.086809,0.027152,0.046876,0.015104,0,0,0,0,0
0.1231599999999999,-0.011084,-0.085839,0.027475,0.044612,0.012191,0,0,0,0,0
0.123162,-0.008495,-0.085192,0.028122,0.041702,0.01025,0,0,0,0,0
0.123164,-0.006554,-0.085839,0.027475,0.039115,0.008632,0,0,0,0,0
0.123166,-0.004936,-0.085839,0.026828,0.037174,0.008308,0,0,0,0,0
0.123168,-0.004289,-0.085192,0.025534,0.035234,0.008955,0,0,0,0,0
0.1231699999999999,-0.003319,-0.082926,0.023917,0.03394,0.008955,0,0,0,0,0
0.1231719999999999,-0.002672,-0.080014,0.021976,0.032324,0.008632,0,0,0,0,0
0.1231739999999999,-0.001377,-0.077102,0.019712,0.030707,0.007984,0,0,0,0,0
0.123176,0.00024,-0.074837,0.017125,0.029413,0.005719,0,0,0,0,0
0.123178,0.001858,-0.073542,0.014537,0.027796,0.003454,0,0,0,0,0
0.12318,0.002829,-0.07419,0.011626,0.026179,0.001188,0,0,0,0,0
0.123182,0.003476,-0.075808,0.008715,0.024562,-0.00043,0,0,0,0,0
0.1231839999999999,0.003476,-0.078073,0.00548,0.023592,-0.001401,0,0,0,0,0
0.1231859999999999,0.003152,-0.079367,0.001598,0.022622,-0.001724,0,0,0,0,0
0.1231879999999999,0.002182,-0.080661,-0.002283,0.021652,-0.003019,0,0,0,0,0
0.12319,0.001858,-0.081956,-0.006488,0.020682,-0.004637,0,0,0,0,0
0.123192,0.001535,-0.082603,-0.011016,0.019711,-0.006902,0,0,0,0,0
0.123194,0.001858,-0.082603,-0.015545,0.019388,-0.009491,0,0,0,0,0
0.123196,0.002505,-0.082603,-0.01975,0.018418,-0.013051,0,0,0,0,0
0.1231979999999999,0.003152,-0.08325,-0.023955,0.018094,-0.01564,0,0,0,0,0
0.1231999999999999,0.003476,-0.083897,-0.02913,0.017771,-0.019199,0,0,0,0,0
0.1232019999999999,0.004446,-0.083897,-0.033982,0.017448,-0.021788,0,0,0,0,0
0.123204,0.004446,-0.084544,-0.039804,0.017771,-0.024053,0,0,0,0,0
0.123206,0.004123,-0.085839,-0.04498,0.018418,-0.025995,0,0,0,0,0
0.123208,0.003799,-0.087457,-0.049508,0.019388,-0.02729,0,0,0,0,0
0.12321,0.003476,-0.088751,-0.054684,0.021652,-0.02826,0,0,0,0,0
0.1232119999999999,0.002829,-0.090045,-0.060182,0.024239,-0.028584,0,0,0,0,0
0.1232139999999999,0.002505,-0.091016,-0.065358,0.027473,-0.029231,0,0,0,0,0
0.1232159999999999,0.003152,-0.09134,-0.069886,0.03006,-0.029555,0,0,0,0,0
0.123218,0.003152,-0.092634,-0.076032,0.03394,-0.029231,0,0,0,0,0
0.12322,0.003476,-0.094576,-0.081531,0.037821,-0.029231,0,0,0,0,0
0.123222,0.003476,-0.098135,-0.08703,0.042025,-0.028584,0,0,0,0,0
0.123224,0.002505,-0.101694,-0.092205,0.046229,-0.026642,0,0,0,0,0
0.1232259999999999,0.001211,-0.105254,-0.097704,0.051404,-0.024377,0,0,0,0,0
0.1232279999999999,-0.001054,-0.107843,-0.102556,0.056901,-0.021141,0,0,0,0,0
0.1232299999999999,-0.002348,-0.109137,-0.107731,0.063046,-0.017905,0,0,0,0,0
0.123232,-0.003642,-0.109137,-0.112906,0.06919,-0.015316,0,0,0,0,0
0.123234,-0.002995,-0.107195,-0.118729,0.075334,-0.013698,0,0,0,0,0
0.123236,-0.002348,-0.104607,-0.124227,0.081155,-0.013698,0,0,0,0,0
0.123238,-0.000407,-0.103636,-0.13005,0.0873,-0.013698,0,0,0,0,0
0.1232399999999999,0.001858,-0.102989,-0.134578,0.093444,-0.014669,0,0,0,0,0
0.1232419999999999,0.003476,-0.103636,-0.139107,0.100235,-0.014669,0,0,0,1,0
0.1232439999999999,0.00477,-0.104607,-0.143635,0.107027,-0.014345,0,0,0,1,0
0.123246,0.00477,-0.105901,-0.147517,0.115111,-0.012403,0,0,0,1,0
0.123248,0.004123,-0.106548,-0.151722,0.123196,-0.010138,0,0,0,1,0
0.12325,0.004123,-0.105577,-0.155603,0.131604,-0.00852,0,0,0,1,0
0.123252,0.004123,-0.10396,-0.159161,0.139042,-0.006578,0,0,0,1,0
0.1232539999999999,0.00477,-0.101047,-0.161749,0.14648,-0.00496,0,0,0,1,0
0.1232559999999999,0.006064,-0.098135,-0.164337,0.153595,-0.005284,0,0,0,1,0
0.1232579999999999,0.007682,-0.095546,-0.165954,0.159739,-0.005284,0,0,0,1,0
0.12326,0.0093,-0.095546,-0.166924,0.165884,-0.00496,0,0,0,1,0
0.123262,0.010594,-0.095223,-0.168218,0.171705,-0.003989,0,0,0,1,0
0.123264,0.011241,-0.094576,-0.168865,0.177526,-0.003019,0,0,0,1,0
0.123266,0.010594,-0.093281,-0.169188,0.1827,-0.001401,0,0,0,1,0
0.1232679999999999,0.010594,-0.093605,-0.170159,0.187551,0.000541,0,0,0,1,0
0.1232699999999999,0.009623,-0.091663,-0.171129,0.191755,0.00313,0,0,0,1,0
0.1232719999999999,0.009623,-0.08778,-0.171776,0.194989,0.004748,0,0,0,1,0
0.123274,0.010594,-0.084544,-0.172746,0.196929,0.005395,0,0,0,1,0
0.123276,0.011888,-0.080338,-0.174364,0.198546,0.005072,0,0,0,1,0
0.123278,0.013506,-0.076778,-0.175011,0.198869,0.004425,0,0,0,1,0
0.12328,0.01577,-0.072572,-0.175981,0.198869,0.003777,0,0,0,1,0
0.1232819999999999,0.017388,-0.069012,-0.177275,0.198546,0.00313,0,0,0,1,0
0.1232839999999999,0.019329,-0.066747,-0.177922,0.198223,0.002806,0,0,0,1,0
0.1232859999999999,0.019653,-0.064158,-0.178569,0.197899,0.00313,0,0,0,1,0
0.123288,0.019977,-0.062541,-0.178892,0.197252,0.003454,0,0,0,1,0
0.12329,0.018682,-0.061246,-0.179863,0.196606,0.005395,0,0,0,1,0
0.123292,0.017712,-0.059305,-0.18051,0.195635,0.00669,0,0,0,1,0
0.123294,0.017065,-0.056069,-0.180833,0.193372,0.008632,0,0,0,1,0
0.1232959999999999,0.017065,-0.051215,-0.18148,0.190461,0.009279,0,0,0,1,0
0.1232979999999999,0.017388,-0.046038,-0.181156,0.187227,0.009602,0,0,0,1,0
0.1232999999999999,0.017712,-0.041831,-0.18051,0.183023,0.008955,0,0,0,1,0
0.123302,0.018682,-0.036977,-0.18051,0.178172,0.008632,0,0,0,1,0
0.123304,0.019006,-0.034065,-0.180186,0.174292,0.007337,0,0,0,1,0
0.123306,0.018359,-0.032123,-0.179863,0.169118,0.007337,0,0,0,1,0
0.123308,0.017065,-0.029858,-0.180186,0.164913,0.008632,0,0,0,1,0
0.1233099999999999,0.015447,-0.02727,-0.180186,0.160063,0.01025,0,0,0,1,0
0.1233119999999999,0.013506,-0.024357,-0.180186,0.155212,0.012191,0,0,0,1,0
0.123314,0.011888,-0.021445,-0.180186,0.149714,0.014457,0,0,0,1,0
0.123316,0.010917,-0.017886,-0.18051,0.144863,0.016722,0,0,0,1,0
0.123318,0.01027,-0.014003,-0.18051,0.138719,0.018664,0,0,0,1,0
0.12332,0.01027,-0.010767,-0.179863,0.132898,0.020929,0,0,0,1,0
0.123322,0.01027,-0.008178,-0.179863,0.1274,0.024165,0,0,0,1,0
0.1233239999999999,0.010594,-0.006237,-0.179539,0.122549,0.028372,0,0,0,1,0
0.1233259999999999,0.01027,-0.004619,-0.179216,0.117375,0.03355,0,0,0,1,0
0.123328,0.009947,-0.002354,-0.179216,0.112201,0.039698,0,0,0,1,0
0.12333,0.009623,-0.001059,-0.179863,0.10735,0.046171,0,0,0,1,0
0.123332,0.0093,0.002177,-0.179539,0.102823,0.053614,0,0,0,1,0
0.123334,0.008652,0.006383,-0.179863,0.097648,0.060733,0,0,0,0,0
0.123336,0.008652,0.010266,-0.180833,0.092797,0.068177,0,0,0,0,0
0.1233379999999999,0.008652,0.014149,-0.180833,0.0873,0.075943,0,0,0,0,0
0.1233399999999999,0.0093,0.01868,-0.180833,0.081802,0.083386,0,0,0,0,0
0.123342,0.01027,0.021915,-0.18148,0.076628,0.091153,0,0,0,0,0
0.123344,0.011564,0.023533,-0.18148,0.07113,0.09892,0,0,0,0,0
0.123346,0.012211,0.023533,-0.181156,0.065633,0.10701,0,0,0,0,1
0.123348,0.012859,0.02321,-0.180833,0.061429,0.116071,0,0,0,0,1
0.12335,0.012859,0.022239,-0.18051,0.055931,0.124809,0,0,0,0,1
0.1233519999999999,0.011888,0.020297,-0.178892,0.052374,0.134841,0,0,0,0,1
0.1233539999999999,0.011241,0.01965,-0.177922,0.047846,0.144873,0,0,0,0,1
0.123356,0.010594,0.019974,-0.176628,0.044289,0.154581,0,0,0,0,1
0.123358,0.011241,0.020621,-0.174364,0.040732,0.163643,0,0,0,0,1
0.12336,0.011888,0.020297,-0.172423,0.037498,0.17238,0,0,0,0,1
0.123362,0.013182,0.019327,-0.170482,0.03394,0.181118,0,0,0,0,1
0.1233639999999999,0.014476,0.018032,-0.168218,0.030383,0.190179,0,0,0,0,1
0.1233659999999999,0.015447,0.01512,-0.166924,0.027796,0.19924,0,0,0,0,1
0.1233679999999999,0.01577,0.011884,-0.164983,0.025856,0.209596,0,0,0,0,1
0.12337,0.01577,0.009619,-0.163043,0.023592,0.219951,0,0,0,0,1
0.123372,0.01577,0.008001,-0.161425,0.021975,0.230631,0,0,0,0,1
0.123374,0.01577,0.008325,-0.160132,0.020358,0.24131,0,0,0,0,1
0.123376,0.016418,0.009619,-0.158514,0.018094,0.251018,0,0,0,0,1
0.1233779999999999,0.017712,0.011884,-0.157544,0.015507,0.259756,0,0,0,0,1
0.1233799999999999,0.019977,0.014149,-0.155603,0.01292,0.266876,0,0,0,0,1
0.1233819999999999,0.022565,0.014797,-0.154633,0.01001,0.273671,0,0,0,0,1
0.123384,0.024506,0.014473,-0.153339,0.007099,0.280144,0,0,0,0,1
0.123386,0.026447,0.013179,-0.152369,0.004835,0.286292,0,0,0,0,1
0.123388,0.027094,0.01059,-0.150751,0.002895,0.292765,0,0,0,0,1
0.12339,0.027418,0.008648,-0.149134,0.001925,0.29859,0,0,0,0,1
0.1233919999999999,0.026771,0.008001,-0.14687,0.000955,0.303767,0,0,0,0,1
0.1233939999999999,0.026124,0.007678,-0.145252,-1.5452e-05,0.307327,0,0,0,0,1
0.1233959999999999,0.0258,0.008972,-0.143959,-0.001309,0.309269,0,0,0,0,1
0.123398,0.0258,0.009943,-0.141047,-0.002279,0.308945,0,0,0,0,1
0.1234,0.027094,0.011561,-0.138783,-0.00422,0.306356,0,0,0,0,1
0.123402,0.027742,0.011561,-0.136196,-0.00616,0.30312,0,0,0,0,1
0.123404,0.029359,0.009943,-0.133284,-0.008424,0.297619,0,0,0,0,1
0.1234059999999999,0.030653,0.007354,-0.129726,-0.010364,0.292765,0,0,0,0,1
0.1234079999999999,0.031301,0.003147,-0.125521,-0.011657,0.287263,0,0,0,0,1
0.1234099999999999,0.031301,-0.001059,-0.121963,-0.013274,0.281115,0,0,0,0,1
0.123412,0.030653,-0.004295,-0.118405,-0.013921,0.275937,0,0,0,0,1
0.123414,0.029359,-0.008178,-0.1142,-0.015538,0.269788,0,0,0,0,1
0.123416,0.028389,-0.010443,-0.110642,-0.017155,0.263316,0,0,0,0,1
0.123418,0.027742,-0.01109,-0.107731,-0.019095,0.256843,0,0,0,0,1
0.1234199999999999,0.026771,-0.010443,-0.10482,-0.021359,0.2494,0,0,0,0,1
0.1234219999999999,0.027094,-0.01012,-0.101585,-0.02427,0.240986,0,0,0,0,1
0.1234239999999999,0.027418,-0.01109,-0.098998,-0.02718,0.23322,0,0,0,0,1
0.123426,0.027418,-0.011738,-0.095763,-0.029767,0.224482,0,0,0,0,1
0.123428,0.027418,-0.013355,-0.093175,-0.033001,0.216392,0,0,0,0,1
0.12343,0.027094,-0.016268,-0.090588,-0.036235,0.209272,0,0,0,0,1
0.123432,0.026447,-0.018209,-0.088323,-0.038822,0.2028,0,0,0,0,1
0.1234339999999999,0.0258,-0.020798,-0.08703,-0.041409,0.195357,0,0,0,0,1
0.1234359999999999,0.02483,-0.022092,-0.084442,-0.043996,0.188561,0,0,0,0,1
0.1234379999999999,0.02483,-0.022739,-0.082501,-0.04626,0.181118,0,0,0,0,1
0.12344,0.025153,-0.023063,-0.08056,-0.048847,0.17238,0,0,0,0,1
0.123442,0.0258,-0.02371,-0.078296,-0.050788,0.163319,0,0,0,0,1
0.123444,0.026447,-0.025328,-0.076355,-0.053375,0.153934,0,0,0,0,1
0.123446,0.027418,-0.027917,-0.074091,-0.055315,0.145844,0,0,0,0,1
0.1234479999999999,0.028065,-0.030829,-0.07215,-0.057255,0.137106,0,0,0,0,1
0.1234499999999999,0.029036,-0.032771,-0.069886,-0.058549,0.129663,0,0,0,0,1
0.1234519999999999,0.028712,-0.034389,-0.067945,-0.060489,0.121896,0,0,0,0,1
0.123454,0.029036,-0.036006,-0.065681,-0.062106,0.114453,0,0,0,0,1
0.123456,0.029359,-0.036977,-0.063094,-0.063723,0.10701,0,0,0,0,1
0.123458,0.030006,-0.036006,-0.061153,-0.065017,0.099567,0,0,0,0,0
0.12346,0.03033,-0.034389,-0.058565,-0.066957,0.091153,0,0,0,0,0
0.1234619999999999,0.031301,-0.032447,-0.056624,-0.067604,0.083063,0,0,0,0,0
0.1234639999999999,0.032271,-0.030182,-0.054684,-0.069221,0.074972,0,0,0,0,0
0.1234659999999999,0.033565,-0.026946,-0.052743,-0.070838,0.067206,0,0,0,0,0
0.123468,0.03486,-0.023387,-0.050155,-0.073102,0.060086,0,0,0,0,0
0.12347,0.03583,-0.021445,-0.047891,-0.074072,0.053937,0,0,0,0,0
0.123472,0.03583,-0.020151,-0.04595,-0.075689,0.047789,0,0,0,0,0
0.123474,0.036154,-0.018209,-0.044009,-0.076982,0.042935,0,0,0,0,0
0.1234759999999999,0.035183,-0.016915,-0.042069,-0.076982,0.039051,0,0,0,0,0
0.1234779999999999,0.03486,-0.015621,-0.040128,-0.077952,0.034844,0,0,0,0,0
0.1234799999999999,0.034212,-0.012061,-0.038187,-0.077952,0.030961,0,0,0,0,0
0.123482,0.034212,-0.009149,-0.036246,-0.077306,0.02643,0,0,0,0,0
0.123484,0.035183,-0.005266,-0.034953,-0.077952,0.021576,0,0,0,0,0
0.123486,0.036154,-0.003648,-0.033012,-0.077952,0.017045,0,0,0,0,0
0.123488,0.037448,-0.001706,-0.031718,-0.078599,0.012515,0,0,0,0,0
0.1234899999999999,0.038419,0.000235,-0.031071,-0.079246,0.008955,0,0,0,0,0
0.1234919999999999,0.040036,0.000235,-0.029454,-0.079246,0.005719,0,0,0,0,0
0.1234939999999999,0.040683,0.001853,-0.028483,-0.079246,0.00313,0,0,0,0,0
0.123496,0.040036,0.003795,-0.027189,-0.079246,0.000865,0,0,0,0,0
0.123498,0.039713,0.007354,-0.026219,-0.079246,-0.001724,0,0,0,0,0
0.1235,0.039713,0.011884,-0.025249,-0.078923,-0.004637,0,0,0,0,0
0.123502,0.040036,0.015767,-0.023955,-0.079893,-0.007873,0,0,0,0,0
0.1235039999999999,0.041007,0.020945,-0.022661,-0.080216,-0.010785,0,0,0,0,0
0.1235059999999999,0.04133,0.024181,-0.021367,-0.081833,-0.013698,0,0,0,0,0
0.1235079999999999,0.041654,0.025798,-0.020073,-0.083127,-0.016287,0,0,0,0,0
0.12351,0.041007,0.026769,-0.018456,-0.084744,-0.018876,0,0,0,0,0
0.123512,0.039389,0.025798,-0.016515,-0.08539,-0.020817,0,0,0,0,0
0.123514,0.037448,0.025475,-0.015545,-0.086684,-0.022435,0,0,0,0,0
0.123516,0.035507,0.024828,-0.014251,-0.087654,-0.02373,0,0,0,0,0
0.1235179999999999,0.033565,0.025475,-0.012634,-0.088948,-0.025024,0,0,0,0,0
0.1235199999999999,0.032271,0.026769,-0.01134,-0.089918,-0.027613,0,0,0,0,0
0.1235219999999999,0.032595,0.028711,-0.010046,-0.091535,-0.030202,0,0,0,0,0
0.123524,0.032918,0.029034,-0.008752,-0.092828,-0.034086,0,0,0,0,0
0.123526,0.033889,0.028711,-0.007458,-0.094769,-0.037969,0,0,0,0,0
0.123528,0.03486,0.028711,-0.006165,-0.095739,-0.041529,0,0,0,0,0
0.12353,0.035507,0.029358,-0.005194,-0.096709,-0.044441,0,0,0,0,0
0.1235319999999999,0.035183,0.02774,-0.0039,-0.097032,-0.047354,0,0,0,0,0
0.1235339999999999,0.03486,0.026446,-0.002607,-0.096386,-0.048648,0,0,0,0,0
0.1235359999999999,0.034536,0.025151,-0.00196,-0.096386,-0.050266,0,0,0,0,0
0.123538,0.033565,0.024828,-0.000342,-0.096062,-0.051237,0,0,0,0,0
0.12354,0.033242,0.025151,0.000952,-0.096386,-0.052532,0,0,0,0,0
0.123542,0.033242,0.027093,0.002245,-0.097679,-0.054797,0,0,0,0,0
0.123544,0.033889,0.029034,0.003216,-0.098649,-0.058033,0,0,0,0,0
0.1235459999999999,0.035183,0.030329,0.005803,-0.10059,-0.061593,0,0,0,0,0
0.1235479999999999,0.036154,0.030652,0.008068,-0.10253,-0.0658,0,0,0,0,0
0.12355,0.037448,0.030329,0.010655,-0.1035,-0.069683,0,0,0,0,0
0.123552,0.037771,0.028387,0.01389,-0.10447,-0.072919,0,0,0,0,0
0.123554,0.037448,0.025151,0.016154,-0.104794,-0.074537,0,0,0,0,0
0.123556,0.037124,0.021268,0.019065,-0.104794,-0.074861,0,0,0,0,0
0.123558,0.035507,0.019327,0.021653,-0.10447,-0.075508,0,0,0,0,0
0.1235599999999999,0.034212,0.01868,0.024564,-0.1035,-0.075508,0,0,0,0,0
0.1235619999999999,0.032918,0.01868,0.027152,-0.1035,-0.075832,0,0,0,0,0
0.123564,0.032271,0.020945,0.030063,-0.103177,-0.077126,0,0,0,0,0
0.123566,0.031624,0.024504,0.033298,-0.103177,-0.079715,0,0,0,0,0
0.123568,0.031624,0.027093,0.036856,-0.102207,-0.082304,0,0,0,0,0
0.12357,0.031948,0.029681,0.04009,-0.101237,-0.084893,0,0,0,0,0
0.123572,0.031624,0.031623,0.043325,-0.100266,-0.086511,0,0,0,0,0
0.1235739999999999,0.031301,0.034212,0.046559,-0.098649,-0.087482,0,0,0,0,0
0.1235759999999999,0.031301,0.036477,0.049794,-0.096709,-0.088453,0,0,0,0,0
0.123578,0.030977,0.039389,0.052382,-0.095092,-0.088776,0,0,0,0,0
0.12358,0.030977,0.043919,0.054969,-0.093475,-0.089424,0,0,0,0,0
0.123582,0.031624,0.049097,0.057234,-0.092182,-0.089747,0,0,0,0,0
0.123584,0.032271,0.053303,0.059498,-0.090565,-0.090718,0,0,0,0,0
0.1235859999999999,0.033242,0.058157,0.061762,-0.089271,-0.092012,0,0,0,0,0
0.1235879999999999,0.034212,0.062364,0.064026,-0.087978,-0.093307,0,0,0,0,0
0.1235899999999999,0.03486,0.064952,0.065644,-0.086361,-0.094278,0,0,0,0,0
0.123592,0.035507,0.067217,0.067261,-0.085067,-0.094601,0,0,0,0,0
0.123594,0.03583,0.067865,0.068878,-0.08345,-0.095249,0,0,0,0,0
0.123596,0.03583,0.068188,0.070819,-0.08151,-0.096219,0,0,0,0,0
0.123598,0.036154,0.067217,0.07276,-0.078923,-0.095896,0,0,0,0,0
0.1235999999999999,0.035507,0.066894,0.074377,-0.075689,-0.096219,0,0,0,0,0
0.1236019999999999,0.03583,0.068188,0.075994,-0.072778,-0.096219,0,0,0,0,0
0.1236039999999999,0.036154,0.07013,0.077612,-0.069221,-0.097837,0,0,0,0,0
0.123606,0.036801,0.072395,0.079552,-0.065664,-0.099456,0,0,0,0,0
0.123608,0.038095,0.07466,0.080846,-0.06243,-0.101721,0,0,0,0,0
0.12361,0.039713,0.076601,0.08214,-0.058226,-0.103663,0,0,0,0,0
0.123612,0.04133,0.078219,0.083434,-0.054992,-0.105604,0,0,0,0,0
0.1236139999999999,0.041978,0.077572,0.084404,-0.051434,-0.106899,0,0,0,0,0
0.1236159999999999,0.041654,0.076601,0.085698,-0.047554,-0.106575,0,0,0,0,0
0.1236179999999999,0.041654,0.075307,0.086345,-0.043673,-0.105928,0,0,0,0,0
0.12362,0.041978,0.075307,0.086992,-0.040116,-0.104957,0,0,0,0,0
0.123622,0.041654,0.075631,0.087962,-0.036559,-0.103986,0,0,0,0,0
0.123624,0.04133,0.076278,0.088609,-0.033001,-0.103339,0,0,0,0,0
0.123626,0.042301,0.076925,0.089256,-0.030738,-0.103986,0,0,0,0,0
0.1236279999999999,0.043272,0.077896,0.089903,-0.028474,-0.10431,0,0,0,0,0
0.1236299999999999,0.045213,0.077249,0.09055,-0.026533,-0.105604,0,0,0,0,0
0.1236319999999999,0.047154,0.076278,0.091197,-0.025563,-0.105604,0,0,0,0,0
0.123634,0.048772,0.075307,0.092167,-0.023623,-0.105281,0,0,0,0,0
0.123636,0.050066,0.074013,0.093138,-0.0233,-0.104633,0,0,0,0,0
0.123638,0.050713,0.072071,0.094431,-0.021683,-0.103015,0,0,0,0,0
0.12364,0.051037,0.07013,0.096049,-0.020066,-0.101397,0,0,0,0,0
0.1236419999999999,0.051037,0.068512,0.097666,-0.018449,-0.099456,0,0,0,0,0
0.1236439999999999,0.05136,0.065923,0.098636,-0.016832,-0.097837,0,0,0,0,0
0.1236459999999999,0.052331,0.063011,0.100254,-0.015215,-0.096867,0,0,1,0,0
0.123648,0.053625,0.061393,0.101224,-0.013921,-0.095249,0,0,1,0,0
0.12365,0.055243,0.058804,0.102195,-0.013274,-0.094278,0,0,1,0,0
0.123652,0.056537,0.055892,0.102841,-0.012951,-0.09363,0,0,1,0,0
0.123654,0.057184,0.051685,0.103812,-0.012304,-0.092336,0,0,1,0,0
0.1236559999999999,0.057508,0.048449,0.104782,-0.011334,-0.091042,0,0,1,0,0
0.1236579999999999,0.056861,0.044243,0.106076,-0.010041,-0.089424,0,0,1,0,0
0.1236599999999999,0.05589,0.040683,0.10737,-0.00907,-0.087482,0,0,1,0,0
0.123662,0.054919,0.038418,0.108017,-0.0081,-0.086511,0,0,1,0,0
0.123664,0.053949,0.037448,0.109634,-0.007777,-0.085864,0,0,1,0,0
0.123666,0.053302,0.037124,0.110604,-0.007453,-0.086187,0,0,1,0,0
0.123668,0.053302,0.0368,0.112869,-0.007453,-0.087482,0,0,1,0,0
0.1236699999999999,0.052654,0.03583,0.115133,-0.0081,-0.089424,0,0,1,0,0
0.1236719999999999,0.052331,0.034859,0.117074,-0.007453,-0.091365,0,0,1,0,0
0.1236739999999999,0.05136,0.032917,0.119661,-0.007453,-0.092012,0,0,1,0,0
0.123676,0.049095,0.030652,0.122249,-0.006807,-0.092012,0,0,1,0,0
0.123678,0.046831,0.029681,0.124513,-0.005836,-0.091689,0,0,1,0,0
0.12368,0.044566,0.02774,0.126131,-0.004543,-0.090071,0,0,1,0,0
0.123682,0.041978,0.02774,0.128071,-0.002926,-0.0891,0,0,1,0,0
0.1236839999999999,0.039713,0.028711,0.129365,-0.001632,-0.088453,0,0,1,0,0
0.1236859999999999,0.037771,0.030329,0.131306,-0.000662,-0.089424,0,0,1,0,0
0.1236879999999999,0.036801,0.03227,0.132276,-1.5452e-05,-0.090718,0,0,1,0,0
0.12369,0.03583,0.032917,0.13357,0.000631,-0.092983,0,0,1,0,0
0.123692,0.034536,0.034212,0.134864,0.000631,-0.094278,0,0,1,0,0
0.123694,0.033242,0.033888,0.135511,0.001278,-0.095896,0,0,1,0,0
0.123696,0.030977,0.032917,0.135511,0.001278,-0.096543,0,0,1,0,0
0.1236979999999999,0.029683,0.031947,0.135187,0.001601,-0.096543,0,0,1,0,0
0.1236999999999999,0.027418,0.031299,0.134217,0.002248,-0.096219,0,0,1,0,0
0.1237019999999999,0.025153,0.031947,0.133247,0.002572,-0.095896,0,0,1,0,0
0.123704,0.023859,0.034212,0.131629,0.003218,-0.096219,0,0,1,0,0
0.123706,0.022241,0.035506,0.129365,0.003865,-0.095896,0,0,1,0,0
0.123708,0.021594,0.037771,0.127424,0.004512,-0.09719,0,0,1,0,0
0.12371,0.020624,0.041007,0.124513,0.004512,-0.098161,0,0,1,0,0
0.1237119999999999,0.019977,0.042949,0.122896,0.004835,-0.099132,0,0,1,0,0
0.1237139999999999,0.018682,0.04489,0.120632,0.005482,-0.10075,0,0,1,0,0
0.1237159999999999,0.017388,0.044243,0.118368,0.006129,-0.101397,0,0,1,0,0
0.123718,0.016094,0.043919,0.11578,0.006776,-0.102044,0,0,1,0,0
0.12372,0.014153,0.043596,0.113516,0.007746,-0.101397,0,0,1,0,0
0.123722,0.012211,0.041978,0.110928,0.009039,-0.101397,0,0,1,0,0
0.123724,0.009947,0.041331,0.10737,0.010333,-0.100426,0,0,1,0,0
0.1237259999999999,0.008329,0.041007,0.104459,0.01195,-0.099779,0,0,1,0,0
0.1237279999999999,0.006711,0.042625,0.102195,0.012597,-0.098808,0,0,1,0,0
0.1237299999999999,0.006064,0.044566,0.099607,0.01292,-0.099132,0,0,0,0,0
0.123732,0.005417,0.045861,0.097666,0.01292,-0.099456,0,0,0,0,0
0.123734,0.005093,0.046508,0.095725,0.012597,-0.099456,0,0,0,0,0
0.123736,0.004123,0.046184,0.094108,0.012273,-0.099132,0,0,0,0,0
0.123738,0.003152,0.04489,0.092814,0.01195,-0.098485,0,0,0,0,0
0.1237399999999999,0.001535,0.043919,0.09152,0.01195,-0.09719,0,0,0,0,0
0.1237419999999999,-0.000407,0.043919,0.089903,0.011627,-0.095249,0,0,0,0,0
0.1237439999999999,-0.002024,0.04489,0.088609,0.011627,-0.09363,0,0,0,0,0
0.123746,-0.002348,0.046832,0.086992,0.01098,-0.093307,0,0,0,0,0
0.123748,-0.002024,0.04942,0.085698,0.01001,-0.09363,0,0,0,0,0
0.12375,-0.000407,0.051685,0.084404,0.008069,-0.094925,0,0,0,0,0
0.123752,0.000887,0.05298,0.082787,0.006129,-0.096543,0,0,0,0,0
0.1237539999999999,0.002182,0.05298,0.081493,0.003865,-0.098161,0,0,0,0,0
0.1237559999999999,0.003152,0.052333,0.079876,0.001925,-0.098808,0,0,0,0,0
0.1237579999999999,0.003799,0.051038,0.078258,0.000308,-0.099456,0,0,0,0,0
0.12376,0.003476,0.04942,0.076965,-0.000662,-0.100103,0,0,0,0,0
0.123762,0.002829,0.047155,0.075671,-0.001309,-0.099456,0,0,0,0,0
0.123764,0.002182,0.045214,0.074053,-0.000986,-0.099132,0,0,0,0,0
0.123766,0.001211,0.045537,0.073407,-0.000339,-0.098485,0,0,0,0,0
0.1237679999999999,0.000564,0.046184,0.071466,-0.000986,-0.099132,0,0,0,0,0
0.1237699999999999,0.00024,0.047155,0.069849,-0.000662,-0.099456,0,0,0,0,0
0.123772,0.00024,0.048126,0.067908,-0.001309,-0.100426,0,0,0,0,0
0.123774,0.000564,0.049744,0.066614,-0.001956,-0.102044,0,0,0,0,0
0.123776,0.000887,0.050067,0.065967,-0.002603,-0.103339,0,0,0,0,0
0.123778,0.000564,0.048773,0.06435,-0.003573,-0.10431,0,0,0,0,0
0.12378,-8.3218e-05,0.048126,0.064026,-0.004543,-0.104957,0,0,0,0,0
0.1237819999999999,-0.000407,0.048126,0.063379,-0.005513,-0.104633,0,0,0,0,0
0.1237839999999999,-0.001701,0.048126,0.062732,-0.00616,-0.104633,0,0,0,0,0
0.123786,-0.003319,0.048773,0.062085,-0.006807,-0.10431,0,0,0,0,0
0.123788,-0.003966,0.050067,0.060792,-0.008424,-0.103986,0,0,0,0,0
0.12379,-0.004613,0.051362,0.059821,-0.009717,-0.10431,0,0,0,0,0
0.123792,-0.004936,0.052009,0.059174,-0.011657,-0.104957,0,0,0,0,0
0.123794,-0.004936,0.052333,0.058527,-0.013598,-0.105604,0,0,0,0,0
0.1237959999999999,-0.004936,0.051362,0.058204,-0.015215,-0.106251,0,0,0,0,0
0.1237979999999999,-0.005907,0.049744,0.058204,-0.016832,-0.106251,0,0,0,0,0
0.1238,-0.006878,0.047155,0.058527,-0.017802,-0.105281,0,0,0,0,0
0.123802,-0.007848,0.04489,0.058851,-0.018772,-0.103986,0,0,0,0,0
0.123804,-0.009142,0.044566,0.059174,-0.019742,-0.101721,0,0,0,0,0
0.123806,-0.010437,0.044566,0.058527,-0.020389,-0.100426,0,0,0,0,0
0.1238079999999999,-0.010437,0.045214,0.05788,-0.022329,-0.099779,0,0,0,0,0
0.1238099999999999,-0.00979,0.047155,0.05788,-0.023623,-0.099456,0,0,0,0,0
0.1238119999999999,-0.009142,0.049097,0.05788,-0.02524,-0.099779,0,0,0,0,0
0.123814,-0.007201,0.050067,0.05788,-0.026533,-0.100426,0,0,0,0,0
0.123816,-0.006878,0.050715,0.059174,-0.027827,-0.100103,0,0,0,0,0
0.123818,-0.006554,0.050391,0.060145,-0.028474,-0.098808,0,0,0,0,0
0.12382,-0.007201,0.049744,0.060792,-0.028474,-0.096543,0,0,0,0,0
0.1238219999999999,-0.008172,0.048773,0.062085,-0.028474,-0.093954,0,0,0,0,0
0.1238239999999999,-0.008819,0.047155,0.063056,-0.02815,-0.089747,0,0,0,0,0
0.1238259999999999,-0.009142,0.047479,0.064673,-0.02815,-0.086187,0,0,0,0,0
0.123828,-0.009466,0.048773,0.065644,-0.027827,-0.083598,0,0,0,0,0
0.12383,-0.009142,0.049744,0.06629,-0.028474,-0.08101,0,0,0,0,0
0.123832,-0.007201,0.050067,0.066937,-0.028797,-0.079715,0,0,0,0,0
0.123834,-0.005583,0.050715,0.067261,-0.029444,-0.078421,0,0,0,0,0
0.1238359999999999,-0.003966,0.051362,0.068231,-0.030091,-0.07745,0,0,0,0,0
0.1238379999999999,-0.002348,0.050715,0.068878,-0.030414,-0.077126,0,0,0,0,0
0.1238399999999999,-0.001377,0.048773,0.068231,-0.030738,-0.075508,0,0,0,0,0
0.123842,-0.00073,0.047479,0.068555,-0.030414,-0.075184,0,0,0,0,0
0.123844,-0.000407,0.046508,0.068231,-0.030738,-0.07389,0,0,0,0,0
0.123846,-0.000407,0.045214,0.067908,-0.030091,-0.072596,0,0,0,0,0
0.123848,-0.001054,0.044566,0.066937,-0.030414,-0.070978,0,0,0,0,0
0.1238499999999999,-0.00073,0.044243,0.066937,-0.030091,-0.069683,0,0,0,0,0
0.1238519999999999,-0.00073,0.044243,0.066614,-0.029444,-0.069359,0,0,0,0,0
0.1238539999999999,-0.000407,0.043919,0.06629,-0.028797,-0.069359,0,0,0,0,0
0.123856,0.00024,0.043596,0.06629,-0.027827,-0.069359,0,0,0,0,0
0.123858,0.000887,0.042949,0.066614,-0.027504,-0.069683,0,0,0,0,0
0.12386,0.001211,0.041331,0.067261,-0.026533,-0.069683,0,0,0,0,0
0.123862,0.001211,0.038418,0.066937,-0.02524,-0.068712,0,0,0,0,0
0.1238639999999999,0.000564,0.035182,0.066937,-0.023623,-0.067094,0,0,0,0,0
0.1238659999999999,-0.000407,0.032594,0.067261,-0.021683,-0.064829,0,0,0,0,0
0.1238679999999999,-0.001377,0.031623,0.066937,-0.019095,-0.061916,0,0,0,0,0
0.12387,-0.002348,0.03227,0.066614,-0.016832,-0.059975,0,0,0,0,0
0.123872,-0.002995,0.033241,0.06629,-0.014245,-0.058357,0,0,0,0,0
0.123874,-0.002672,0.03583,0.06629,-0.012628,-0.057386,0,0,0,0,0
0.123876,-0.002348,0.035506,0.066614,-0.010364,-0.056091,0,0,0,0,0
0.1238779999999999,-0.002995,0.035506,0.066614,-0.008424,-0.054797,0,0,0,0,0
0.1238799999999999,-0.003319,0.034859,0.066937,-0.006807,-0.052532,0,0,0,0,0
0.1238819999999999,-0.004289,0.032917,0.067261,-0.004866,-0.049619,0,0,0,0,0
0.123884,-0.005583,0.030329,0.067261,-0.003249,-0.046383,0,0,0,0,0
0.123886,-0.007525,0.027416,0.067908,-0.001309,-0.042823,0,0,0,0,0
0.123888,-0.008819,0.024504,0.068231,0.000308,-0.040234,0,0,0,0,0
0.12389,-0.010437,0.022886,0.068878,0.001925,-0.037645,0,0,0,0,0
0.1238919999999999,-0.011407,0.019974,0.069202,0.002895,-0.035704,0,0,0,0,0
0.1238939999999999,-0.011731,0.016414,0.068555,0.004512,-0.034409,0,0,0,0,0
0.1238959999999999,-0.012054,0.012855,0.069202,0.005159,-0.033438,0,0,0,0,0
0.123898,-0.012378,0.008325,0.068878,0.006129,-0.033115,0,0,0,0,0
0.1239,-0.013025,0.0025,0.068231,0.006776,-0.032467,0,0,0,0,0
0.123902,-0.013672,-0.004619,0.067908,0.007746,-0.03182,0,0,0,0,0
0.123904,-0.014643,-0.011414,0.066937,0.009039,-0.030202,0,0,0,0,0
0.1239059999999999,-0.015937,-0.017886,0.06629,0.01098,-0.028584,0,0,0,0,0
0.1239079999999999,-0.016908,-0.024034,0.06532,0.01292,-0.026319,0,0,0,0,0
0.1239099999999999,-0.018202,-0.028564,0.063703,0.014214,-0.02373,0,0,0,0,0
0.123912,-0.019172,-0.030829,0.062409,0.015831,-0.020817,0,0,0,0,0
0.123914,-0.019496,-0.031476,0.060468,0.016477,-0.018228,0,0,0,0,0
0.123916,-0.018849,-0.0318,0.058851,0.016801,-0.016287,0,0,0,0,0
0.123918,-0.017878,-0.032123,0.057234,0.016477,-0.014669,0,0,0,0,0
0.1239199999999999,-0.017231,-0.032771,0.05594,0.016801,-0.013051,0,0,0,0,0
0.1239219999999999,-0.016908,-0.034065,0.055293,0.016801,-0.011109,0,0,0,0,0
0.1239239999999999,-0.017231,-0.036654,0.054646,0.017448,-0.008844,0,0,0,0,0
0.123926,-0.017555,-0.037624,0.053999,0.017771,-0.005284,0,0,0,0,0
0.123928,-0.017878,-0.037624,0.053029,0.018418,-0.002371,0,0,0,0,0
0.12393,-0.017555,-0.036006,0.052058,0.019065,-0.000753,0,0,0,0,0
0.123932,-0.015937,-0.032123,0.051411,0.019065,0.000218,0,0,0,0,0
0.1239339999999999,-0.013996,-0.028888,0.050441,0.018741,-0.00043,0,0,0,0,0
0.1239359999999999,-0.01076,-0.025328,0.050764,0.018741,-0.001724,0,0,0,0,0
0.1239379999999999,-0.008172,-0.023387,0.051088,0.018418,-0.003019,0,0,0,0,0
0.12394,-0.006231,-0.021769,0.051411,0.018094,-0.004637,0,0,0,0,0
0.123942,-0.004936,-0.022092,0.052058,0.018094,-0.00496,0,0,0,0,0
0.123944,-0.004289,-0.022416,0.052705,0.019065,-0.005607,0,0,0,0,0
0.123946,-0.003966,-0.022092,0.053029,0.019388,-0.004637,0,0,0,0,0
0.1239479999999999,-0.004613,-0.021445,0.053029,0.020358,-0.004313,0,0,0,0,0
0.1239499999999999,-0.004936,-0.020151,0.053352,0.020682,-0.003342,0,0,0,0,0
0.1239519999999999,-0.004936,-0.018209,0.052705,0.021005,-0.003342,0,0,0,0,0
0.123954,-0.004289,-0.016915,0.052058,0.020358,-0.003342,0,0,0,0,0
0.123956,-0.003319,-0.017238,0.051411,0.019388,-0.003342,0,0,0,0,0
0.123958,-0.002348,-0.018533,0.050764,0.018741,-0.003666,0,0,0,0,0
0.12396,-0.001377,-0.019504,0.049794,0.017771,-0.003342,0,0,0,0,0
0.1239619999999999,-0.00073,-0.022092,0.0485,0.017448,-0.002371,0,0,0,0,0
0.1239639999999999,-0.000407,-0.025005,0.04753,0.017771,-0.000753,0,0,0,0,0
0.1239659999999999,-0.00073,-0.027593,0.046236,0.017771,0.001188,0,0,0,0,0
0.123968,-0.001377,-0.028888,0.044942,0.017771,0.004101,0,0,0,0,0
0.12397,-0.001701,-0.029211,0.043001,0.017771,0.00669,0,0,0,0,0
0.123972,-0.002024,-0.028888,0.041384,0.018418,0.008955,0,0,0,0,0
0.123974,-0.002672,-0.026622,0.04009,0.018418,0.010897,0,0,0,0,0
0.1239759999999999,-0.001377,-0.023387,0.037826,0.018094,0.011868,0,0,0,0,0
0.1239779999999999,-0.000407,-0.019504,0.036209,0.017771,0.011868,0,0,0,0,0
0.1239799999999999,0.001535,-0.016915,0.034268,0.018094,0.011868,0,0,0,0,0
0.123982,0.003799,-0.014973,0.032651,0.017771,0.01122,0,0,0,0,0
0.123984,0.005417,-0.014326,0.03071,0.017771,0.01122,0,0,0,0,0
0.123986,0.007035,-0.015944,0.029416,0.018094,0.012515,0,0,0,0,0
0.123988,0.007682,-0.017886,0.027475,0.018418,0.01478,0,0,0,0,0
0.1239899999999999,0.007682,-0.018533,0.026181,0.018418,0.017369,0,0,0,0,0
0.1239919999999999,0.008329,-0.017886,0.024564,0.018741,0.020282,0,0,0,0,0
0.123994,0.008976,-0.016915,0.02327,0.018094,0.022223,0,0,0,0,0
0.123996,0.009947,-0.016268,0.022623,0.017448,0.023518,0,0,0,0,0
0.123998,0.011564,-0.014973,0.0223,0.016801,0.023841,0,0,0,0,0
0.124,0.013506,-0.015297,0.021976,0.016154,0.023841,0,0,0,0,0
0.124002,0.0148,-0.017562,0.022623,0.015507,0.024165,0,0,0,0,0
0.1240039999999999,0.016094,-0.020798,0.022623,0.014537,0.025136,0,0,0,0,0
0.1240059999999999,0.016418,-0.02371,0.022623,0.01389,0.027078,0,0,0,0,0
0.124008,0.016094,-0.025652,0.022947,0.013244,0.029019,0,0,0,0,0
0.12401,0.01577,-0.025975,0.02327,0.012597,0.030961,0,0,0,0,0
0.124012,0.015123,-0.025005,0.023917,0.012273,0.032579,0,0,0,0,0
0.124014,0.0148,-0.022739,0.024564,0.011627,0.03355,0,0,0,0,0
0.124016,0.015447,-0.021122,0.024888,0.010656,0.033873,0,0,0,0,0
0.1240179999999999,0.016094,-0.020798,0.025534,0.009363,0.034197,0,0,0,0,0
0.1240199999999999,0.016094,-0.020798,0.025858,0.007746,0.034844,0,0,0,0,0
0.124022,0.016094,-0.021769,0.026181,0.006129,0.035168,0,0,0,0,0
0.124024,0.015447,-0.023063,0.026828,0.005159,0.03711,0,0,0,0,0
0.124026,0.014476,-0.024357,0.027152,0.003218,0.038728,0,0,0,0,0
0.124028,0.012535,-0.024681,0.027799,0.001925,0.040993,0,0,0,0,0
0.1240299999999999,0.010594,-0.023387,0.028122,0.001278,0.042611,0,0,0,0,0
0.1240319999999999,0.008005,-0.021445,0.029093,0.000308,0.044553,0,0,0,0,0
0.1240339999999999,0.005093,-0.017886,0.029416,-0.000339,0.045847,0,0,0,0,0
0.124036,0.003476,-0.014003,0.029416,-0.001632,0.047465,0,0,0,0,0
0.124038,0.001858,-0.009472,0.029739,-0.002279,0.048112,0,0,0,0,0
0.12404,0.000564,-0.005589,0.029739,-0.00422,0.047789,0,0,0,0,0
0.124042,-8.3218e-05,-0.004619,0.030063,-0.00519,0.047465,0,0,0,0,0
0.1240439999999999,-0.001054,-0.004295,0.03071,-0.00616,0.047789,0,0,0,0,0
0.1240459999999999,-0.002348,-0.006237,0.031033,-0.006807,0.049083,0,0,0,0,0
0.1240479999999999,-0.004289,-0.007854,0.031033,-0.007453,0.050701,0,0,0,0,0
0.12405,-0.006878,-0.01012,0.03168,-0.007453,0.052319,0,0,0,0,0
0.124052,-0.009466,-0.01012,0.03168,-0.007777,0.054261,0,0,0,0,0
0.124054,-0.011407,-0.009149,0.031357,-0.007777,0.055879,0,0,0,0,0
0.124056,-0.013025,-0.007531,0.031033,-0.008747,0.055556,0,0,0,0,0
0.1240579999999999,-0.013672,-0.006237,0.03071,-0.010041,0.054908,0,0,0,0,0
0.1240599999999999,-0.013996,-0.005589,0.029739,-0.011657,0.05329,0,0,0,0,0
0.1240619999999999,-0.013996,-0.005266,0.028769,-0.013598,0.051672,0,0,0,0,0
0.124064,-0.014643,-0.007531,0.027475,-0.014891,0.050378,0,0,0,0,0
0.124066,-0.015937,-0.010443,0.026505,-0.016185,0.050054,0,0,0,0,0
0.124068,-0.017878,-0.013679,0.025211,-0.017155,0.050378,0,0,0,0,0
0.12407,-0.020143,-0.016915,0.023917,-0.016832,0.050701,0,0,0,0,0
0.1240719999999999,-0.022084,-0.018856,0.0223,-0.017479,0.051025,0,0,0,0,0
0.1240739999999999,-0.023378,-0.01918,0.020036,-0.017479,0.051025,0,0,0,0,0
0.1240759999999999,-0.023378,-0.018856,0.018418,-0.018449,0.049083,0,0,0,0,0
0.124078,-0.022731,-0.018533,0.016154,-0.019095,0.046171,0,0,0,0,0
0.12408,-0.021761,-0.017886,0.013243,-0.020066,0.042935,0,0,0,0,0
0.124082,-0.020466,-0.018856,0.010655,-0.021036,0.039051,0,0,0,0,0
0.124084,-0.019172,-0.020798,0.008715,-0.021036,0.035815,0,0,0,0,0
0.1240859999999999,-0.018525,-0.022092,0.006127,-0.020712,0.033226,0,0,0,0,0
0.1240879999999999,-0.018525,-0.023063,0.003863,-0.020066,0.032579,0,0,0,0,0
0.1240899999999999,-0.019496,-0.024681,0.001598,-0.019095,0.032255,0,0,0,0,0
0.124092,-0.020466,-0.025975,-0.000666,-0.016832,0.032579,0,0,0,0,0
0.124094,-0.021761,-0.026299,-0.00293,-0.015215,0.033226,0,0,0,0,0
0.124096,-0.022408,-0.025005,-0.005194,-0.013598,0.033226,0,0,0,0,0
0.124098,-0.022731,-0.02371,-0.006812,-0.012304,0.03355,0,0,0,0,0
0.1240999999999999,-0.022731,-0.021445,-0.008752,-0.011981,0.03355,0,0,0,0,0
0.1241019999999999,-0.021761,-0.017886,-0.010046,-0.011334,0.033226,0,0,0,0,0
0.1241039999999999,-0.021114,-0.014973,-0.011987,-0.011657,0.032903,0,0,0,0,0
0.124106,-0.020466,-0.013032,-0.013281,-0.011657,0.033226,0,0,0,0,0
0.124108,-0.020143,-0.01109,-0.014575,-0.011657,0.034521,0,0,0,0,0
0.12411,-0.019496,-0.008502,-0.014898,-0.011657,0.036462,0,0,0,0,0
0.124112,-0.019819,-0.006884,-0.015221,-0.011657,0.038404,0,0,0,0,0
0.1241139999999999,-0.019819,-0.004942,-0.015221,-0.010687,0.040346,0,0,0,0,0
0.1241159999999999,-0.020143,-0.002354,-0.015221,-0.011011,0.04164,0,0,0,0,0
0.1241179999999999,-0.020143,0.00153,-0.014898,-0.010687,0.042935,0,0,0,0,0
0.12412,-0.019172,0.004442,-0.014898,-0.010364,0.042935,0,0,0,0,0
0.124122,-0.018202,0.006707,-0.014251,-0.011334,0.041964,0,0,0,0,0
0.124124,-0.016584,0.008001,-0.014251,-0.011657,0.040993,0,0,0,0,0
0.124126,-0.01529,0.008972,-0.013281,-0.011981,0.039698,0,0,0,0,0
0.1241279999999999,-0.014643,0.006383,-0.013604,-0.012304,0.039051,0,0,0,0,0
0.1241299999999999,-0.014643,0.003795,-0.013604,-0.011981,0.039051,0,0,0,0,0
0.1241319999999999,-0.014966,0.0025,-0.012957,-0.011981,0.039375,0,0,0,0,0
0.124134,-0.014966,0.002824,-0.013281,-0.011657,0.039375,0,0,0,0,0
0.124136,-0.015613,0.004765,-0.012634,-0.011334,0.038728,0,0,0,0,0
0.124138,-0.014966,0.007354,-0.012634,-0.011334,0.037757,0,0,0,0,0
0.12414,-0.013672,0.011237,-0.011987,-0.011334,0.035491,0,0,0,0,0
0.1241419999999999,-0.012378,0.014473,-0.010693,-0.011657,0.032579,0,0,0,0,0
0.1241439999999999,-0.010437,0.015767,-0.009723,-0.012304,0.030314,0,0,0,0,0
0.1241459999999999,-0.008819,0.017385,-0.009076,-0.012628,0.028696,0,0,0,0,0
0.124148,-0.007525,0.016738,-0.008105,-0.013274,0.026754,0,0,0,0,0
0.12415,-0.006554,0.016091,-0.007135,-0.013921,0.02643,0,0,0,0,0
0.124152,-0.006878,0.014473,-0.006488,-0.014568,0.02643,0,0,0,0,0
0.124154,-0.007848,0.013179,-0.004871,-0.014568,0.02643,0,0,0,0,0
0.1241559999999999,-0.007848,0.012855,-0.003253,-0.014568,0.026754,0,0,0,0,0
0.1241579999999999,-0.008172,0.011884,-0.001313,-0.014891,0.026107,0,0,0,0,0
0.1241599999999999,-0.008172,0.010914,0.000628,-0.015538,0.026107,0,0,0,0,0
0.124162,-0.007525,0.009619,0.003216,-0.015862,0.025783,0,0,0,0,0
0.124164,-0.006231,0.008325,0.005803,-0.016832,0.025136,0,0,0,0,0
0.124166,-0.004936,0.00606,0.008391,-0.018125,0.023841,0,0,0,0,0
0.124168,-0.004289,0.0025,0.010655,-0.019095,0.022871,0,0,0,0,0
0.1241699999999999,-0.002348,-0.001706,0.01292,-0.019742,0.022223,0,0,0,0,0
0.1241719999999999,-0.002348,-0.005266,0.015831,-0.019742,0.020929,0,0,0,0,0
0.1241739999999999,-0.002348,-0.008502,0.017771,-0.019419,0.020929,0,0,0,0,0
0.124176,-0.002348,-0.010767,0.019712,-0.018449,0.020282,0,0,0,0,0
0.124178,-0.002672,-0.010767,0.02133,-0.017802,0.020282,0,0,0,0,0
0.12418,-0.002348,-0.009472,0.022947,-0.017479,0.019958,0,0,0,0,0
0.124182,-0.001701,-0.007854,0.023917,-0.016832,0.018987,0,0,0,0,0
0.1241839999999999,0.00024,-0.005589,0.024888,-0.016508,0.018016,0,0,0,0,0
0.1241859999999999,0.002182,-0.004295,0.025534,-0.015862,0.016722,0,0,0,0,0
0.1241879999999999,0.003799,-0.003324,0.026828,-0.015215,0.016722,0,0,0,0,0
0.12419,0.005093,-0.002354,0.027799,-0.014891,0.017045,0,0,0,0,0
0.124192,0.005417,-0.003324,0.028769,-0.013598,0.018016,0,0,0,0,0
0.124194,0.005741,-0.003648,0.030386,-0.012951,0.019634,0,0,0,0,0
0.124196,0.005417,-0.002677,0.031357,-0.011981,0.021576,0,0,0,0,0
0.1241979999999999,0.005417,-0.001383,0.032327,-0.011011,0.022871,0,0,0,0,0
0.1241999999999999,0.006064,0.000559,0.033298,-0.010687,0.023841,0,0,0,0,0
0.1242019999999999,0.007358,0.001206,0.034915,-0.010687,0.023194,0,0,0,0,0
0.124204,0.008652,0.001853,0.035885,-0.011334,0.022547,0,0,0,0,0
0.124206,0.011241,0.00153,0.037179,-0.012304,0.021252,0,0,0,0,0
0.124208,0.012535,-0.001383,0.038149,-0.013274,0.020605,0,0,0,0,0
0.12421,0.013182,-0.004942,0.03912,-0.014245,0.020929,0,0,0,0,0
0.1242119999999999,0.012535,-0.008502,0.039767,-0.014568,0.0219,0,0,0,0,0
0.1242139999999999,0.012211,-0.011738,0.04009,-0.014245,0.023194,0,0,0,0,0
0.124216,0.011888,-0.013355,0.039767,-0.014568,0.025136,0,0,0,0,0
0.124218,0.010917,-0.014326,0.04009,-0.013598,0.025783,0,0,0,0,0
0.12422,0.01027,-0.012385,0.039443,-0.013274,0.02643,0,0,0,0,0
0.124222,0.010917,-0.01012,0.03912,-0.013274,0.025459,0,0,0,0,0
0.124224,0.011564,-0.008178,0.03912,-0.013921,0.023841,0,0,0,0,0
0.1242259999999999,0.013182,-0.007854,0.038149,-0.014891,0.022223,0,0,0,0,0
0.1242279999999999,0.014476,-0.008178,0.037179,-0.016185,0.020929,0,0,0,0,0
0.12423,0.015447,-0.009472,0.037179,-0.017155,0.019958,0,0,0,0,0
0.124232,0.015447,-0.011738,0.036532,-0.017802,0.019634,0,0,0,0,0
0.124234,0.015447,-0.014003,0.035885,-0.018449,0.020605,0,0,0,0,0
0.124236,0.0148,-0.014973,0.034591,-0.019095,0.0219,0,0,0,0,0
0.124238,0.0148,-0.015621,0.032974,-0.020389,0.023194,0,0,0,0,0
0.1242399999999999,0.0148,-0.016591,0.032004,-0.022006,0.024489,0,0,0,0,0
0.1242419999999999,0.01577,-0.016268,0.030386,-0.023946,0.025783,0,0,0,0,0
0.124244,0.016741,-0.014973,0.029416,-0.025887,0.026107,0,0,0,0,0
0.124246,0.018359,-0.014003,0.028446,-0.02815,0.026107,0,0,0,0,0
0.124248,0.020947,-0.013355,0.028122,-0.030414,0.026107,0,0,0,0,0
0.12425,0.022565,-0.014003,0.027799,-0.032031,0.025783,0,0,0,0,0
0.1242519999999999,0.024506,-0.014973,0.027799,-0.033648,0.026107,0,0,0,0,0
0.1242539999999999,0.0258,-0.017238,0.027475,-0.034618,0.027078,0,0,0,0,0
0.1242559999999999,0.026447,-0.01918,0.027152,-0.034942,0.028372,0,0,0,0,0
0.124258,0.026771,-0.020151,0.026181,-0.035588,0.030637,0,0,0,0,0
0.12426,0.027418,-0.021122,0.025211,-0.035588,0.032903,0,0,0,0,0
0.124262,0.027742,-0.020151,0.025211,-0.035588,0.035168,0,0,0,0,0
0.124264,0.028712,-0.018856,0.025211,-0.035588,0.03711,0,0,0,0,0
0.1242659999999999,0.029683,-0.018856,0.025211,-0.036235,0.038404,0,0,0,0,0
0.1242679999999999,0.03033,-0.018856,0.024888,-0.036882,0.040022,0,0,0,0,0
0.1242699999999999,0.03033,-0.020474,0.024888,-0.036882,0.04164,0,0,0,0,0
0.124272,0.029683,-0.023063,0.024888,-0.036882,0.044553,0,0,0,0,0
0.124274,0.028389,-0.026299,0.024888,-0.036559,0.047465,0,0,0,0,0
0.124276,0.026771,-0.028888,0.024241,-0.036235,0.051349,0,0,0,0,0
0.124278,0.025477,-0.030506,0.023917,-0.035588,0.054261,0,0,0,0,0
0.1242799999999999,0.024183,-0.030829,0.023917,-0.034942,0.05685,0,0,0,0,0
0.1242819999999999,0.023859,-0.031153,0.023594,-0.034942,0.057497,0,0,0,0,0
0.1242839999999999,0.024183,-0.029211,0.023917,-0.035265,0.057174,0,0,0,0,0
0.124286,0.02483,-0.02824,0.024241,-0.035588,0.056203,0,0,0,0,0
0.124288,0.025153,-0.02824,0.024241,-0.035588,0.055556,0,0,0,0,0
0.12429,0.0258,-0.02727,0.024241,-0.036235,0.054585,0,0,0,0,0
0.124292,0.0258,-0.027917,0.024564,-0.036235,0.055232,0,0,0,0,0
0.1242939999999999,0.024183,-0.026622,0.024564,-0.035588,0.055232,0,0,0,0,0
0.1242959999999999,0.022565,-0.025328,0.025534,-0.034942,0.056203,0,0,0,0,0
0.1242979999999999,0.020624,-0.02371,0.026181,-0.033648,0.057497,0,0,0,0,0
0.1243,0.018682,-0.020151,0.026505,-0.032678,0.058468,0,0,0,0,0
0.124302,0.017065,-0.015944,0.027799,-0.031708,0.058792,0,0,0,0,0
0.124304,0.016094,-0.012385,0.028122,-0.031061,0.059439,0,0,0,0,0
0.124306,0.015447,-0.009149,0.028446,-0.031061,0.058792,0,0,0,0,0
0.1243079999999999,0.015123,-0.006884,0.028769,-0.031061,0.058144,0,0,0,0,0
0.1243099999999999,0.015123,-0.005266,0.029093,-0.031708,0.057174,0,0,0,0,0
0.1243119999999999,0.015123,-0.005266,0.028769,-0.032031,0.057174,0,0,0,0,0
0.124314,0.014153,-0.007207,0.028446,-0.031708,0.05685,0,0,0,0,0
0.124316,0.013829,-0.008178,0.028446,-0.031061,0.057497,0,0,0,0,0
0.124318,0.012535,-0.010767,0.028769,-0.030091,0.058468,0,0,0,0,0
0.12432,0.011241,-0.013355,0.028122,-0.028797,0.059763,0,0,0,0,0
0.1243219999999999,0.010594,-0.014326,0.027799,-0.02718,0.060733,0,0,0,0,0
0.1243239999999999,0.009947,-0.014003,0.026828,-0.02621,0.061381,0,0,0,0,0
0.1243259999999999,0.009947,-0.014003,0.026181,-0.02524,0.061704,0,0,0,0,0
0.124328,0.009623,-0.01465,0.024564,-0.024593,0.061057,0,0,0,0,0
0.12433,0.009623,-0.016915,0.023594,-0.023623,0.060733,0,0,0,0,0
0.124332,0.009623,-0.017886,0.0223,-0.022976,0.060733,0,0,0,0,0
0.124334,0.008652,-0.019504,0.02133,-0.021683,0.06041,0,0,0,0,0
0.1243359999999999,0.007682,-0.022416,0.020359,-0.020389,0.061057,0,0,0,0,0
0.1243379999999999,0.006064,-0.023387,0.018742,-0.018772,0.061704,0,0,0,0,0
0.1243399999999999,0.004446,-0.023063,0.017448,-0.018125,0.062028,0,0,0,0,0
0.124342,0.003476,-0.020798,0.015831,-0.016832,0.062028,0,0,0,0,0
0.124344,0.002829,-0.017886,0.01486,-0.017155,0.061057,0,0,0,0,0
0.124346,0.003152,-0.015297,0.01389,-0.017155,0.059115,0,0,0,0,0
0.124348,0.004446,-0.012708,0.013243,-0.017479,0.05685,0,0,0,0,0
0.1243499999999999,0.005417,-0.010767,0.01292,-0.017479,0.054585,0,0,0,0,0
0.1243519999999999,0.005417,-0.011738,0.013243,-0.017802,0.05329,0,0,0,0,0
0.1243539999999999,0.005093,-0.012708,0.01292,-0.017479,0.052967,0,0,0,0,0
0.124356,0.004123,-0.013679,0.013243,-0.016832,0.05329,0,0,0,0,0
0.124358,0.002829,-0.013355,0.013243,-0.016508,0.054585,0,0,0,0,0
0.12436,0.002182,-0.01109,0.013566,-0.016185,0.055556,0,0,0,0,0
0.124362,0.002182,-0.008178,0.013566,-0.016185,0.055556,0,0,0,0,0
0.1243639999999999,0.002505,-0.003324,0.013566,-0.016832,0.053937,0,0,0,0,0
0.1243659999999999,0.003476,0.000235,0.01389,-0.017802,0.052643,0,0,0,0,0
0.1243679999999999,0.00477,0.003471,0.014213,-0.019419,0.050701,0,0,0,0,0
0.12437,0.006064,0.00606,0.01486,-0.021036,0.04876,0,0,0,0,0
0.124372,0.007035,0.007678,0.015507,-0.022329,0.047142,0,0,0,0,0
0.124374,0.007682,0.009619,0.016478,-0.022976,0.045524,0,0,0,0,0
0.124376,0.007682,0.009943,0.017448,-0.023946,0.045524,0,0,0,0,0
0.1243779999999999,0.007358,0.01059,0.017125,-0.02427,0.046171,0,0,0,0,0
0.1243799999999999,0.006711,0.011237,0.017448,-0.02427,0.046818,0,0,0,0,0
0.1243819999999999,0.006064,0.013179,0.017771,-0.02427,0.048112,0,0,0,0,0
0.124384,0.005093,0.014473,0.017771,-0.023623,0.049407,0,0,0,0,0
0.124386,0.00477,0.017385,0.018095,-0.022653,0.050054,0,0,0,0,0
0.124388,0.00477,0.019974,0.018742,-0.022329,0.050378,0,0,0,0,0
0.12439,0.004446,0.022563,0.018742,-0.022006,0.050054,0,0,0,0,0
0.1243919999999999,0.004446,0.024181,0.019389,-0.021359,0.049731,0,0,0,0,0
0.1243939999999999,0.004446,0.024181,0.020036,-0.021359,0.049083,0,0,0,0,0
0.1243959999999999,0.004123,0.025151,0.020359,-0.020712,0.04876,0,0,0,0,0
0.124398,0.003799,0.025151,0.02133,-0.020712,0.049083,0,0,0,0,0
0.1244,0.002829,0.024828,0.021976,-0.021036,0.049407,0,0,0,0,0
0.124402,0.002182,0.024504,0.022947,-0.020712,0.050054,0,0,0,0,0
0.124404,0.001535,0.025475,0.023917,-0.020389,0.049731,0,0,0,0,0
0.1244059999999999,0.001858,0.027093,0.024241,-0.020066,0.04876,0,0,0,0,0
0.1244079999999999,0.002182,0.02774,0.024888,-0.020066,0.047465,0,0,0,0,0
0.1244099999999999,0.003476,0.027416,0.024888,-0.020389,0.045524,0,0,0,0,0
0.124412,0.004123,0.027416,0.025211,-0.021359,0.043905,0,0,0,0,0
0.124414,0.005093,0.026122,0.024888,-0.021683,0.042935,0,0,0,0,0
0.124416,0.00477,0.02321,0.024564,-0.022329,0.042935,0,0,0,0,0
0.124418,0.00477,0.020297,0.023917,-0.022653,0.043582,0,0,0,0,0
0.1244199999999999,0.003799,0.019003,0.022623,-0.022653,0.0452,0,0,0,0,0
0.1244219999999999,0.002829,0.019327,0.02133,-0.022653,0.046818,0,0,0,0,0
0.1244239999999999,0.002829,0.020297,0.020036,-0.021683,0.047789,0,0,0,0,0
0.124426,0.002829,0.021915,0.018095,-0.021036,0.047465,0,0,0,0,0
0.124428,0.003476,0.025151,0.016478,-0.020712,0.046818,0,0,0,0,0
0.12443,0.00477,0.027416,0.01486,-0.019742,0.0452,0,0,0,0,0
0.124432,0.005741,0.02774,0.013566,-0.019095,0.043582,0,0,0,0,0
0.1244339999999999,0.006711,0.028711,0.011949,-0.018125,0.042611,0,0,0,0,0
0.1244359999999999,0.005741,0.029358,0.010332,-0.016508,0.041964,0,0,0,0,0
0.124438,0.004446,0.029681,0.008391,-0.014568,0.042287,0,0,0,0,0
0.12444,0.002505,0.030005,0.007097,-0.011981,0.042935,0,0,0,0,0
0.124442,-8.3218e-05,0.030652,0.005803,-0.008747,0.044553,0,0,0,0,0
0.124444,-0.002672,0.03227,0.003539,-0.005513,0.0452,0,0,0,0,0
0.124446,-0.004936,0.033888,0.002245,-0.002926,0.045847,0,0,0,0,0
0.1244479999999999,-0.006878,0.034859,0.000628,-1.5452e-05,0.045847,0,0,0,0,0
0.1244499999999999,-0.008172,0.03583,-0.001313,0.002895,0.045524,0,0,0,0,0
0.124452,-0.008495,0.03583,-0.003577,0.005159,0.044229,0,0,0,0,0
0.124454,-0.008172,0.036153,-0.005518,0.006776,0.042935,0,0,0,0,0
0.124456,-0.008172,0.034535,-0.007782,0.008716,0.040993,0,0,0,0,0
0.124458,-0.007525,0.032594,-0.008752,0.010333,0.039051,0,0,0,0,0
0.12446,-0.007201,0.031623,-0.01037,0.012597,0.03808,0,0,0,0,0
0.1244619999999999,-0.007525,0.029034,-0.011016,0.014214,0.037433,0,0,0,0,0
0.1244639999999999,-0.007201,0.026446,-0.011663,0.016154,0.03711,0,0,0,0,0
0.124466,-0.006878,0.025798,-0.01231,0.017448,0.036462,0,0,0,0,0
0.124468,-0.005907,0.025151,-0.012957,0.019065,0.035491,0,0,0,0,0
0.12447,-0.004936,0.024504,-0.013928,0.020358,0.034197,0,0,0,0,0
0.124472,-0.003319,0.022886,-0.013604,0.021328,0.032579,0,0,0,0,0
0.1244739999999999,-0.001377,0.019974,-0.013928,0.021975,0.030961,0,0,0,0,0
0.1244759999999999,-0.00073,0.015444,-0.013604,0.022945,0.030314,0,0,0,0,0
0.1244779999999999,-0.001054,0.01059,-0.013281,0.023915,0.029666,0,0,0,0,0
0.12448,-0.001377,0.005089,-0.013281,0.025209,0.02999,0,0,0,0,0
0.124482,-0.002348,0.000882,-0.013281,0.027473,0.030314,0,0,0,0,0
0.124484,-0.002672,-0.00203,-0.013281,0.028443,0.030637,0,0,0,0,0
0.124486,-0.002672,-0.002354,-0.013604,0.029736,0.02999,0,0,0,0,0
0.1244879999999999,-0.001054,-0.002677,-0.014251,0.03006,0.028372,0,0,0,0,0
0.1244899999999999,0.000564,-0.004295,-0.014575,0.030383,0.025783,0,0,0,0,0
0.1244919999999999,0.002829,-0.005913,-0.014898,0.030383,0.023194,0,0,0,0,0
0.124494,0.005093,-0.007854,-0.014898,0.03103,0.020605,0,0,0,0,0
0.124496,0.006064,-0.011414,-0.014575,0.031353,0.019311,0,0,0,0,0
0.124498,0.005741,-0.015621,-0.014251,0.032324,0.018987,0,0,0,0,0
0.1245,0.006064,-0.018856,-0.013604,0.033617,0.019958,0,0,0,0,0
0.1245019999999999,0.005093,-0.020474,-0.013281,0.034587,0.0219,0,0,0,0,0
0.1245039999999999,0.004446,-0.021445,-0.013604,0.035881,0.023518,0,0,0,0,0
0.1245059999999999,0.004446,-0.020474,-0.013928,0.036851,0.023841,0,0,0,0,0
0.124508,0.004446,-0.017562,-0.014251,0.037498,0.023194,0,0,0,0,0
0.12451,0.005417,-0.014326,-0.013928,0.037174,0.021252,0,0,0,0,0
0.124512,0.006711,-0.013032,-0.013281,0.036851,0.018987,0,0,0,0,0
0.124514,0.008005,-0.011414,-0.011987,0.035881,0.016398,0,0,0,0,0
0.1245159999999999,0.009623,-0.011414,-0.01134,0.034911,0.014133,0,0,0,0,0
0.1245179999999999,0.009947,-0.012385,-0.010046,0.034264,0.012515,0,0,0,0,0
0.1245199999999999,0.010594,-0.013355,-0.009076,0.033617,0.01122,0,0,0,0,0
0.124522,0.009947,-0.014326,-0.008105,0.03394,0.010897,0,0,0,0,0
0.124524,0.008652,-0.014003,-0.007135,0.033294,0.010897,0,0,0,0,0
0.124526,0.007682,-0.013679,-0.006165,0.032647,0.011544,0,0,0,0,0
0.124528,0.006711,-0.013355,-0.004871,0.031353,0.011868,0,0,0,0,0
0.1245299999999999,0.006064,-0.012385,-0.004224,0.03006,0.012515,0,0,0,0,0
0.1245319999999999,0.006064,-0.011414,-0.003253,0.028443,0.012839,0,0,0,0,0
0.1245339999999999,0.006388,-0.011738,-0.002283,0.025532,0.013162,0,0,0,0,0
0.124536,0.007682,-0.012061,-0.000989,0.023269,0.013809,0,0,0,0,0
0.124538,0.008329,-0.013355,-1.8859e-05,0.020682,0.013809,0,0,0,0,0
0.12454,0.008652,-0.015297,0.000952,0.017771,0.01478,0,0,0,0,0
0.124542,0.009623,-0.016591,0.002569,0.015184,0.016722,0,0,0,0,0
0.1245439999999999,0.009623,-0.017886,0.002892,0.012597,0.01834,0,0,0,0,0
0.1245459999999999,0.0093,-0.018856,0.003539,0.01001,0.019958,0,0,0,0,0
0.1245479999999999,0.0093,-0.017562,0.004186,0.007423,0.0219,0,0,0,0,0
0.12455,0.0093,-0.015944,0.004833,0.004835,0.022547,0,0,0,0,0
0.124552,0.0093,-0.013679,0.005157,0.001601,0.022223,0,0,0,0,0
0.124554,0.0093,-0.012061,0.005803,-0.001309,0.021576,0,0,0,0,0
0.124556,0.008976,-0.01109,0.005803,-0.003896,0.021252,0,0,0,0,0
0.1245579999999999,0.008976,-0.010443,0.006774,-0.006483,0.020605,0,0,0,0,0
0.1245599999999999,0.008005,-0.010767,0.006774,-0.008424,0.020929,0,0,0,0,0
0.1245619999999999,0.006388,-0.012061,0.006774,-0.010364,0.021576,0,0,0,0,0
0.124564,0.003799,-0.013355,0.00645,-0.011011,0.022871,0,0,0,0,0
0.124566,0.000887,-0.014003,0.006774,-0.011657,0.024812,0,0,0,0,0
0.124568,-0.002348,-0.013355,0.006774,-0.011981,0.025783,0,0,0,0,0
0.12457,-0.003966,-0.012385,0.007421,-0.011657,0.025459,0,0,0,0,0
0.1245719999999999,-0.00526,-0.01109,0.008391,-0.012304,0.025136,0,0,0,0,0
0.1245739999999999,-0.006231,-0.01109,0.009038,-0.012304,0.023518,0,0,0,0,0
0.1245759999999999,-0.006554,-0.012385,0.009685,-0.013598,0.021252,0,0,0,0,0
0.124578,-0.006878,-0.015297,0.010655,-0.014245,0.019634,0,0,0,0,0
0.12458,-0.007525,-0.019504,0.010979,-0.014891,0.017693,0,0,0,0,0
0.124582,-0.008172,-0.02371,0.010979,-0.015862,0.016075,0,0,0,0,0
0.124584,-0.009142,-0.026946,0.010979,-0.016185,0.014457,0,0,0,0,0
0.1245859999999999,-0.00979,-0.030182,0.010008,-0.016508,0.012839,0,0,0,0,0
0.1245879999999999,-0.010113,-0.033094,0.008715,-0.016508,0.010897,0,0,0,0,0
0.1245899999999999,-0.00979,-0.034389,0.007097,-0.017155,0.007661,0,0,0,0,0
0.124592,-0.008495,-0.03633,0.00548,-0.017479,0.005395,0,0,0,0,0
0.124594,-0.007525,-0.038919,0.004186,-0.018449,0.002159,0,0,0,0,0
0.124596,-0.006231,-0.041184,0.002245,-0.019419,-0.001077,0,0,0,0,0
0.124598,-0.004936,-0.043125,0.000305,-0.020389,-0.003019,0,0,0,0,0
0.1245999999999999,-0.004289,-0.04539,-0.000989,-0.021036,-0.00496,0,0,0,0,0
0.1246019999999999,-0.003319,-0.047656,-0.00196,-0.021036,-0.005607,0,0,0,0,0
0.1246039999999999,-0.003642,-0.049921,-0.003253,-0.020712,-0.006255,0,0,0,0,0
0.124606,-0.003966,-0.050568,-0.004547,-0.019742,-0.005931,0,0,0,0,0
0.124608,-0.004613,-0.050568,-0.005518,-0.018449,-0.005284,0,0,0,0,0
0.12461,-0.004613,-0.04895,-0.006165,-0.016832,-0.005607,0,0,0,0,0
0.124612,-0.004613,-0.047008,-0.007135,-0.016508,-0.00496,0,0,0,0,0
0.1246139999999999,-0.003642,-0.044096,-0.008105,-0.015538,-0.005284,0,0,0,0,0
0.1246159999999999,-0.003642,-0.042155,-0.009399,-0.015215,-0.005284,0,0,0,0,0
0.1246179999999999,-0.003642,-0.03989,-0.009723,-0.014891,-0.005284,0,0,0,0,0
0.12462,-0.004613,-0.039242,-0.010693,-0.015215,-0.005284,0,0,0,0,0
0.124622,-0.005583,-0.038272,-0.01134,-0.015215,-0.003989,0,0,0,0,0
0.124624,-0.007201,-0.037301,-0.011987,-0.015215,-0.002695,0,0,0,0,0
0.124626,-0.010437,-0.03633,-0.013281,-0.015862,-0.001401,0,0,0,0,0
0.1246279999999999,-0.011731,-0.033094,-0.014575,-0.016508,-0.00043,0,0,0,0,0
0.1246299999999999,-0.013349,-0.030182,-0.014898,-0.017155,-0.000753,0,0,0,0,0
0.1246319999999999,-0.013672,-0.025975,-0.016192,-0.018125,-0.002048,0,0,0,0,0
0.124634,-0.013996,-0.021769,-0.016839,-0.019095,-0.003989,0,0,0,0,0
0.124636,-0.013996,-0.018856,-0.017486,-0.020066,-0.006578,0,0,0,0,0
0.124638,-0.013996,-0.016268,-0.018133,-0.021359,-0.008196,0,0,0,0,0
0.12464,-0.014319,-0.013679,-0.018133,-0.021683,-0.009167,0,0,0,0,0
0.1246419999999999,-0.015613,-0.012385,-0.01878,-0.021683,-0.009167,0,0,0,0,0
0.1246439999999999,-0.017231,-0.011414,-0.019103,-0.021359,-0.006902,0,0,0,0,0
0.1246459999999999,-0.019819,-0.010443,-0.019426,-0.020712,-0.004313,0,0,0,0,0
0.124648,-0.022084,-0.009149,-0.01975,-0.020712,-0.001077,0,0,0,0,0
0.12465,-0.024025,-0.007207,-0.01975,-0.020712,0.001188,0,0,0,0,0
0.124652,-0.024996,-0.005913,-0.020073,-0.021036,0.002483,0,0,0,0,0
0.124654,-0.025643,-0.002677,-0.019103,-0.022006,0.002806,0,0,0,0,0
0.1246559999999999,-0.024673,-0.001383,-0.018456,-0.022976,0.001512,0,0,0,0,0
0.1246579999999999,-0.024025,-0.001383,-0.017486,-0.023623,0.000218,0,0,0,0,0
0.1246599999999999,-0.024025,-0.002677,-0.016515,-0.02427,-0.000753,0,0,0,0,0
0.124662,-0.024025,-0.003324,-0.015545,-0.024593,-0.00043,0,0,0,0,0
0.124664,-0.024673,-0.004295,-0.014575,-0.024593,-0.000106,0,0,0,0,0
0.124666,-0.025967,-0.004942,-0.013604,-0.024916,0.000218,0,0,0,0,0
0.124668,-0.026614,-0.004619,-0.012957,-0.02427,0.000541,0,0,0,0,0
0.1246699999999999,-0.026614,-0.003001,-0.012634,-0.023946,0.000541,0,0,0,0,0
0.1246719999999999,-0.026937,-0.000736,-0.01231,-0.022976,0.000218,0,0,0,0,0
0.124674,-0.02629,0.001853,-0.011987,-0.022006,-0.001077,0,0,0,0,0
0.124676,-0.025967,0.003471,-0.01231,-0.021036,-0.002695,0,0,0,0,0
0.124678,-0.024673,0.004765,-0.013928,-0.020066,-0.004637,0,0,0,0,0
0.12468,-0.023378,0.004765,-0.014898,-0.019095,-0.006902,0,0,0,0,0
0.124682,-0.022731,0.004442,-0.016192,-0.017155,-0.007873,0,0,0,0,0
0.1246839999999999,-0.021761,0.0025,-0.017486,-0.015862,-0.009491,0,0,0,0,0
0.1246859999999999,-0.02079,0.000882,-0.018133,-0.013598,-0.010138,0,0,0,0,0
0.124688,-0.02079,-0.000736,-0.01878,-0.011011,-0.011109,0,0,0,0,0
0.12469,-0.020466,-0.003001,-0.01975,-0.008747,-0.011756,0,0,0,0,0
0.124692,-0.019496,-0.003648,-0.01975,-0.00616,-0.011756,0,0,0,0,0
0.124694,-0.019172,-0.003971,-0.020073,-0.003573,-0.013051,0,0,0,0,0
0.124696,-0.017231,-0.003971,-0.020073,-0.001632,-0.014345,0,0,0,0,0
0.1246979999999999,-0.01626,-0.003971,-0.020397,0.000308,-0.01661,0,0,0,0,0
0.1246999999999999,-0.014643,-0.005266,-0.01975,0.001925,-0.019199,0,0,0,0,0
0.124702,-0.013349,-0.007531,-0.019426,0.003218,-0.021141,0,0,0,0,0
0.124704,-0.012701,-0.010443,-0.018133,0.004512,-0.023083,0,0,0,0,0
0.124706,-0.013349,-0.014003,-0.017162,0.006452,-0.023083,0,0,0,0,0
0.124708,-0.014319,-0.017238,-0.015545,0.008393,-0.022435,0,0,0,0,0
0.1247099999999999,-0.016584,-0.018856,-0.015221,0.010333,-0.021141,0,0,0,0,0
0.1247119999999999,-0.017878,-0.018856,-0.014251,0.011627,-0.02017,0,0,0,0,0
0.1247139999999999,-0.018525,-0.017238,-0.013281,0.013567,-0.019523,0,0,0,0,0
0.124716,-0.019172,-0.014973,-0.012957,0.01486,-0.02017,0,0,0,0,0
0.124718,-0.019496,-0.013679,-0.01231,0.015831,-0.021465,0,0,0,0,0
0.12472,-0.019172,-0.012061,-0.011663,0.016801,-0.023406,0,0,0,0,0
0.124722,-0.019172,-0.012385,-0.010693,0.017448,-0.025024,0,0,0,0,0
0.1247239999999999,-0.019819,-0.013355,-0.01037,0.017771,-0.026319,0,0,0,0,0
0.1247259999999999,-0.021761,-0.015944,-0.009076,0.018741,-0.025995,0,0,0,0,0
0.1247279999999999,-0.023702,-0.018209,-0.008429,0.019065,-0.025348,0,0,0,0,0
0.12473,-0.025967,-0.019504,-0.007782,0.019711,-0.024377,0,0,0,0,0
0.124732,-0.027584,-0.019827,-0.007135,0.019711,-0.022759,0,0,0,0,0
0.124734,-0.029202,-0.019504,-0.006488,0.018741,-0.021788,0,0,0,0,0
0.124736,-0.029202,-0.017562,-0.006812,0.017771,-0.020817,0,0,0,0,0
0.1247379999999999,-0.029202,-0.016268,-0.005841,0.015831,-0.02017,0,0,0,0,0
0.1247399999999999,-0.029526,-0.016591,-0.005841,0.014537,-0.02017,0,0,0,0,0
0.1247419999999999,-0.029526,-0.016915,-0.004871,0.013244,-0.019199,0,0,0,0,0
0.124744,-0.029849,-0.017886,-0.004871,0.01195,-0.018552,0,0,0,0,0
0.124746,-0.031467,-0.018856,-0.0039,0.01098,-0.016934,0,0,0,0,0
0.124748,-0.032761,-0.019827,-0.00293,0.01001,-0.01564,0,0,0,0,0
0.12475,-0.033732,-0.020151,-0.002283,0.009039,-0.013374,0,0,0,0,0
0.1247519999999999,-0.033732,-0.018209,-0.000989,0.007423,-0.011756,0,0,0,0,0
0.1247539999999999,-0.033732,-0.015944,-0.000666,0.005482,-0.010138,0,0,0,0,0
0.1247559999999999,-0.033085,-0.014003,-0.000342,0.003542,-0.008844,0,0,0,0,0
0.124758,-0.031791,-0.013032,-1.8859e-05,0.000955,-0.007549,0,0,0,0,0
0.12476,-0.03082,-0.012061,-1.8859e-05,-0.001956,-0.005607,0,0,0,0,0
0.124762,-0.029849,-0.01109,0.000305,-0.00422,-0.004313,0,0,0,0,0
0.124764,-0.029526,-0.011414,-1.8859e-05,-0.006483,-0.002371,0,0,0,0,0
0.1247659999999999,-0.029202,-0.01109,0.000305,-0.008747,0.000865,0,0,0,0,0
0.1247679999999999,-0.029526,-0.010443,-1.8859e-05,-0.011011,0.004425,0,0,0,0,0
0.1247699999999999,-0.030496,-0.009472,-0.000342,-0.012628,0.007661,0,0,0,0,0
0.124772,-0.030496,-0.009149,-0.000666,-0.014568,0.010573,0,0,0,0,0
0.124774,-0.030496,-0.006237,-0.001313,-0.016832,0.012839,0,0,0,0,0
0.124776,-0.029526,-0.004295,-0.002283,-0.019419,0.014133,0,0,0,0,0
0.124778,-0.027584,-0.001059,-0.002607,-0.022653,0.01478,0,0,0,0,0
0.1247799999999999,-0.025643,0.0025,-0.003253,-0.02524,0.014133,0,0,0,0,0
0.1247819999999999,-0.023702,0.004118,-0.0039,-0.027827,0.013809,0,0,0,0,0
0.1247839999999999,-0.022084,0.004118,-0.004224,-0.030091,0.013486,0,0,0,0,0
0.124786,-0.021761,0.004442,-0.004224,-0.031061,0.013809,0,0,0,0,0
0.124788,-0.021761,0.003795,-0.0039,-0.031708,0.015427,0,0,0,0,0
0.12479,-0.022731,0.003471,-0.0039,-0.031708,0.017693,0,0,0,0,0
0.124792,-0.023702,0.004118,-0.004224,-0.030414,0.020282,0,0,0,0,0
0.1247939999999999,-0.024349,0.007354,-0.004547,-0.029444,0.022547,0,0,0,0,0
0.1247959999999999,-0.024349,0.011237,-0.0039,-0.02815,0.024165,0,0,0,0,0
0.1247979999999999,-0.024025,0.014797,-0.0039,-0.026533,0.024812,0,0,0,0,0
0.1248,-0.024025,0.018032,-0.003577,-0.025563,0.024489,0,0,0,0,0
0.124802,-0.024025,0.020945,-0.002607,-0.02427,0.024489,0,0,0,0,0
0.124804,-0.023702,0.022239,-0.00196,-0.022976,0.024165,0,0,0,0,0
0.124806,-0.024349,0.020945,-0.000989,-0.022006,0.024489,0,0,0,0,0
0.1248079999999999,-0.02532,0.019003,-0.000342,-0.020712,0.025783,0,0,0,0,0
0.1248099999999999,-0.027584,0.016091,0.000628,-0.019419,0.028048,0,0,0,0,0
0.1248119999999999,-0.029849,0.013502,0.001275,-0.018125,0.02999,0,0,0,0,0
0.124814,-0.031467,0.011884,0.002245,-0.016832,0.031932,0,0,0,0,0
0.124816,-0.033085,0.01059,0.002892,-0.016185,0.03355,0,0,0,0,0
0.124818,-0.033085,0.01059,0.004186,-0.015862,0.034197,0,0,0,0,0
0.12482,-0.032761,0.010266,0.00548,-0.015538,0.034197,0,0,0,0,0
0.1248219999999999,-0.032114,0.009619,0.006774,-0.015538,0.033873,0,0,0,0,0
0.1248239999999999,-0.030496,0.007678,0.008068,-0.015215,0.033226,0,0,0,0,0
0.1248259999999999,-0.029526,0.005413,0.010655,-0.015538,0.033873,0,0,0,0,0
0.124828,-0.028879,0.003147,0.012596,-0.015862,0.034197,0,0,0,0,0
0.12483,-0.028232,0.001853,0.01486,-0.015538,0.035168,0,0,0,0,0
0.124832,-0.027908,0.000882,0.017125,-0.014891,0.036139,0,0,0,0,0
0.124834,-0.027584,0.001853,0.019065,-0.013921,0.036462,0,0,0,0,0
0.1248359999999999,-0.026614,0.004118,0.02133,-0.013274,0.035815,0,0,0,0,0
0.1248379999999999,-0.024996,0.007354,0.022623,-0.012628,0.034521,0,0,0,0,0
0.1248399999999999,-0.023055,0.010266,0.023594,-0.013274,0.032903,0,0,0,0,0
0.124842,-0.020466,0.011561,0.023917,-0.013274,0.030637,0,0,0,0,0
0.124844,-0.018525,0.011884,0.023594,-0.014245,0.028696,0,0,0,0,0
0.124846,-0.01626,0.011884,0.02327,-0.014891,0.027078,0,0,0,0,0
0.124848,-0.014643,0.010266,0.022623,-0.015215,0.025783,0,0,0,0,0
0.1248499999999999,-0.013672,0.008325,0.021976,-0.014891,0.024489,0,0,0,0,0
0.1248519999999999,-0.013025,0.00703,0.021653,-0.014891,0.023841,0,0,0,0,0
0.1248539999999999,-0.013025,0.005089,0.020683,-0.014245,0.024489,0,0,0,0,0
0.124856,-0.012378,0.003471,0.019712,-0.013598,0.024812,0,0,0,0,0
0.124858,-0.011407,0.002177,0.018095,-0.013598,0.025459,0,0,0,0,0
0.12486,-0.00979,0.00153,0.016478,-0.013598,0.025459,0,0,0,0,0
0.124862,-0.008495,0.001206,0.015184,-0.013921,0.025136,0,0,0,0,0
0.1248639999999999,-0.006231,0.000559,0.013566,-0.014245,0.023841,0,0,0,0,0
0.1248659999999999,-0.003966,-0.001706,0.012273,-0.015215,0.023518,0,0,0,0,0
0.1248679999999999,-0.002672,-0.003324,0.011626,-0.015862,0.022547,0,0,0,0,0
0.12487,-0.001701,-0.005913,0.010979,-0.016508,0.023841,0,0,0,0,0
0.124872,-0.001377,-0.01012,0.009685,-0.016508,0.025783,0,0,0,0,0
0.124874,-0.002024,-0.01109,0.009038,-0.016508,0.028048,0,0,0,0,0
0.124876,-0.002348,-0.011738,0.007421,-0.017155,0.029666,0,0,0,0,0
0.1248779999999999,-0.002348,-0.010443,0.00645,-0.018125,0.031608,0,0,0,0,0
0.1248799999999999,-0.001054,-0.009472,0.005803,-0.019095,0.031608,0,0,0,0,0
0.1248819999999999,-8.3218e-05,-0.008502,0.004833,-0.021036,0.031932,0,0,0,0,0
0.124884,0.001211,-0.007531,0.005157,-0.022653,0.031285,0,0,0,0,0
0.124886,0.001535,-0.007531,0.005803,-0.02427,0.030961,0,0,0,0,0
0.124888,0.001535,-0.009149,0.005803,-0.02524,0.031608,0,0,0,0,0
0.12489,0.000564,-0.009149,0.007097,-0.025563,0.032255,0,0,0,0,0
0.1248919999999999,-0.000407,-0.008502,0.008391,-0.025563,0.032903,0,0,0,0,0
0.1248939999999999,-0.001701,-0.00656,0.009685,-0.025887,0.03355,0,0,0,0,0
0.124896,-0.002672,-0.003971,0.010655,-0.025563,0.03355,0,0,0,0,0
0.124898,-0.002672,0.000882,0.012273,-0.026533,0.032579,0,0,0,0,0
0.1249,-0.001701,0.00606,0.014537,-0.02621,0.030637,0,0,0,0,0
0.124902,-0.000407,0.010266,0.016154,-0.02718,0.027401,0,0,0,0,0
0.124904,0.001211,0.013502,0.018418,-0.027504,0.024812,0,0,0,0,0
0.1249059999999999,0.002505,0.016091,0.020359,-0.027827,0.021252,0,0,0,0,0
0.1249079999999999,0.003476,0.016738,0.0223,-0.027827,0.019311,0,0,0,0,0
0.12491,0.003799,0.016414,0.023917,-0.02718,0.018016,0,0,0,0,0
0.124912,0.003799,0.017062,0.025534,-0.026533,0.017693,0,0,0,0,0
0.124914,0.003152,0.018356,0.026828,-0.025563,0.017369,0,0,0,0,0
0.124916,0.002505,0.020621,0.027475,-0.024593,0.016722,0,0,0,0,0
0.124918,0.002505,0.024181,0.028446,-0.023946,0.016398,0,0,0,0,0
0.1249199999999999,0.002829,0.02774,0.029739,-0.023623,0.015104,0,0,0,0,0
0.1249219999999999,0.005093,0.030329,0.031357,-0.0233,0.013162,0,0,0,0,0
0.124924,0.006388,0.032594,0.032974,-0.0233,0.01122,0,0,0,0,0
0.124926,0.008005,0.033241,0.034268,-0.0233,0.009279,0,0,0,0,0
0.124928,0.0093,0.032917,0.036209,-0.022653,0.008308,0,0,0,0,0
0.12493,0.010594,0.031623,0.037503,-0.021683,0.008308,0,0,0,0,0
0.1249319999999999,0.010594,0.029681,0.038796,-0.020389,0.008308,0,0,0,0,0
0.1249339999999999,0.009623,0.029358,0.040414,-0.018125,0.009926,0,0,0,0,0
0.1249359999999999,0.0093,0.029034,0.042678,-0.015862,0.011868,0,0,0,0,0
0.124938,0.008329,0.030005,0.043972,-0.013598,0.013162,0,0,0,0,0
0.12494,0.007035,0.033565,0.045266,-0.011011,0.014133,0,0,0,0,0
0.124942,0.007358,0.037771,0.046883,-0.008424,0.015104,0,0,0,0,0
0.124944,0.007682,0.041654,0.047853,-0.00713,0.015427,0,0,0,0,0
0.1249459999999999,0.008652,0.043919,0.049147,-0.00519,0.015104,0,0,0,0,0
0.1249479999999999,0.009947,0.045214,0.049794,-0.002279,0.01478,0,0,0,0,0
0.1249499999999999,0.011564,0.045214,0.049794,0.000308,0.015104,0,0,0,0,0
0.124952,0.012535,0.043596,0.049794,0.003218,0.016398,0,0,0,0,0
0.124954,0.012859,0.041654,0.049147,0.006776,0.017693,0,0,0,0,0
0.124956,0.012211,0.041331,0.048177,0.010656,0.019634,0,0,0,0,0
0.124958,0.012211,0.041007,0.047206,0.013567,0.021576,0,0,0,0,0
0.1249599999999999,0.011888,0.042301,0.046559,0.016477,0.022223,0,0,0,0,0
0.1249619999999999,0.011888,0.043919,0.044942,0.018741,0.022223,0,0,0,0,0
0.1249639999999999,0.012859,0.04489,0.043325,0.020035,0.020929,0,0,0,0,0
0.124966,0.014476,0.045214,0.041384,0.020358,0.019958,0,0,0,0,0
0.124968,0.01577,0.044243,0.039767,0.021005,0.018664,0,0,0,0,0
0.12497,0.01577,0.041331,0.038149,0.021005,0.018987,0,0,0,0,0
0.124972,0.01577,0.037448,0.036856,0.021975,0.019634,0,0,0,0,0
0.1249739999999999,0.015123,0.033241,0.035238,0.022622,0.021576,0,0,0,0,0
0.1249759999999999,0.014153,0.030005,0.033944,0.023915,0.023518,0,0,0,0,0
0.1249779999999999,0.013829,0.028711,0.032651,0.024562,0.025136,0,0,0,0,0
0.12498,0.013182,0.028064,0.03168,0.025532,0.02643,0,0,0,0,0
0.124982,0.013506,0.027416,0.031033,0.025856,0.026754,0,0,0,0,0
0.124984,0.014476,0.027093,0.031033,0.025209,0.026107,0,0,0,0,0
0.124986,0.016094,0.025798,0.03071,0.024886,0.025459,0,0,0,0,0
0.1249879999999999,0.016741,0.023533,0.030386,0.024239,0.024812,0,0,0,0,0
0.1249899999999999,0.017712,0.021268,0.029739,0.023915,0.024489,0,0,0,0,0
0.1249919999999999,0.018359,0.01868,0.029416,0.022945,0.025136,0,0,0,0,0
0.124994,0.018682,0.016738,0.028769,0.022298,0.02643,0,0,0,0,0
0.124996,0.019006,0.016414,0.029093,0.021975,0.027078,0,0,0,0,0
0.124998,0.019329,0.016738,0.028446,0.021328,0.028372,0,0,0,0,0
0.125,0.019977,0.018356,0.028122,0.021005,0.029343,0,0,0,0,0
0.125002,0.021594,0.020297,0.027799,0.020358,0.029666,0,0,0,0,0
0.125004,0.022888,0.020297,0.026181,0.019065,0.029666,0,0,0,0,0
0.125006,0.025153,0.019974,0.024888,0.017771,0.02999,0,0,0,0,0
0.125008,0.027094,0.019327,0.023594,0.016801,0.030314,0,0,0,0,0
0.12501,0.027742,0.017385,0.022623,0.016154,0.030961,0,0,0,0,0
0.125012,0.028712,0.01512,0.0223,0.015831,0.031608,0,0,0,0,0
0.125014,0.028712,0.012531,0.021976,0.015831,0.033226,0,0,0,0,0
0.125016,0.028389,0.011561,0.021653,0.016801,0.034197,0,0,0,0,0
0.125018,0.028389,0.011561,0.021653,0.017448,0.035491,0,0,0,0,0
0.12502,0.028712,0.012531,0.02133,0.018094,0.036462,0,0,0,0,0
0.125022,0.029683,0.014473,0.020359,0.018418,0.036462,0,0,0,0,0
0.125024,0.03033,0.015767,0.019712,0.018741,0.036139,0,0,0,0,0
0.125026,0.031948,0.017385,0.018095,0.018741,0.035168,0,0,0,0,0
0.125028,0.032918,0.017062,0.017448,0.019065,0.03355,0,0,0,0,0
0.12503,0.034536,0.016091,0.016478,0.019388,0.032255,0,0,0,0,0
0.125032,0.03486,0.014473,0.015831,0.018741,0.031608,0,0,0,0,0
0.125034,0.035507,0.013179,0.015184,0.020358,0.031285,0,0,0,0,0
0.125036,0.03583,0.011561,0.014537,0.021328,0.031285,0,0,0,0,0
0.125038,0.035507,0.010914,0.014213,0.022298,0.031285,0,0,0,0,0
0.1250399999999999,0.035507,0.010914,0.013566,0.023592,0.031285,0,0,0,0,0
0.125042,0.036154,0.012208,0.013243,0.024886,0.029666,0,0,0,0,0
0.125044,0.036801,0.014149,0.01389,0.026179,0.027725,0,0,0,0,0
0.125046,0.038419,0.015767,0.014537,0.027473,0.024812,0,0,0,0,0
0.125048,0.039066,0.016414,0.015184,0.028766,0.020929,0,0,0,0,0
0.12505,0.039713,0.017062,0.016154,0.029413,0.017369,0,0,0,0,0
0.125052,0.039713,0.016738,0.016801,0.03103,0.014457,0,0,0,0,0
0.125054,0.039066,0.015444,0.017448,0.031677,0.013162,0,0,0,0,0
0.125056,0.037771,0.014473,0.017448,0.03297,0.012191,0,0,0,0,0
0.125058,0.036477,0.015444,0.017771,0.03394,0.011868,0,0,0,0,0
0.12506,0.034536,0.016091,0.017771,0.034587,0.011544,0,0,0,0,0
0.125062,0.033242,0.017709,0.017448,0.034911,0.01025,0,0,0,0,0
0.125064,0.032271,0.01965,0.017448,0.035234,0.008955,0,0,0,0,0
0.125066,0.031624,0.022563,0.017125,0.035557,0.006366,0,0,0,0,0
0.125068,0.031624,0.023857,0.017448,0.035557,0.003777,0,0,0,0,0
0.12507,0.031624,0.022563,0.017125,0.036528,0.001188,0,0,0,0,0
0.125072,0.030977,0.020945,0.016154,0.037498,-0.000106,0,0,0,0,0
0.125074,0.030653,0.018356,0.016154,0.038468,-0.001077,0,0,0,0,0
0.125076,0.029683,0.016414,0.015184,0.039762,-0.000753,0,0,0,0,0
0.125078,0.028389,0.01512,0.014537,0.040732,-0.001401,0,0,0,0,0
0.12508,0.027418,0.014473,0.01389,0.041055,-0.001401,0,0,0,0,0
0.125082,0.0258,0.016414,0.013243,0.042025,-0.001724,0,0,0,0,0
0.125084,0.025153,0.019003,0.012596,0.042025,-0.003342,0,0,0,0,0
0.125086,0.024183,0.021592,0.012596,0.042349,-0.005607,0,0,0,0,0
0.125088,0.023212,0.025475,0.012596,0.041702,-0.007549,0,0,0,0,0
0.12509,0.022565,0.028387,0.012273,0.041378,-0.009491,0,0,0,0,0
0.125092,0.021271,0.030976,0.011302,0.041378,-0.011109,0,0,0,0,0
0.1250939999999999,0.019653,0.033241,0.010332,0.042025,-0.01208,0,0,0,0,0
0.1250959999999999,0.017388,0.035182,0.008715,0.042349,-0.012727,0,0,0,0,0
0.125098,0.015447,0.036477,0.008068,0.042672,-0.013051,0,0,0,0,0
0.1251,0.013506,0.037448,0.006774,0.043642,-0.013374,0,0,0,0,0
0.125102,0.011888,0.039713,0.00548,0.043966,-0.014345,0,0,0,0,0
0.125104,0.011241,0.041007,0.004186,0.044289,-0.014992,0,0,0,0,0
0.125106,0.010594,0.042949,0.002892,0.043642,-0.015963,0,0,0,0,0
0.125108,0.010917,0.04489,0.001275,0.043319,-0.017258,0,0,0,0,0
0.12511,0.011564,0.046508,-1.8859e-05,0.042025,-0.018552,0,0,0,0,0
0.125112,0.012211,0.047155,-0.001313,0.039762,-0.019847,0,0,0,0,0
0.125114,0.012859,0.047155,-0.00293,0.038791,-0.020817,0,0,0,0,0
0.125116,0.012535,0.048126,-0.0039,0.036851,-0.020817,0,0,0,0,0
0.125118,0.011564,0.048449,-0.005194,0.035881,-0.020817,0,0,0,0,0
0.12512,0.010917,0.048773,-0.006165,0.034911,-0.02017,0,0,0,0,0
0.125122,0.009947,0.051038,-0.007458,0.034587,-0.02017,0,0,0,0,0
0.125124,0.0093,0.054274,-0.008429,0.033294,-0.019523,0,0,0,0,0
0.125126,0.009947,0.057833,-0.009076,0.032,-0.02017,0,0,0,0,0
0.125128,0.011241,0.061717,-0.01037,0.03006,-0.021788,0,0,0,0,0
0.12513,0.013182,0.063982,-0.011016,0.028443,-0.024053,0,0,0,0,0
0.125132,0.015123,0.064952,-0.01134,0.026503,-0.026319,0,0,0,0,0
0.125134,0.016741,0.064305,-0.01231,0.025209,-0.027613,0,0,0,0,0
0.125136,0.018035,0.06204,-0.012957,0.024562,-0.027613,0,0,0,0,0
0.125138,0.018035,0.059451,-0.012957,0.024562,-0.02729,0,0,0,0,0
0.12514,0.017712,0.058157,-0.013281,0.024562,-0.025672,0,0,0,0,0
0.125142,0.017065,0.057833,-0.013928,0.024562,-0.024377,0,0,0,0,0
0.125144,0.016741,0.058157,-0.013604,0.024239,-0.024053,0,0,0,0,0
0.125146,0.016741,0.059128,-0.013604,0.023592,-0.024053,0,0,0,0,0
0.125148,0.017065,0.058157,-0.013604,0.022945,-0.025024,0,0,0,0,0
0.1251499999999999,0.017065,0.057186,-0.013604,0.021652,-0.026642,0,0,0,0,0
0.1251519999999999,0.017065,0.054921,-0.013281,0.021328,-0.027613,0,0,0,0,0
0.125154,0.016741,0.051362,-0.013281,0.021005,-0.027937,0,0,0,0,0
0.125156,0.016094,0.047802,-0.012634,0.021005,-0.027613,0,0,0,0,0
0.125158,0.015123,0.04489,-0.01231,0.021652,-0.026642,0,0,0,0,0
0.12516,0.014476,0.042625,-0.011987,0.021975,-0.025672,0,0,0,0,0
0.125162,0.013829,0.041007,-0.011663,0.022298,-0.025024,0,0,0,0,0
0.125164,0.013829,0.040036,-0.01134,0.022298,-0.024377,0,0,0,0,0
0.125166,0.014476,0.039713,-0.01134,0.022622,-0.024377,0,0,0,0,0
0.125168,0.0148,0.039065,-0.010693,0.022622,-0.025024,0,0,0,0,0
0.12517,0.015447,0.037124,-0.011016,0.022622,-0.025672,0,0,0,0,0
0.125172,0.015447,0.034212,-0.010693,0.023269,-0.025995,0,0,0,0,0
0.125174,0.015123,0.031623,-0.011016,0.023915,-0.025672,0,0,0,0,0
0.125176,0.013829,0.028711,-0.011016,0.025532,-0.025024,0,0,0,0,0
0.125178,0.011564,0.026122,-0.01134,0.027473,-0.023406,0,0,0,0,0
0.12518,0.009623,0.024504,-0.011663,0.03006,-0.022435,0,0,0,0,0
0.125182,0.007358,0.023533,-0.011663,0.032,-0.021141,0,0,0,0,0
0.125184,0.006064,0.024504,-0.011663,0.033294,-0.020494,0,0,0,0,0
0.125186,0.005093,0.023533,-0.01134,0.034587,-0.020817,0,0,0,0,0
0.125188,0.004446,0.02321,-0.011016,0.035234,-0.020817,0,0,0,0,0
0.12519,0.004123,0.022239,-0.01037,0.035881,-0.021788,0,0,0,0,0
0.125192,0.004123,0.021592,-0.008752,0.036204,-0.023083,0,0,0,0,0
0.125194,0.003152,0.020945,-0.008105,0.036528,-0.02373,0,0,0,0,0
0.125196,0.001858,0.019974,-0.006812,0.036851,-0.023406,0,0,0,0,0
0.125198,0.00024,0.01965,-0.006165,0.036851,-0.023083,0,0,0,0,0
0.1252,-0.002024,0.019974,-0.005194,0.036528,-0.023083,0,0,0,0,0
0.125202,-0.003966,0.019974,-0.004871,0.035881,-0.023083,0,0,0,0,0
0.125204,-0.006231,0.019003,-0.005194,0.035234,-0.023083,0,0,0,0,0
0.1252059999999999,-0.008495,0.01868,-0.005194,0.03394,-0.02373,0,0,0,0,0
0.1252079999999999,-0.010113,0.017385,-0.005194,0.032324,-0.024701,0,0,0,0,0
0.12521,-0.011407,0.016738,-0.005518,0.03103,-0.025995,0,0,0,0,0
0.125212,-0.011407,0.015444,-0.005194,0.02909,-0.027937,0,0,0,0,0
0.125214,-0.011731,0.012531,-0.004871,0.027149,-0.030202,0,0,0,0,0
0.125216,-0.012054,0.009943,-0.004547,0.025532,-0.03182,0,0,0,0,0
0.125218,-0.012378,0.006383,-0.004224,0.023915,-0.032467,0,0,0,0,0
0.12522,-0.012701,0.003147,-0.004547,0.022622,-0.033762,0,0,0,0,0
0.125222,-0.013025,0.000559,-0.0039,0.021328,-0.034086,0,0,0,0,0
0.125224,-0.013672,-0.000736,-0.004224,0.020682,-0.034086,0,0,0,0,0
0.125226,-0.012701,0.001853,-0.0039,0.019388,-0.035056,0,0,0,0,0
0.125228,-0.011731,0.005089,-0.004224,0.018094,-0.036674,0,0,0,0,0
0.12523,-0.009466,0.006707,-0.005194,0.016154,-0.038616,0,0,0,0,0
0.125232,-0.007201,0.007678,-0.005194,0.01389,-0.040234,0,0,0,0,0
0.125234,-0.004613,0.008648,-0.005841,0.01195,-0.042176,0,0,0,0,0
0.125236,-0.002348,0.00703,-0.006488,0.010333,-0.042823,0,0,0,0,0
0.125238,-8.3218e-05,0.004118,-0.007135,0.009363,-0.042176,0,0,0,0,0
0.12524,0.000887,0.002177,-0.008105,0.008716,-0.041205,0,0,0,0,0
0.125242,0.002182,-0.000736,-0.009723,0.008069,-0.039263,0,0,0,0,0
0.125244,0.003152,-0.00203,-0.01134,0.008716,-0.037969,0,0,0,0,0
0.125246,0.004446,-0.002354,-0.012634,0.009039,-0.037322,0,0,0,0,0
0.125248,0.006388,-0.001706,-0.014251,0.009686,-0.036674,0,0,0,0,0
0.12525,0.008329,-0.000412,-0.016192,0.009363,-0.036674,0,0,0,0,0
0.125252,0.010917,-8.8422e-05,-0.018133,0.009363,-0.036998,0,0,0,0,0
0.125254,0.012859,-0.000736,-0.02072,0.009363,-0.036998,0,0,0,0,0
0.125256,0.014476,-0.001706,-0.022661,0.009363,-0.036998,0,0,0,0,0
0.125258,0.015447,-0.003001,-0.024602,0.009363,-0.036351,0,0,0,0,0
0.12526,0.01577,-0.004942,-0.025572,0.01001,-0.035056,0,0,0,0,0
0.1252619999999999,0.015123,-0.005913,-0.027189,0.010333,-0.033438,0,0,0,0,0
0.125264,0.013829,-0.006237,-0.028483,0.01098,-0.031497,0,0,0,0,0
0.125266,0.013182,-0.005913,-0.028807,0.011303,-0.030526,0,0,0,0,0
0.125268,0.012211,-0.003324,-0.029454,0.011627,-0.029879,0,0,0,0,0
0.12527,0.012859,-0.001383,-0.029777,0.01195,-0.029231,0,0,0,0,0
0.125272,0.012535,0.000882,-0.029777,0.011303,-0.028584,0,0,0,0,0
0.125274,0.012859,0.0025,-0.02913,0.011627,-0.02826,0,0,0,0,0
0.125276,0.011888,0.003795,-0.02816,0.011627,-0.027613,0,0,0,0,0
0.125278,0.011241,0.004442,-0.027189,0.01195,-0.026966,0,0,0,0,0
0.12528,0.009623,0.004442,-0.025572,0.01292,-0.025348,0,0,0,0,0
0.125282,0.007682,0.004118,-0.023955,0.013567,-0.024377,0,0,0,0,0
0.125284,0.006711,0.004442,-0.022661,0.014214,-0.022759,0,0,0,0,0
0.125286,0.006388,0.004765,-0.021691,0.01486,-0.022112,0,0,0,0,0
0.125288,0.006064,0.005413,-0.02072,0.015831,-0.021788,0,0,0,0,0
0.12529,0.006064,0.006707,-0.020397,0.015831,-0.021141,0,0,0,0,0
0.125292,0.006388,0.006707,-0.020073,0.015831,-0.020494,0,0,0,0,0
0.125294,0.006711,0.005413,-0.01878,0.016801,-0.020494,0,0,0,0,0
0.125296,0.006711,0.004765,-0.018133,0.017448,-0.02017,0,0,0,0,0
0.125298,0.006711,0.001853,-0.017162,0.018741,-0.019523,0,0,0,0,0
0.1253,0.006064,-0.000736,-0.016192,0.020035,-0.017905,0,0,0,0,0
0.125302,0.005417,-0.003648,-0.014898,0.021975,-0.016934,0,0,0,0,0
0.125304,0.004446,-0.00656,-0.014251,0.023915,-0.015316,0,0,0,0,0
0.125306,0.00477,-0.00656,-0.013281,0.025532,-0.013698,0,0,0,0,0
0.125308,0.005093,-0.004942,-0.013281,0.026826,-0.012403,0,0,0,0,0
0.12531,0.006388,-0.002677,-0.013281,0.028119,-0.012727,0,0,0,0,0
0.125312,0.008329,0.000235,-0.012957,0.028119,-0.013698,0,0,0,0,0
0.125314,0.009947,0.001853,-0.01231,0.028766,-0.014992,0,0,0,0,0
0.1253159999999999,0.012211,0.002824,-0.011987,0.028766,-0.015963,0,0,0,0,0
0.1253179999999999,0.013829,0.003147,-0.01134,0.02909,-0.016934,0,0,0,0,0
0.12532,0.0148,0.002824,-0.011016,0.029413,-0.016287,0,0,0,0,0
0.125322,0.015123,0.001853,-0.01037,0.03006,-0.014992,0,0,0,0,0
0.125324,0.015447,0.0025,-0.01037,0.029736,-0.013051,0,0,0,0,0
0.125326,0.01577,0.005089,-0.01037,0.028766,-0.011433,0,0,0,0,0
0.125328,0.016418,0.008648,-0.010693,0.027473,-0.010785,0,0,0,0,0
0.12533,0.018035,0.013502,-0.011016,0.025856,-0.010462,0,0,0,0,0
0.125332,0.019977,0.017062,-0.01134,0.023592,-0.011433,0,0,0,0,0
0.125334,0.021918,0.020297,-0.011987,0.021975,-0.012403,0,0,0,0,0
0.125336,0.023535,0.021268,-0.011663,0.020358,-0.013698,0,0,0,0,0
0.125338,0.024506,0.01965,-0.011987,0.018418,-0.013374,0,0,0,0,0
0.12534,0.024183,0.018032,-0.01231,0.017771,-0.012403,0,0,0,0,0
0.125342,0.023535,0.016091,-0.011987,0.017448,-0.010785,0,0,0,0,0
0.125344,0.023212,0.01512,-0.012634,0.017448,-0.00852,0,0,0,0,0
0.125346,0.022241,0.015767,-0.013604,0.017771,-0.006902,0,0,0,0,0
0.125348,0.022241,0.016091,-0.014251,0.017771,-0.005284,0,0,0,0,0
0.12535,0.022565,0.017062,-0.014898,0.018094,-0.005284,0,0,0,0,0
0.125352,0.022888,0.018356,-0.016192,0.017771,-0.005284,0,0,0,0,0
0.125354,0.023859,0.018356,-0.016515,0.017771,-0.005931,0,0,0,0,0
0.125356,0.023859,0.016414,-0.016515,0.017771,-0.005284,0,0,0,0,0
0.125358,0.024183,0.015444,-0.017162,0.017771,-0.004313,0,0,0,0,0
0.12536,0.023535,0.013502,-0.017486,0.018094,-0.003019,0,0,0,0,0
0.125362,0.022241,0.012208,-0.017809,0.018741,0.000218,0,0,0,0,0
0.125364,0.021271,0.010266,-0.01878,0.019065,0.00313,0,0,0,0,0
0.125366,0.019653,0.009619,-0.019103,0.019711,0.005719,0,0,0,0,0
0.125368,0.018682,0.010266,-0.01975,0.020682,0.007661,0,0,0,0,0
0.12537,0.017712,0.011237,-0.02072,0.020682,0.009279,0,0,0,0,0
0.1253719999999999,0.017388,0.011884,-0.021044,0.021328,0.009926,0,0,0,0,0
0.1253739999999999,0.017712,0.011884,-0.021367,0.021005,0.01025,0,0,0,0,0
0.125376,0.018035,0.011884,-0.022014,0.021005,0.009602,0,0,0,0,0
0.125378,0.019329,0.011884,-0.022661,0.020358,0.009602,0,0,0,0,0
0.12538,0.020624,0.010914,-0.022985,0.019388,0.008955,0,0,0,0,0
0.125382,0.021271,0.010266,-0.023308,0.019388,0.009279,0,0,0,0,0
0.125384,0.021271,0.009619,-0.022985,0.018741,0.009602,0,0,0,0,0
0.125386,0.021271,0.009296,-0.022985,0.019065,0.009602,0,0,0,0,0
0.125388,0.020947,0.01059,-0.022661,0.019065,0.009926,0,0,0,0,0
0.12539,0.020947,0.012208,-0.022661,0.019065,0.009602,0,0,0,0,0
0.125392,0.021594,0.014473,-0.022014,0.019065,0.009279,0,0,0,0,0
0.125394,0.022565,0.018032,-0.022014,0.018094,0.008308,0,0,0,0,0
0.125396,0.024506,0.020297,-0.021691,0.016801,0.007013,0,0,0,0,0
0.125398,0.026447,0.021592,-0.021367,0.015831,0.005719,0,0,0,0,0
0.1254,0.028065,0.022886,-0.021044,0.013567,0.004748,0,0,0,0,0
0.125402,0.029683,0.02321,-0.02072,0.01195,0.004101,0,0,0,0,0
0.125404,0.03033,0.02321,-0.020397,0.010333,0.003777,0,0,0,0,0
0.125406,0.03033,0.023857,-0.01975,0.008716,0.003454,0,0,0,0,0
0.125408,0.030977,0.025798,-0.019426,0.007423,0.00313,0,0,0,0,0
0.12541,0.031624,0.027416,-0.019103,0.006129,0.00313,0,0,0,0,0
0.125412,0.032918,0.029034,-0.018456,0.004835,0.002483,0,0,0,0,0
0.125414,0.034536,0.030652,-0.018133,0.004512,0.000865,0,0,0,0,0
0.125416,0.035507,0.030005,-0.017809,0.003218,-0.000753,0,0,0,0,0
0.125418,0.037448,0.02774,-0.017486,0.002248,-0.002371,0,0,0,0,0
0.12542,0.038095,0.024504,-0.017162,0.002248,-0.003342,0,0,0,0,0
0.125422,0.038419,0.020297,-0.016515,0.002572,-0.004637,0,0,0,0,0
0.125424,0.038095,0.016091,-0.015545,0.002895,-0.00496,0,0,0,0,0
0.125426,0.037124,0.012208,-0.015221,0.003218,-0.005284,0,0,0,0,0
0.1254279999999999,0.036801,0.010914,-0.014898,0.003542,-0.005607,0,0,0,0,0
0.1254299999999999,0.036477,0.012208,-0.015221,0.002895,-0.006255,0,0,0,0,0
0.125432,0.037448,0.012531,-0.015545,0.002572,-0.007873,0,0,0,0,0
0.125434,0.039066,0.012531,-0.016192,0.001601,-0.010462,0,0,0,0,0
0.125436,0.041007,0.012208,-0.016515,-1.5452e-05,-0.013698,0,0,0,0,0
0.125438,0.042625,0.009619,-0.016839,-0.001309,-0.016287,0,0,0,0,0
0.12544,0.043595,0.005413,-0.016839,-0.002279,-0.018552,0,0,0,0,0
0.125442,0.043595,0.000559,-0.016839,-0.002603,-0.019523,0,0,0,0,0
0.125444,0.043272,-0.004295,-0.017162,-0.002603,-0.02017,0,0,0,0,0
0.125446,0.042625,-0.008178,-0.017486,-0.002279,-0.020817,0,0,0,0,0
0.125448,0.042625,-0.011738,-0.018133,-0.001309,-0.021465,0,0,0,0,0
0.12545,0.042625,-0.012385,-0.019103,-0.000986,-0.02373,0,0,0,0,0
0.125452,0.044566,-0.012385,-0.020397,-0.001309,-0.026966,0,0,0,0,0
0.125454,0.04586,-0.012061,-0.021691,-0.001309,-0.031173,0,0,0,0,0
0.125456,0.047801,-0.012061,-0.022661,-0.001956,-0.035704,0,0,0,0,0
0.125458,0.049419,-0.012061,-0.023631,-0.002279,-0.039911,0,0,0,0,0
0.12546,0.05039,-0.013679,-0.024602,-0.002603,-0.043794,0,0,0,0,0
0.125462,0.049743,-0.014973,-0.025249,-0.002603,-0.046059,0,0,0,0,0
0.125464,0.049095,-0.015621,-0.025896,-0.002603,-0.047354,0,0,0,0,0
0.125466,0.047801,-0.016915,-0.026219,-0.001956,-0.048001,0,0,0,0,0
0.125468,0.046184,-0.018533,-0.026543,-0.001632,-0.048001,0,0,0,0,0
0.12547,0.044242,-0.017562,-0.027189,-0.001309,-0.047677,0,0,0,0,0
0.125472,0.042948,-0.018209,-0.027513,-0.000986,-0.048001,0,0,0,0,0
0.125474,0.041007,-0.01918,-0.027513,-0.000662,-0.047677,0,0,0,0,0
0.125476,0.039713,-0.020798,-0.027189,-0.000339,-0.047677,0,0,0,0,0
0.125478,0.038742,-0.022739,-0.027189,-0.000339,-0.047677,0,0,0,0,0
0.12548,0.036801,-0.024681,-0.026866,-0.000339,-0.047354,0,0,0,0,0
0.125482,0.03583,-0.026946,-0.025896,0.000308,-0.046706,0,0,0,0,0
0.1254839999999999,0.033565,-0.029211,-0.025572,0.000631,-0.045088,0,0,0,0,0
0.125486,0.030653,-0.029858,-0.024602,0.000955,-0.043794,0,0,0,0,0
0.125488,0.027418,-0.028564,-0.023955,0.001278,-0.041852,0,0,0,0,0
0.12549,0.02483,-0.02727,-0.023308,0.001601,-0.039911,0,0,0,0,0
0.125492,0.021918,-0.024034,-0.022661,0.000955,-0.038293,0,0,0,0,0
0.125494,0.0203,-0.019827,-0.021691,0.000955,-0.037645,0,0,0,0,0
0.125496,0.019329,-0.016268,-0.021691,0.000308,-0.036998,0,0,0,0,0
0.125498,0.017712,-0.013032,-0.021044,-0.000339,-0.036998,0,0,0,0,0
0.1255,0.017065,-0.01109,-0.020397,-0.001309,-0.036351,0,0,0,0,0
0.125502,0.015447,-0.010767,-0.020073,-0.001632,-0.035704,0,0,0,0,0
0.125504,0.013182,-0.010767,-0.019103,-0.002279,-0.034409,0,0,0,0,0
0.125506,0.010594,-0.01109,-0.018133,-0.002926,-0.033115,0,0,0,0,0
0.125508,0.008005,-0.011738,-0.017162,-0.003573,-0.031173,0,0,0,0,0
0.12551,0.005417,-0.01109,-0.016192,-0.004543,-0.029555,0,0,0,0,0
0.125512,0.003476,-0.009796,-0.015221,-0.00519,-0.027937,0,0,0,0,0
0.125514,0.002182,-0.008178,-0.013928,-0.006807,-0.027613,0,0,0,0,0
0.125516,0.001211,-0.00656,-0.013281,-0.00907,-0.027937,0,0,0,0,0
0.125518,0.001211,-0.005589,-0.012634,-0.011334,-0.028584,0,0,0,0,0
0.12552,0.002182,-0.005589,-0.012634,-0.013274,-0.029555,0,0,0,0,0
0.125522,0.002829,-0.005589,-0.011987,-0.015538,-0.030202,0,0,0,0,0
0.125524,0.001858,-0.006884,-0.01231,-0.017155,-0.029231,0,0,0,0,0
0.125526,0.000887,-0.008178,-0.01231,-0.018772,-0.027937,0,0,0,0,0
0.125528,-0.000407,-0.009796,-0.012634,-0.019419,-0.025672,0,0,0,0,0
0.12553,-0.002672,-0.010767,-0.012634,-0.019419,-0.023083,0,0,0,0,0
0.125532,-0.004613,-0.01012,-0.012634,-0.019419,-0.021465,0,0,0,0,0
0.125534,-0.005907,-0.008502,-0.01231,-0.019742,-0.019523,0,0,0,0,0
0.125536,-0.006878,-0.007854,-0.011987,-0.020712,-0.019199,0,0,0,0,0
0.1255379999999999,-0.006878,-0.005266,-0.011016,-0.022329,-0.019523,0,0,0,0,0
0.1255399999999999,-0.006878,-0.004942,-0.010693,-0.02427,-0.019847,0,0,0,0,0
0.125542,-0.006878,-0.004619,-0.010046,-0.025887,-0.020494,0,0,0,0,0
0.125544,-0.006878,-0.003971,-0.009076,-0.027827,-0.020817,0,0,0,0,0
0.125546,-0.007201,-0.004942,-0.008752,-0.028797,-0.02017,0,0,0,0,0
0.125548,-0.008172,-0.004942,-0.008105,-0.030091,-0.02017,0,0,0,0,0
0.12555,-0.009142,-0.004619,-0.006812,-0.031061,-0.019523,0,0,0,0,0
0.125552,-0.009142,-0.003971,-0.006165,-0.032678,-0.018876,0,0,0,0,0
0.125554,-0.009142,-0.002677,-0.005518,-0.033648,-0.019199,0,0,0,0,0
0.125556,-0.008819,-0.00203,-0.004871,-0.035265,-0.019847,0,0,0,0,0
0.125558,-0.008172,-0.002354,-0.0039,-0.036559,-0.019847,0,0,0,0,0
0.12556,-0.007848,-0.003001,-0.003253,-0.038175,-0.021141,0,0,0,0,0
0.125562,-0.007525,-0.003648,-0.00196,-0.038499,-0.021141,0,0,0,0,0
0.125564,-0.007848,-0.004619,-0.001313,-0.039146,-0.021141,0,0,0,0,0
0.125566,-0.008819,-0.004942,-0.000666,-0.039146,-0.021141,0,0,0,0,0
0.125568,-0.010437,-0.005266,0.000305,-0.038175,-0.020494,0,0,0,0,0
0.12557,-0.012054,-0.00656,0.000305,-0.037205,-0.019847,0,0,0,0,0
0.125572,-0.012378,-0.005913,0.000628,-0.036882,-0.019523,0,0,0,0,0
0.125574,-0.013349,-0.005589,0.000952,-0.035912,-0.02017,0,0,0,0,0
0.125576,-0.012378,-0.00656,0.000628,-0.035588,-0.020817,0,0,0,0,0
0.125578,-0.011731,-0.007531,0.000305,-0.035265,-0.021788,0,0,0,0,0
0.12558,-0.01076,-0.009472,-0.000666,-0.035265,-0.022759,0,0,0,0,0
0.125582,-0.009142,-0.012708,-0.001636,-0.035265,-0.022759,0,0,0,0,0
0.125584,-0.009142,-0.016591,-0.001636,-0.035265,-0.022759,0,0,0,0,0
0.125586,-0.009142,-0.018856,-0.002607,-0.035588,-0.021788,0,0,0,0,0
0.125588,-0.00979,-0.020798,-0.002607,-0.035588,-0.020494,0,0,0,0,0
0.12559,-0.010437,-0.020798,-0.003253,-0.035265,-0.018876,0,0,0,0,0
0.125592,-0.010437,-0.020474,-0.003577,-0.035265,-0.017581,0,0,0,0,0
0.1255939999999999,-0.011084,-0.018209,-0.004224,-0.035588,-0.017258,0,0,0,0,0
0.1255959999999999,-0.00979,-0.01465,-0.004871,-0.035912,-0.017581,0,0,0,0,0
0.125598,-0.008495,-0.011414,-0.005194,-0.036559,-0.018552,0,0,0,0,0
0.1256,-0.007201,-0.006884,-0.004871,-0.037205,-0.020494,0,0,0,0,0
0.125602,-0.004613,-0.003324,-0.005194,-0.037529,-0.022112,0,0,0,0,0
0.125604,-0.003319,-0.00203,-0.005194,-0.037852,-0.023406,0,0,0,0,0
0.125606,-0.002024,-0.001706,-0.005194,-0.037529,-0.023406,0,0,0,0,0
0.125608,-0.001701,-0.001383,-0.004871,-0.037205,-0.023406,0,0,0,0,0
0.12561,-0.001377,-0.001383,-0.005194,-0.036235,-0.021788,0,0,0,0,0
0.125612,-0.002024,-0.000412,-0.005518,-0.035588,-0.019847,0,0,0,0,0
0.125614,-0.002348,0.0025,-0.006165,-0.034942,-0.018552,0,0,0,0,0
0.125616,-0.001377,0.006383,-0.006812,-0.034618,-0.016934,0,0,0,0,0
0.125618,-0.001054,0.011561,-0.006812,-0.034618,-0.016287,0,0,0,0,0
0.12562,0.000564,0.014797,-0.007782,-0.035588,-0.01661,0,0,0,0,0
0.125622,0.001858,0.017062,-0.008752,-0.036882,-0.016287,0,0,0,0,0
0.125624,0.002505,0.01868,-0.009076,-0.037852,-0.015963,0,0,0,0,0
0.125626,0.002829,0.017385,-0.010046,-0.038822,-0.014345,0,0,0,0,0
0.125628,0.002182,0.015444,-0.011016,-0.039792,-0.011756,0,0,0,0,0
0.12563,0.000887,0.014149,-0.01231,-0.040116,-0.009491,0,0,0,0,0
0.125632,-8.3218e-05,0.013502,-0.013281,-0.039792,-0.006902,0,0,0,0,0
0.125634,-0.001054,0.013826,-0.013928,-0.039469,-0.003666,0,0,0,0,0
0.125636,-0.001377,0.014797,-0.014575,-0.039792,-0.002695,0,0,0,0,0
0.125638,-0.00073,0.016738,-0.015221,-0.039792,-0.001724,0,0,0,0,0
0.12564,0.00024,0.018356,-0.015545,-0.039792,-0.001401,0,0,0,0,0
0.125642,0.001211,0.019003,-0.015545,-0.039792,-0.000753,0,0,0,0,0
0.125644,0.001858,0.018356,-0.015868,-0.039146,-0.000106,0,0,0,0,0
0.125646,0.002505,0.016414,-0.015868,-0.038822,0.001512,0,0,0,0,0
0.125648,0.002182,0.014473,-0.015868,-0.038175,0.003777,0,0,0,0,0
0.1256499999999999,0.000887,0.011884,-0.015868,-0.036882,0.006366,0,0,0,0,0
0.1256519999999999,-0.00073,0.010914,-0.015545,-0.035912,0.009279,0,0,0,0,0
0.125654,-0.002672,0.01059,-0.015545,-0.034295,0.011544,0,0,0,0,0
0.125656,-0.004289,0.01059,-0.014898,-0.033971,0.013162,0,0,0,0,0
0.125658,-0.00526,0.011237,-0.014251,-0.033648,0.014133,0,0,0,0,0
0.12566,-0.005583,0.013179,-0.013281,-0.033648,0.013486,0,0,0,0,0
0.125662,-0.006231,0.013826,-0.012634,-0.033971,0.012515,0,0,0,0,0
0.125664,-0.006878,0.014473,-0.012634,-0.034618,0.012191,0,0,0,0,0
0.125666,-0.007848,0.013826,-0.012634,-0.035265,0.010897,0,0,0,0,0
0.125668,-0.009466,0.012531,-0.012634,-0.035265,0.010897,0,0,0,0,0
0.12567,-0.011407,0.011561,-0.012634,-0.035265,0.01122,0,0,0,0,0
0.125672,-0.013996,0.009943,-0.01231,-0.034618,0.011544,0,0,0,0,0
0.125674,-0.017555,0.010266,-0.01231,-0.033648,0.011544,0,0,0,0,0
0.125676,-0.020143,0.011237,-0.01231,-0.033001,0.011544,0,0,0,0,0
0.125678,-0.023378,0.011884,-0.01134,-0.032031,0.01122,0,0,0,0,0
0.12568,-0.025643,0.011561,-0.01134,-0.031061,0.01025,0,0,0,0,0
0.125682,-0.027908,0.011884,-0.011016,-0.030091,0.008955,0,0,0,0,0
0.125684,-0.030173,0.011237,-0.010693,-0.029121,0.007661,0,0,0,0,0
0.125686,-0.031143,0.010266,-0.01037,-0.02815,0.006366,0,0,0,0,0
0.125688,-0.032438,0.008325,-0.009723,-0.026533,0.005719,0,0,0,0,0
0.12569,-0.033732,0.005736,-0.009399,-0.024593,0.004101,0,0,0,0,0
0.125692,-0.035026,0.003471,-0.008429,-0.0233,0.003454,0,0,0,0,0
0.125694,-0.03535,0.002177,-0.008429,-0.022006,0.00313,0,0,0,0,0
0.125696,-0.035673,0.000559,-0.008429,-0.021036,0.002159,0,0,0,0,0
0.125698,-0.03535,0.000559,-0.008429,-0.020066,0.001188,0,0,0,0,0
0.1257,-0.034379,-8.8422e-05,-0.008752,-0.019742,0.000218,0,0,0,0,0
0.125702,-0.033408,0.000559,-0.008429,-0.019419,-0.001077,0,0,0,0,0
0.125704,-0.031791,-8.8422e-05,-0.008105,-0.018772,-0.002371,0,0,0,0,0
0.1257059999999999,-0.030496,-0.001706,-0.007458,-0.018449,-0.003666,0,0,0,0,0
0.125708,-0.029526,-0.002677,-0.006488,-0.017479,-0.003666,0,0,0,0,0
0.12571,-0.029202,-0.003001,-0.005194,-0.016185,-0.003342,0,0,0,0,0
0.125712,-0.029202,-0.004619,-0.004224,-0.014891,-0.002048,0,0,0,0,0
0.125714,-0.028879,-0.005266,-0.003253,-0.012951,-0.001077,0,0,0,0,0
0.125716,-0.028232,-0.004295,-0.002283,-0.011981,-0.000106,0,0,0,0,0
0.125718,-0.027261,-0.003001,-0.001313,-0.011011,0.000218,0,0,0,0,0
0.12572,-0.02532,-0.000736,-0.000989,-0.010041,-0.001077,0,0,0,0,0
0.125722,-0.023055,-0.000412,-1.8859e-05,-0.009717,-0.002371,0,0,0,0,0
0.125724,-0.021114,-0.001383,0.001275,-0.010041,-0.003666,0,0,0,0,0
0.125726,-0.019172,-0.003001,0.002892,-0.009717,-0.004637,0,0,0,0,0
0.125728,-0.017878,-0.005589,0.005157,-0.008747,-0.004637,0,0,0,0,0
0.12573,-0.018202,-0.008178,0.007097,-0.008424,-0.003342,0,0,0,0,0
0.125732,-0.018202,-0.009149,0.008715,-0.007453,-0.001724,0,0,0,0,0
0.125734,-0.018849,-0.010443,0.010332,-0.005836,0.000218,0,0,0,0,0
0.125736,-0.019496,-0.009149,0.011949,-0.004543,0.001512,0,0,0,0,0
0.125738,-0.019496,-0.006884,0.01389,-0.003896,0.001836,0,0,0,0,0
0.12574,-0.018849,-0.003971,0.015831,-0.003249,0.001188,0,0,0,0,0
0.125742,-0.017231,-0.002354,0.017771,-0.002926,-0.000106,0,0,0,0,0
0.125744,-0.015613,-0.001059,0.019389,-0.002926,-0.001077,0,0,0,0,0
0.125746,-0.013996,-0.001383,0.021006,-0.003573,-0.003019,0,0,0,0,0
0.125748,-0.013672,-0.003001,0.021976,-0.002926,-0.003019,0,0,0,0,0
0.12575,-0.013025,-0.005266,0.022947,-0.002603,-0.002371,0,0,0,0,0
0.125752,-0.013672,-0.006884,0.024241,-0.001309,-0.000753,0,0,0,0,0
0.125754,-0.013996,-0.007207,0.024564,-0.000339,0.000541,0,0,0,0,0
0.125756,-0.013996,-0.005913,0.024888,0.000308,0.001836,0,0,0,0,0
0.125758,-0.013672,-0.004619,0.024888,0.000955,0.002806,0,0,0,0,0
0.1257599999999999,-0.012378,-0.00203,0.024888,0.000955,0.002159,0,0,0,0,0
0.1257619999999999,-0.010437,-0.000736,0.025211,0.000955,0.001836,0,0,0,0,0
0.125764,-0.009142,-0.000736,0.024888,0.000631,0.001188,0,0,0,0,0
0.125766,-0.007848,-0.000412,0.024564,0.000631,0.000865,0,0,0,0,0
0.125768,-0.007525,-8.8422e-05,0.02327,-0.000339,0.001188,0,0,0,0,0
0.12577,-0.007201,0.000882,0.021976,-0.000339,0.001836,0,0,0,0,0
0.125772,-0.007525,0.00153,0.020359,-1.5452e-05,0.003454,0,0,0,0,0
0.125774,-0.007848,0.004442,0.017771,-0.000339,0.005072,0,0,0,0,0
0.125776,-0.008172,0.006383,0.014537,-0.000339,0.006366,0,0,0,0,0
0.125778,-0.007525,0.008648,0.011949,-0.000662,0.006366,0,0,0,0,0
0.12578,-0.007201,0.011561,0.009361,-0.000986,0.006366,0,0,0,0,0
0.125782,-0.005907,0.013502,0.006774,-0.001632,0.006043,0,0,0,0,0
0.125784,-0.004613,0.013502,0.004833,-0.002926,0.005072,0,0,0,0,0
0.125786,-0.002995,0.012531,0.002245,-0.003896,0.004425,0,0,0,0,0
0.125788,-0.001377,0.009943,0.000305,-0.004543,0.004101,0,0,0,0,0
0.12579,-8.3218e-05,0.006707,-0.000989,-0.005513,0.004101,0,0,0,0,0
0.125792,0.00024,0.002177,-0.00196,-0.005513,0.005719,0,0,0,0,0
0.125794,-8.3218e-05,-0.00203,-0.002607,-0.004543,0.00669,0,0,0,0,0
0.125796,-8.3218e-05,-0.004942,-0.00293,-0.003249,0.008308,0,0,0,0,0
0.125798,-0.000407,-0.007531,-0.002607,-0.002279,0.009602,0,0,0,0,0
0.1258,-8.3218e-05,-0.009472,-0.001636,-0.000662,0.01025,0,0,0,0,0
0.125802,0.000564,-0.010767,-0.000989,-1.5452e-05,0.01025,0,0,0,0,0
0.125804,0.001858,-0.011414,-0.000666,0.000308,0.009602,0,0,0,0,0
0.125806,0.002829,-0.013355,0.000305,0.000955,0.008308,0,0,0,0,0
0.125808,0.003476,-0.015621,0.001922,0.000955,0.007661,0,0,0,0,0
0.12581,0.003799,-0.01918,0.003539,0.000955,0.007013,0,0,0,0,0
0.125812,0.003799,-0.022092,0.00548,0.001278,0.00669,0,0,0,0,0
0.125814,0.002829,-0.026622,0.007097,0.001278,0.007337,0,0,0,0,0
0.1258159999999999,0.001535,-0.031153,0.008391,0.001278,0.008308,0,0,0,0,0
0.1258179999999999,0.000564,-0.034065,0.009685,0.001278,0.009279,0,0,0,0,0
0.12582,0.00024,-0.035683,0.011302,0.001278,0.009926,0,0,0,0,0
0.125822,0.00024,-0.03633,0.012273,0.000308,0.009926,0,0,0,0,0
0.125824,0.000564,-0.036977,0.013566,-1.5452e-05,0.009279,0,0,0,0,0
0.125826,0.001535,-0.037301,0.014537,-0.000986,0.007984,0,0,0,0,0
0.125828,0.001858,-0.037948,0.016154,-0.001309,0.007013,0,0,0,0,0
0.12583,0.002182,-0.038595,0.017771,-0.000662,0.005395,0,0,0,0,0
0.125832,0.002182,-0.039242,0.019712,0.000308,0.005072,0,0,0,0,0
0.125834,0.001535,-0.038595,0.021006,0.000955,0.003777,0,0,0,0,0
0.125836,0.000564,-0.037301,0.0223,0.003218,0.002483,0,0,0,0,0
0.125838,0.00024,-0.036006,0.02327,0.005482,0.001836,0,0,0,0,0
0.12584,0.00024,-0.033094,0.024241,0.007423,-0.00043,0,0,0,0,0
0.125842,0.000564,-0.029535,0.024888,0.008716,-0.002695,0,0,0,0,0
0.125844,0.001211,-0.027917,0.025858,0.009686,-0.00496,0,0,0,0,0
0.125846,0.001858,-0.025975,0.027152,0.01098,-0.007226,0,0,0,0,0
0.125848,0.002182,-0.026299,0.027799,0.01195,-0.00852,0,0,0,0,0
0.12585,0.001535,-0.026622,0.028769,0.013567,-0.009491,0,0,0,0,0
0.125852,0.00024,-0.027593,0.029739,0.015184,-0.00852,0,0,0,0,0
0.125854,-0.001377,-0.027917,0.03071,0.016801,-0.007226,0,0,0,0,0
0.125856,-0.002024,-0.026299,0.031033,0.018741,-0.005607,0,0,0,0,0
0.125858,-0.002995,-0.024681,0.03168,0.019711,-0.004637,0,0,0,0,0
0.12586,-0.002672,-0.022416,0.032004,0.020682,-0.00496,0,0,0,0,0
0.125862,-0.002024,-0.018533,0.03168,0.021005,-0.006578,0,0,0,0,0
0.125864,-0.000407,-0.016268,0.03168,0.021652,-0.009167,0,0,0,0,0
0.125866,0.000564,-0.015297,0.032327,0.021652,-0.01208,0,0,0,0,0
0.125868,0.001535,-0.015297,0.032974,0.021975,-0.014669,0,0,0,0,0
0.12587,0.001211,-0.015621,0.033944,0.022298,-0.01661,0,0,0,0,0
0.1258719999999999,0.000564,-0.016591,0.034915,0.023592,-0.017581,0,0,0,0,0
0.1258739999999999,-0.000407,-0.016591,0.035885,0.024562,-0.017581,0,0,0,0,0
0.125876,-0.001701,-0.015621,0.036856,0.026179,-0.018552,0,0,0,0,0
0.125878,-0.002348,-0.013032,0.037826,0.027473,-0.018876,0,0,0,0,0
0.12588,-0.002024,-0.01012,0.039443,0.028443,-0.020494,0,0,0,0,0
0.125882,-0.001701,-0.00656,0.04009,0.029413,-0.022435,0,0,0,0,0
0.125884,-0.001054,-0.003971,0.041061,0.029413,-0.024701,0,0,0,0,0
0.125886,0.00024,-0.00203,0.042354,0.029413,-0.026319,0,0,0,0,0
0.125888,0.000564,-8.8422e-05,0.043648,0.03006,-0.027937,0,0,0,0,0
0.12589,0.001211,0.003147,0.044619,0.030383,-0.028584,0,0,0,0,0
0.125892,0.000887,0.005736,0.046236,0.03103,-0.028908,0,0,0,0,0
0.125894,0.000564,0.008001,0.04753,0.032,-0.028584,0,0,0,0,0
0.125896,0.000564,0.010266,0.0485,0.03297,-0.02826,0,0,0,0,0
0.125898,0.000887,0.013179,0.049471,0.033617,-0.027613,0,0,0,0,0
0.1259,0.001211,0.016091,0.049471,0.034587,-0.027937,0,0,0,0,0
0.125902,0.002182,0.019003,0.049794,0.035234,-0.027937,0,0,0,0,0
0.125904,0.002829,0.020945,0.049471,0.036204,-0.02826,0,0,0,0,0
0.125906,0.004123,0.022886,0.049471,0.037498,-0.028908,0,0,0,0,0
0.125908,0.005417,0.024181,0.049794,0.037821,-0.029231,0,0,0,0,0
0.12591,0.006064,0.024181,0.050117,0.038791,-0.029879,0,0,0,0,0
0.125912,0.006711,0.02321,0.049794,0.039438,-0.030202,0,0,0,0,0
0.125914,0.007035,0.022239,0.049794,0.040408,-0.029879,0,0,0,0,0
0.125916,0.007358,0.01965,0.050117,0.041055,-0.029231,0,0,0,0,0
0.125918,0.007035,0.017385,0.050117,0.042025,-0.028908,0,0,0,0,0
0.12592,0.007035,0.01512,0.050117,0.042995,-0.028584,0,0,0,0,0
0.125922,0.007358,0.013826,0.049471,0.044289,-0.028908,0,0,0,0,0
0.125924,0.007682,0.013502,0.050117,0.044289,-0.030202,0,0,0,0,0
0.125926,0.008005,0.012855,0.050117,0.044612,-0.03182,0,0,0,0,0
0.1259279999999999,0.008652,0.009943,0.050764,0.045259,-0.033762,0,0,0,0,0
0.12593,0.0093,0.006383,0.051411,0.045583,-0.03538,0,0,0,0,0
0.125932,0.008976,0.0025,0.052382,0.046553,-0.036674,0,0,0,0,0
0.125934,0.008005,-0.002677,0.053029,0.047523,-0.036998,0,0,0,0,0
0.125936,0.007035,-0.007531,0.053999,0.048816,-0.036998,0,0,0,0,0
0.125938,0.005741,-0.010767,0.055293,0.050433,-0.036351,0,0,0,0,0
0.12594,0.005093,-0.012385,0.056263,0.051404,-0.036027,0,0,0,0,0
0.125942,0.004123,-0.012708,0.057234,0.052697,-0.036674,0,0,0,0,0
0.125944,0.004123,-0.013679,0.058204,0.053667,-0.037322,0,0,0,0,0
0.125946,0.003799,-0.01465,0.058851,0.054314,-0.038616,0,0,0,0,0
0.125948,0.004446,-0.015297,0.059174,0.054637,-0.039587,0,0,0,0,0
0.12595,0.004446,-0.015944,0.059174,0.054961,-0.041205,0,0,0,0,0
0.125952,0.004123,-0.017562,0.058527,0.054637,-0.041529,0,0,0,0,0
0.125954,0.003476,-0.017562,0.057234,0.054961,-0.041205,0,0,0,0,0
0.125956,0.003152,-0.017238,0.05594,0.053991,-0.040558,0,0,0,0,0
0.125958,0.002505,-0.016591,0.053999,0.053991,-0.039587,0,0,0,0,0
0.12596,0.002505,-0.015944,0.052058,0.053344,-0.038616,0,0,0,0,0
0.125962,0.002182,-0.013679,0.050117,0.052374,-0.037969,0,0,0,0,0
0.125964,0.002505,-0.012385,0.0485,0.052374,-0.037969,0,0,0,0,0
0.125966,0.002505,-0.010443,0.046236,0.051404,-0.038293,0,0,0,0,0
0.125968,0.003152,-0.01012,0.043972,0.050433,-0.038293,0,0,0,0,0
0.12597,0.003476,-0.01109,0.042354,0.049463,-0.038293,0,0,0,0,0
0.125972,0.002829,-0.013355,0.04009,0.048816,-0.037322,0,0,0,0,0
0.125974,0.002505,-0.014326,0.038473,0.047846,-0.036027,0,0,0,0,0
0.125976,0.001535,-0.015621,0.036209,0.047199,-0.034409,0,0,0,0,0
0.125978,0.001211,-0.016591,0.034591,0.046229,-0.032467,0,0,0,0,0
0.12598,0.001858,-0.015944,0.032651,0.045583,-0.030849,0,0,0,0,0
0.1259819999999999,0.002829,-0.014003,0.030386,0.044612,-0.030526,0,0,0,0,0
0.1259839999999999,0.004446,-0.013032,0.028446,0.042672,-0.030202,0,0,0,0,0
0.125986,0.006064,-0.013679,0.026181,0.040732,-0.030526,0,0,0,0,0
0.125988,0.007682,-0.01465,0.024241,0.038468,-0.030202,0,0,0,0,0
0.12599,0.0093,-0.016268,0.021976,0.036528,-0.029879,0,0,0,0,0
0.125992,0.009947,-0.017886,0.020359,0.034587,-0.027937,0,0,0,0,0
0.125994,0.009947,-0.01918,0.019389,0.033617,-0.026966,0,0,0,0,0
0.125996,0.009947,-0.019504,0.018418,0.032324,-0.024377,0,0,0,0,0
0.125998,0.009947,-0.017886,0.017448,0.032,-0.022435,0,0,0,0,0
0.126,0.010917,-0.015297,0.017125,0.030707,-0.021141,0,0,0,0,0
0.126002,0.011888,-0.012061,0.016801,0.029413,-0.020494,0,0,0,0,0
0.126004,0.014153,-0.009149,0.016801,0.027796,-0.02017,0,0,0,0,0
0.126006,0.016418,-0.006237,0.017125,0.025532,-0.019847,0,0,0,0,0
0.126008,0.019329,-0.004295,0.017125,0.022945,-0.019847,0,0,0,0,0
0.12601,0.021594,-0.002354,0.018095,0.021005,-0.019523,0,0,0,0,0
0.126012,0.023859,-0.001059,0.019065,0.018418,-0.018876,0,0,0,0,0
0.126014,0.02483,-0.000412,0.020359,0.016477,-0.017258,0,0,0,0,0
0.126016,0.02483,-0.000412,0.0223,0.01486,-0.014992,0,0,0,0,0
0.126018,0.024506,0.000559,0.023917,0.014214,-0.011756,0,0,0,0,0
0.12602,0.023535,0.00153,0.024241,0.01292,-0.00852,0,0,0,0,0
0.126022,0.022565,0.004118,0.024888,0.011627,-0.005284,0,0,0,0,0
0.126024,0.021594,0.008001,0.024888,0.01001,-0.002048,0,0,0,0,0
0.126026,0.021594,0.010266,0.025211,0.008716,-0.00043,0,0,0,0,0
0.126028,0.020947,0.012855,0.025534,0.007746,0.000865,0,0,0,0,0
0.12603,0.020947,0.013826,0.025858,0.005806,0.001512,0,0,0,0,0
0.126032,0.020624,0.013179,0.026505,0.003865,0.002483,0,0,0,0,0
0.126034,0.0203,0.012208,0.027152,0.003218,0.004425,0,0,0,0,0
0.126036,0.018359,0.010266,0.027799,0.001925,0.005395,0,0,0,0,0
0.1260379999999999,0.017065,0.009296,0.028446,0.000955,0.007337,0,0,0,0,0
0.1260399999999999,0.015123,0.009296,0.029416,-0.000662,0.008632,0,0,0,0,0
0.126042,0.014153,0.011237,0.030063,-0.002279,0.009279,0,0,0,0,0
0.126044,0.013829,0.014149,0.031357,-0.003573,0.008308,0,0,0,0,0
0.126046,0.014153,0.016091,0.032004,-0.005513,0.006043,0,0,0,0,0
0.126048,0.0148,0.018356,0.032974,-0.007777,0.003454,0,0,0,0,0
0.12605,0.015123,0.020297,0.033298,-0.00907,0.000541,0,0,0,0,0
0.126052,0.015447,0.020945,0.033944,-0.010364,-0.001724,0,0,0,0,0
0.126054,0.0148,0.020945,0.034268,-0.011011,-0.003019,0,0,0,0,0
0.126056,0.013829,0.020945,0.034268,-0.011334,-0.004313,0,0,0,0,0
0.126058,0.012859,0.021592,0.034591,-0.011334,-0.00496,0,0,0,0,0
0.12606,0.012211,0.023857,0.034268,-0.011011,-0.006255,0,0,0,0,0
0.126062,0.011888,0.026122,0.034268,-0.010364,-0.007226,0,0,0,0,0
0.126064,0.011564,0.028711,0.034268,-0.010041,-0.008844,0,0,0,0,0
0.126066,0.012211,0.031299,0.034268,-0.010041,-0.011109,0,0,0,0,0
0.126068,0.012535,0.032594,0.034591,-0.009717,-0.013374,0,0,0,0,0
0.12607,0.012859,0.03227,0.034591,-0.00907,-0.014669,0,0,0,0,0
0.126072,0.012859,0.031947,0.034591,-0.008747,-0.016287,0,0,0,0,0
0.126074,0.012211,0.030005,0.034915,-0.0081,-0.016934,0,0,0,0,0
0.126076,0.011564,0.02774,0.034915,-0.00713,-0.01661,0,0,0,0,0
0.126078,0.009623,0.026122,0.035238,-0.006483,-0.015963,0,0,0,0,0
0.12608,0.007682,0.024504,0.035238,-0.006483,-0.01564,0,0,0,0,0
0.126082,0.007035,0.022239,0.036209,-0.00616,-0.014345,0,0,0,0,0
0.126084,0.005093,0.021268,0.036209,-0.00616,-0.014021,0,0,0,0,0
0.126086,0.004123,0.019974,0.036532,-0.006483,-0.014021,0,0,0,0,0
0.126088,0.002829,0.018032,0.036209,-0.006483,-0.013698,0,0,0,0,0
0.12609,0.002182,0.015767,0.036532,-0.006483,-0.014021,0,0,0,0,0
0.126092,0.001211,0.013179,0.035885,-0.00616,-0.013051,0,0,0,0,0
0.1260939999999999,-8.3218e-05,0.01059,0.035562,-0.00616,-0.01208,0,0,0,0,0
0.1260959999999999,-0.001701,0.007354,0.035238,-0.005836,-0.011433,0,0,0,0,0
0.126098,-0.002995,0.004118,0.034915,-0.004866,-0.009491,0,0,0,0,0
0.1261,-0.004613,0.0025,0.034915,-0.003249,-0.007873,0,0,0,0,0
0.126102,-0.005583,0.003471,0.034591,-0.001956,-0.005607,0,0,0,0,0
0.126104,-0.006231,0.003147,0.034268,-0.001309,-0.004637,0,0,0,0,0
0.126106,-0.006878,0.004118,0.033944,0.000308,-0.003342,0,0,0,0,0
0.126108,-0.005583,0.005736,0.033298,0.000955,-0.002695,0,0,0,0,0
0.12611,-0.004613,0.005089,0.032974,0.001601,-0.002048,0,0,0,0,0
0.126112,-0.002995,0.003795,0.032327,0.002248,-0.000753,0,0,0,0,0
0.126114,-0.001701,0.000882,0.031357,0.002895,0.000541,0,0,0,0,0
0.126116,-0.001054,-0.002354,0.03071,0.004189,0.003454,0,0,0,0,0
0.126118,-0.001054,-0.005266,0.03071,0.005159,0.006366,0,0,0,0,0
0.12612,-0.001377,-0.007531,0.030063,0.007099,0.009926,0,0,0,0,0
0.126122,-0.001701,-0.009796,0.029739,0.008069,0.013486,0,0,0,0,0
0.126124,-0.001054,-0.01012,0.029093,0.009686,0.016075,0,0,0,0,0
0.126126,-8.3218e-05,-0.010443,0.028446,0.010656,0.01834,0,0,0,0,0
0.126128,0.001211,-0.009796,0.027475,0.011303,0.019634,0,0,0,0,0
0.12613,0.003799,-0.010443,0.026828,0.011303,0.019311,0,0,0,0,0
0.126132,0.005741,-0.012061,0.027152,0.01098,0.019958,0,0,0,0,0
0.126134,0.007358,-0.014003,0.026181,0.01098,0.020282,0,0,0,0,0
0.126136,0.008329,-0.017886,0.026505,0.010656,0.021576,0,0,0,0,0
0.126138,0.008005,-0.022416,0.026505,0.010656,0.023194,0,0,0,0,0
0.12614,0.008005,-0.026622,0.026505,0.010656,0.026107,0,0,0,0,0
0.126142,0.007358,-0.029858,0.026828,0.010333,0.028048,0,0,0,0,0
0.126144,0.007035,-0.030829,0.026505,0.01001,0.030314,0,0,0,0,0
0.126146,0.007035,-0.031153,0.026505,0.009363,0.031285,0,0,0,0,0
0.126148,0.007682,-0.031153,0.026505,0.007746,0.030637,0,0,0,0,0
0.1261499999999999,0.008652,-0.031153,0.026181,0.006129,0.029666,0,0,0,0,0
0.126152,0.009623,-0.031476,0.026181,0.004512,0.028696,0,0,0,0,0
0.126154,0.01027,-0.032771,0.025211,0.003218,0.027401,0,0,0,0,0
0.126156,0.01027,-0.034389,0.024564,0.002572,0.028372,0,0,0,0,0
0.126158,0.0093,-0.035683,0.023594,0.001601,0.029666,0,0,0,0,0
0.12616,0.008652,-0.036006,0.0223,0.001278,0.031932,0,0,0,0,0
0.126162,0.007358,-0.034065,0.021006,0.000308,0.03355,0,0,0,0,0
0.126164,0.007035,-0.032447,0.020036,-0.001309,0.034521,0,0,0,0,0
0.126166,0.007358,-0.029211,0.019065,-0.003896,0.035815,0,0,0,0,0
0.126168,0.008005,-0.026299,0.017771,-0.006483,0.035815,0,0,0,0,0
0.12617,0.0093,-0.024357,0.017125,-0.009394,0.035491,0,0,0,0,0
0.126172,0.010917,-0.022739,0.016801,-0.012304,0.035168,0,0,0,0,0
0.126174,0.011888,-0.021445,0.016478,-0.015538,0.036139,0,0,0,0,0
0.126176,0.013182,-0.020798,0.016478,-0.018772,0.037433,0,0,0,0,0
0.126178,0.013829,-0.020474,0.015507,-0.021683,0.039375,0,0,0,0,0
0.12618,0.014153,-0.019504,0.01486,-0.024593,0.042287,0,0,0,0,0
0.126182,0.014153,-0.01918,0.014537,-0.026857,0.045524,0,0,0,0,0
0.126184,0.014476,-0.01918,0.014213,-0.029444,0.048112,0,0,0,0,0
0.126186,0.014153,-0.017886,0.013243,-0.031708,0.051025,0,0,0,0,0
0.126188,0.014476,-0.016268,0.01292,-0.033001,0.052319,0,0,0,0,0
0.12619,0.0148,-0.014003,0.01292,-0.034295,0.053937,0,0,0,0,0
0.126192,0.015123,-0.012061,0.011949,-0.034618,0.054908,0,0,0,0,0
0.126194,0.015447,-0.011414,0.011949,-0.034942,0.055232,0,0,0,0,0
0.126196,0.015123,-0.01109,0.010979,-0.034942,0.056203,0,0,0,0,0
0.126198,0.0148,-0.012061,0.010332,-0.034618,0.057497,0,0,0,0,0
0.1262,0.013506,-0.012708,0.009361,-0.033648,0.059115,0,0,0,0,0
0.126202,0.012211,-0.013679,0.007744,-0.032678,0.061057,0,0,0,0,0
0.1262039999999999,0.010917,-0.014973,0.00645,-0.031708,0.062351,0,0,0,0,0
0.1262059999999999,0.009623,-0.01465,0.004833,-0.031061,0.063646,0,0,0,0,0
0.126208,0.009623,-0.013355,0.003539,-0.030414,0.06397,0,0,0,0,0
0.12621,0.009947,-0.012061,0.002245,-0.030091,0.063646,0,0,0,0,0
0.126212,0.010917,-0.01109,0.001598,-0.030414,0.062999,0,0,0,0,0
0.126214,0.011564,-0.012385,0.000952,-0.030738,0.062351,0,0,0,0,0
0.126216,0.011888,-0.013679,0.000628,-0.030414,0.062351,0,0,0,0,0
0.126218,0.011888,-0.015621,0.001275,-0.030414,0.062999,0,0,0,0,0
0.12622,0.011564,-0.019504,0.001598,-0.030091,0.063322,0,0,0,0,0
0.126222,0.010594,-0.022416,0.002245,-0.030414,0.06397,0,0,0,0,0
0.126224,0.01027,-0.02371,0.003216,-0.029767,0.064293,0,0,0,0,0
0.126226,0.009947,-0.024034,0.004833,-0.029444,0.064293,0,0,0,0,0
0.126228,0.01027,-0.02371,0.006127,-0.029767,0.063646,0,0,0,0,0
0.12623,0.011241,-0.023387,0.007744,-0.030091,0.062999,0,0,0,0,0
0.126232,0.011888,-0.024034,0.009038,-0.030738,0.062351,0,0,0,0,0
0.126234,0.012535,-0.025652,0.009685,-0.031061,0.061704,0,0,0,0,0
0.126236,0.012859,-0.029535,0.010655,-0.031384,0.061704,0,0,0,0,0
0.126238,0.012535,-0.034065,0.010979,-0.031384,0.062675,0,0,0,0,0
0.12624,0.011564,-0.037624,0.011626,-0.030738,0.063646,0,0,0,0,0
0.126242,0.009623,-0.039566,0.011949,-0.030414,0.065588,0,0,0,0,0
0.126244,0.008329,-0.040213,0.012596,-0.030091,0.066558,0,0,0,0,0
0.126246,0.007035,-0.038272,0.013243,-0.029444,0.066235,0,0,0,0,0
0.126248,0.006711,-0.035683,0.014213,-0.029444,0.066235,0,0,0,0,0
0.12625,0.006388,-0.032447,0.015184,-0.029767,0.064293,0,0,0,0,0
0.126252,0.006711,-0.030506,0.015831,-0.029767,0.062028,0,0,0,0,0
0.126254,0.006064,-0.029535,0.016154,-0.029767,0.060086,0,0,0,0,0
0.126256,0.005417,-0.029858,0.015507,-0.029767,0.059115,0,0,0,0,0
0.126258,0.003476,-0.030182,0.015831,-0.029444,0.058792,0,0,0,0,0
0.1262599999999999,0.001535,-0.029535,0.015831,-0.028474,0.059439,0,0,0,0,0
0.1262619999999999,-0.00073,-0.027593,0.015184,-0.026857,0.059763,0,0,0,0,0
0.126264,-0.002348,-0.024681,0.015184,-0.025563,0.060086,0,0,0,0,0
0.126266,-0.004289,-0.021122,0.01486,-0.02427,0.059763,0,0,0,0,0
0.126268,-0.00526,-0.016268,0.014537,-0.023623,0.058144,0,0,0,0,0
0.12627,-0.005583,-0.012385,0.014537,-0.023623,0.056526,0,0,0,0,0
0.126272,-0.00526,-0.009796,0.014537,-0.023623,0.054261,0,0,0,0,0
0.126274,-0.00526,-0.007207,0.014213,-0.0233,0.052319,0,0,0,0,0
0.126276,-0.004936,-0.005589,0.015184,-0.0233,0.050378,0,0,0,0,0
0.126278,-0.004936,-0.003648,0.015831,-0.022653,0.04876,0,0,0,0,0
0.12628,-0.005583,-0.003001,0.016801,-0.022006,0.047465,0,0,0,0,0
0.126282,-0.006231,-0.001706,0.018095,-0.020066,0.046171,0,0,0,0,0
0.126284,-0.007201,0.000559,0.019712,-0.018125,0.044553,0,0,0,0,0
0.126286,-0.007525,0.003147,0.021006,-0.016508,0.043258,0,0,0,0,0
0.126288,-0.007848,0.006383,0.02133,-0.014568,0.040993,0,0,0,0,0
0.12629,-0.007525,0.009296,0.0223,-0.013274,0.037757,0,0,0,0,0
0.126292,-0.007201,0.011884,0.0223,-0.012628,0.034521,0,0,0,0,0
0.126294,-0.006554,0.012855,0.022623,-0.011981,0.030637,0,0,0,0,0
0.126296,-0.005907,0.013502,0.022947,-0.011011,0.02643,0,0,0,0,0
0.126298,-0.005583,0.012855,0.02327,-0.009717,0.023518,0,0,0,0,0
0.1263,-0.005583,0.01059,0.023594,-0.007453,0.021252,0,0,0,0,0
0.126302,-0.006554,0.008972,0.023594,-0.005836,0.020605,0,0,0,0,0
0.126304,-0.008172,0.007678,0.022623,-0.003249,0.020282,0,0,0,0,0
0.126306,-0.00979,0.007678,0.022623,-0.000662,0.020605,0,0,0,0,0
0.126308,-0.01076,0.008972,0.021653,0.001601,0.020929,0,0,0,0,0
0.12631,-0.011731,0.010914,0.020683,0.003542,0.020929,0,0,0,0,0
0.126312,-0.012378,0.012531,0.020359,0.005806,0.019958,0,0,0,0,0
0.126314,-0.012701,0.013502,0.019065,0.007099,0.018987,0,0,0,0,0
0.1263159999999999,-0.013349,0.013826,0.018418,0.008716,0.018016,0,0,0,0,0
0.1263179999999999,-0.013996,0.013502,0.017771,0.01001,0.017045,0,0,0,0,0
0.12632,-0.014966,0.011237,0.016478,0.011303,0.017693,0,0,0,0,0
0.126322,-0.016584,0.008972,0.015507,0.013244,0.01834,0,0,0,0,0
0.126324,-0.018849,0.008001,0.014213,0.015507,0.019634,0,0,0,0,0
0.126326,-0.020143,0.00703,0.013243,0.017448,0.020282,0,0,0,0,0
0.126328,-0.021114,0.007354,0.012273,0.019065,0.020929,0,0,0,0,0
0.12633,-0.021761,0.007678,0.012273,0.020358,0.020282,0,0,0,0,0
0.126332,-0.021761,0.007354,0.012273,0.021005,0.018664,0,0,0,0,0
0.126334,-0.021761,0.00703,0.01292,0.022622,0.016722,0,0,0,0,0
0.126336,-0.021437,0.005089,0.013566,0.023269,0.015104,0,0,0,0,0
0.126338,-0.021761,0.002177,0.014213,0.023915,0.014133,0,0,0,0,0
0.12634,-0.022731,-0.000412,0.015184,0.024886,0.013162,0,0,0,0,0
0.126342,-0.024025,-0.003324,0.015831,0.025209,0.013486,0,0,0,0,0
0.126344,-0.024349,-0.004619,0.016154,0.025532,0.013162,0,0,0,0,0
0.126346,-0.024996,-0.005589,0.017125,0.025856,0.012191,0,0,0,0,0
0.126348,-0.02532,-0.006237,0.018095,0.025532,0.01122,0,0,0,0,0
0.12635,-0.02532,-0.005913,0.019389,0.025856,0.009602,0,0,0,0,0
0.126352,-0.024673,-0.006237,0.021653,0.025856,0.007661,0,0,0,0,0
0.126354,-0.024349,-0.008178,0.023594,0.025856,0.006366,0,0,0,0,0
0.126356,-0.024025,-0.010443,0.025211,0.025856,0.005395,0,0,0,0,0
0.126358,-0.024025,-0.013032,0.026505,0.026179,0.005719,0,0,0,0,0
0.12636,-0.024025,-0.014973,0.027475,0.025856,0.006043,0,0,0,0,0
0.126362,-0.024025,-0.016591,0.028122,0.025532,0.007013,0,0,0,0,0
0.126364,-0.024025,-0.017886,0.028446,0.025209,0.007984,0,0,0,0,0
0.126366,-0.023378,-0.017562,0.028769,0.024562,0.008308,0,0,0,0,0
0.126368,-0.022084,-0.015621,0.029093,0.024239,0.007661,0,0,0,0,0
0.12637,-0.020466,-0.013355,0.029093,0.023269,0.006043,0,0,0,0,0
0.1263719999999999,-0.017555,-0.010443,0.029739,0.022298,0.004425,0,0,0,0,0
0.126374,-0.015613,-0.007531,0.029093,0.021652,0.002806,0,0,0,0,0
0.126376,-0.012701,-0.005266,0.029093,0.021328,0.000865,0,0,0,0,0
0.126378,-0.010437,-0.002354,0.029093,0.021652,-0.000106,0,0,0,0,0
0.12638,-0.008495,-0.000412,0.028769,0.021652,-0.00043,0,0,0,0,0
0.126382,-0.007525,0.002177,0.028122,0.022945,-0.000106,0,0,0,0,0
0.126384,-0.006231,0.005413,0.027799,0.024239,0.000541,0,0,0,0,0
0.126386,-0.004936,0.009619,0.027152,0.025532,0.001512,0,0,0,0,0
0.126388,-0.004289,0.013502,0.026505,0.026826,0.00313,0,0,0,0,0
0.12639,-0.002672,0.018356,0.025858,0.028443,0.003454,0,0,0,0,0
0.126392,-0.001377,0.02321,0.025211,0.029736,0.004425,0,0,0,0,0
0.126394,-8.3218e-05,0.02774,0.024564,0.030383,0.005072,0,0,0,0,0
0.126396,0.001211,0.030329,0.023917,0.031353,0.005395,0,0,0,0,0
0.126398,0.002505,0.03227,0.022947,0.032324,0.006043,0,0,0,0,0
0.1264,0.002505,0.032917,0.0223,0.033617,0.007984,0,0,0,0,0
0.126402,0.002182,0.030976,0.02133,0.035234,0.01122,0,0,0,0,0
0.126404,0.001211,0.029034,0.020683,0.037174,0.01478,0,0,0,0,0
0.126406,-0.000407,0.028064,0.019712,0.039438,0.019311,0,0,0,0,0
0.126408,-0.001701,0.028387,0.019389,0.041378,0.023518,0,0,0,0,0
0.12641,-0.002995,0.029681,0.018742,0.042995,0.02643,0,0,0,0,0
0.126412,-0.003319,0.031623,0.018742,0.043966,0.028696,0,0,0,0,0
0.126414,-0.002672,0.034535,0.018095,0.044289,0.029666,0,0,0,0,0
0.126416,-0.001701,0.035506,0.017771,0.044289,0.030314,0,0,0,0,0
0.126418,-0.000407,0.034859,0.018418,0.044289,0.030314,0,0,0,0,0
0.12642,0.00024,0.033565,0.018095,0.043966,0.031285,0,0,0,0,0
0.126422,0.000564,0.032594,0.018418,0.044612,0.032579,0,0,0,0,0
0.126424,0.00024,0.031299,0.018742,0.044612,0.034197,0,0,0,0,0
0.1264259999999999,-8.3218e-05,0.031623,0.019065,0.045259,0.035815,0,0,0,0,0
0.1264279999999999,-0.00073,0.033565,0.019712,0.045906,0.03711,0,0,0,0,0
0.12643,-0.00073,0.03583,0.020036,0.045259,0.03711,0,0,0,0,0
0.126432,-8.3218e-05,0.037448,0.020036,0.044289,0.036462,0,0,0,0,0
0.126434,0.00024,0.041007,0.020359,0.042349,0.035168,0,0,0,0,0
0.126436,0.000887,0.041331,0.020359,0.040408,0.033873,0,0,0,0,0
0.126438,0.000564,0.041331,0.020359,0.038468,0.032903,0,0,0,0,0
0.12644,0.000887,0.039713,0.020359,0.036204,0.031932,0,0,0,0,0
0.126442,0.00024,0.039389,0.020036,0.03394,0.031608,0,0,0,0,0
0.126444,-0.001054,0.039389,0.019712,0.031677,0.030961,0,0,0,0,0
0.126446,-0.000407,0.038095,0.019389,0.02909,0.030637,0,0,0,0,0
0.126448,-0.001054,0.037448,0.018742,0.026179,0.029343,0,0,0,0,0
0.12645,-0.001054,0.038095,0.018418,0.023915,0.028048,0,0,0,0,0
0.126452,-0.000407,0.037771,0.018095,0.021005,0.026107,0,0,0,0,0
0.126454,-8.3218e-05,0.0368,0.017771,0.018094,0.024489,0,0,0,0,0
0.126456,0.000564,0.036153,0.017125,0.01486,0.022547,0,0,0,0,0
0.126458,0.000887,0.034535,0.017125,0.012597,0.020605,0,0,0,0,0
0.12646,0.001211,0.033241,0.017125,0.01098,0.019634,0,0,0,0,0
0.126462,0.001211,0.031947,0.016478,0.009686,0.018664,0,0,0,0,0
0.126464,0.000564,0.030652,0.015831,0.008069,0.018664,0,0,0,0,0
0.126466,0.000887,0.029681,0.015184,0.007423,0.01834,0,0,0,0,0
0.126468,0.00024,0.027416,0.014213,0.006129,0.017693,0,0,0,0,0
0.12647,0.00024,0.026122,0.013243,0.005806,0.017369,0,0,0,0,0
0.126472,0.00024,0.024181,0.01292,0.005482,0.017045,0,0,0,0,0
0.126474,0.00024,0.022563,0.012596,0.005159,0.016398,0,0,0,0,0
0.126476,0.00024,0.01965,0.011949,0.005159,0.015751,0,0,0,0,0
0.126478,-0.000407,0.018032,0.011626,0.006129,0.015427,0,0,0,0,0
0.12648,-0.001054,0.015444,0.011949,0.006452,0.015751,0,0,0,0,0
0.1264819999999999,-0.002024,0.014797,0.011626,0.007746,0.016075,0,0,0,0,0
0.1264839999999999,-0.003319,0.013826,0.011302,0.008716,0.016398,0,0,0,0,0
0.126486,-0.004936,0.013179,0.010655,0.01001,0.017045,0,0,0,0,0
0.126488,-0.006231,0.014797,0.010008,0.010656,0.017693,0,0,0,0,0
0.12649,-0.006878,0.015444,0.008715,0.011303,0.017045,0,0,0,0,0
0.126492,-0.007525,0.017062,0.008068,0.012273,0.015751,0,0,0,0,0
0.126494,-0.007848,0.019003,0.007097,0.012273,0.01478,0,0,0,0,0
0.126496,-0.008495,0.019327,0.006127,0.012597,0.013162,0,0,0,0,0
0.126498,-0.009466,0.019327,0.004833,0.013244,0.011544,0,0,0,0,0
0.1265,-0.011084,0.01965,0.00451,0.013567,0.01025,0,0,0,0,0
0.126502,-0.012701,0.019003,0.003216,0.014537,0.009926,0,0,0,0,0
0.126504,-0.014966,0.018032,0.001922,0.015184,0.009926,0,0,0,0,0
0.126506,-0.017231,0.018032,0.000952,0.016801,0.009926,0,0,0,0,0
0.126508,-0.018849,0.019327,-0.000342,0.017771,0.009279,0,0,0,0,0
0.12651,-0.020143,0.021268,-0.001636,0.019388,0.007337,0,0,0,0,0
0.126512,-0.020466,0.02321,-0.002283,0.021005,0.004101,0,0,0,0,0
0.126514,-0.019496,0.024504,-0.00293,0.021975,0.000865,0,0,0,0,0
0.126516,-0.019496,0.024181,-0.003577,0.023592,-0.002371,0,0,0,0,0
0.126518,-0.018525,0.022239,-0.003577,0.025532,-0.005607,0,0,0,0,0
0.12652,-0.019172,0.01965,-0.004224,0.027473,-0.006902,0,0,0,0,0
0.126522,-0.019819,0.017062,-0.004547,0.02909,-0.007873,0,0,0,0,0
0.126524,-0.02079,0.015444,-0.004871,0.031353,-0.008196,0,0,0,0,0
0.126526,-0.022084,0.015444,-0.005841,0.033617,-0.007549,0,0,0,0,0
0.126528,-0.023378,0.015767,-0.006488,0.035234,-0.007873,0,0,0,0,0
0.12653,-0.024025,0.016414,-0.006812,0.037174,-0.008196,0,0,0,0,0
0.126532,-0.024025,0.017385,-0.007458,0.039762,-0.010138,0,0,0,0,0
0.126534,-0.024025,0.017709,-0.007782,0.040732,-0.011433,0,0,0,0,0
0.126536,-0.023055,0.017385,-0.008429,0.042995,-0.013051,0,0,0,0,0
0.1265379999999999,-0.022084,0.015767,-0.009076,0.043966,-0.014345,0,0,0,0,0
0.1265399999999999,-0.020466,0.013179,-0.009723,0.045259,-0.014992,0,0,0,0,0
0.126542,-0.019819,0.008972,-0.009723,0.046553,-0.014021,0,0,0,0,0
0.126544,-0.019496,0.005736,-0.01037,0.047523,-0.014345,0,0,0,0,0
0.126546,-0.019819,0.003471,-0.011016,0.048493,-0.014021,0,0,0,0,0
0.126548,-0.019819,0.002824,-0.01134,0.050433,-0.013374,0,0,0,0,0
0.12655,-0.019496,0.002824,-0.011663,0.05205,-0.013374,0,0,0,0,0
0.126552,-0.019172,0.001853,-0.01231,0.053344,-0.013698,0,0,0,0,0
0.126554,-0.018525,0.00153,-0.012957,0.053991,-0.014992,0,0,0,0,0
0.126556,-0.016908,0.000882,-0.013281,0.054314,-0.015316,0,0,0,0,0
0.126558,-0.015937,0.001206,-0.013928,0.054961,-0.016287,0,0,0,0,0
0.12656,-0.014966,0.001206,-0.014251,0.054961,-0.017581,0,0,0,0,0
0.126562,-0.014643,-0.000736,-0.014575,0.055284,-0.017581,0,0,0,0,0
0.126564,-0.014966,-0.001383,-0.014898,0.055608,-0.016934,0,0,0,0,0
0.126566,-0.01529,-0.001383,-0.015545,0.055284,-0.015963,0,0,0,0,0
0.126568,-0.015613,-0.002354,-0.016839,0.055284,-0.015316,0,0,0,0,0
0.12657,-0.014643,-0.00203,-0.017809,0.053991,-0.014669,0,0,0,0,0
0.126572,-0.013672,-0.001059,-0.01878,0.05205,-0.015316,0,0,0,0,0
0.126574,-0.011731,0.000882,-0.01975,0.049463,-0.01661,0,0,0,0,0
0.126576,-0.010113,0.00153,-0.021367,0.046553,-0.018228,0,0,0,0,0
0.126578,-0.008495,0.000882,-0.022338,0.042995,-0.019847,0,0,0,0,0
0.12658,-0.007201,0.000235,-0.022661,0.039762,-0.022112,0,0,0,0,0
0.126582,-0.006231,-0.001706,-0.023308,0.037821,-0.02373,0,0,0,0,0
0.126584,-0.006231,-0.004942,-0.023631,0.035234,-0.024701,0,0,0,0,0
0.126586,-0.006878,-0.007531,-0.023308,0.033294,-0.024701,0,0,0,0,0
0.126588,-0.008172,-0.009796,-0.023631,0.032,-0.025024,0,0,0,0,0
0.12659,-0.008819,-0.010443,-0.023308,0.03103,-0.024053,0,0,0,0,0
0.126592,-0.009466,-0.009472,-0.022985,0.029413,-0.02373,0,0,0,0,0
0.1265939999999999,-0.009142,-0.009796,-0.022985,0.027796,-0.022435,0,0,0,0,0
0.126596,-0.007848,-0.009796,-0.022661,0.025856,-0.021788,0,0,0,0,0
0.126598,-0.006231,-0.01012,-0.022338,0.024239,-0.02017,0,0,0,0,0
0.1266,-0.00526,-0.011414,-0.021691,0.022622,-0.018228,0,0,0,0,0
0.126602,-0.004289,-0.013679,-0.02072,0.021652,-0.015316,0,0,0,0,0
0.126604,-0.004289,-0.015297,-0.020397,0.021652,-0.011433,0,0,0,0,0
0.126606,-0.003966,-0.016268,-0.020073,0.022298,-0.007226,0,0,0,0,0
0.126608,-0.002995,-0.015621,-0.020397,0.022622,-0.003019,0,0,0,0,0
0.12661,-0.001377,-0.01465,-0.020397,0.022945,-0.000106,0,0,0,0,0
0.126612,0.000564,-0.013355,-0.021044,0.023269,0.002159,0,0,0,0,0
0.126614,0.003799,-0.012061,-0.021367,0.022945,0.003454,0,0,0,0,0
0.126616,0.006388,-0.01109,-0.021691,0.022298,0.004101,0,0,0,0,0
0.126618,0.008329,-0.011738,-0.022338,0.021652,0.005395,0,0,0,0,0
0.12662,0.009623,-0.013355,-0.022338,0.021652,0.00669,0,0,0,0,0
0.126622,0.009947,-0.013679,-0.023308,0.021975,0.009279,0,0,0,0,0
0.126624,0.009947,-0.014326,-0.023631,0.022945,0.010897,0,0,0,0,0
0.126626,0.009623,-0.015297,-0.024278,0.022622,0.012839,0,0,0,0,0
0.126628,0.009623,-0.015297,-0.024602,0.022945,0.013809,0,0,0,0,0
0.12663,0.010594,-0.013032,-0.024602,0.021975,0.013486,0,0,0,0,0
0.126632,0.012211,-0.01109,-0.024602,0.021328,0.012839,0,0,0,0,0
0.126634,0.013506,-0.010767,-0.024602,0.020358,0.011868,0,0,0,0,0
0.126636,0.0148,-0.010443,-0.023955,0.019711,0.010573,0,0,0,0,0
0.126638,0.01577,-0.009796,-0.022985,0.019388,0.009279,0,0,0,0,0
0.12664,0.01577,-0.010767,-0.022338,0.019711,0.008955,0,0,0,0,0
0.126642,0.015447,-0.011738,-0.021367,0.019388,0.008632,0,0,0,0,0
0.126644,0.014153,-0.013679,-0.02072,0.020035,0.009279,0,0,0,0,0
0.126646,0.012859,-0.014003,-0.01975,0.020682,0.009926,0,0,0,0,0
0.1266479999999999,0.011241,-0.014003,-0.019426,0.020682,0.01025,0,0,0,0,0
0.1266499999999999,0.009623,-0.013679,-0.018456,0.021328,0.01122,0,0,0,0,0
0.126652,0.007358,-0.011414,-0.017809,0.021005,0.011544,0,0,0,0,0
0.126654,0.006064,-0.008178,-0.017809,0.020682,0.010897,0,0,0,0,0
0.126656,0.005417,-0.004942,-0.017162,0.020035,0.009602,0,0,0,0,0
0.126658,0.005093,-0.00203,-0.016515,0.019065,0.007984,0,0,0,0,0
0.12666,0.004446,-0.001706,-0.015868,0.017771,0.007013,0,0,0,0,0
0.126662,0.003152,-0.001383,-0.014575,0.017448,0.006043,0,0,0,0,0
0.126664,0.001535,-0.003971,-0.013604,0.016801,0.006043,0,0,0,0,0
0.126666,-0.001054,-0.005913,-0.011663,0.016477,0.007661,0,0,0,0,0
0.126668,-0.003642,-0.008825,-0.01037,0.016154,0.008955,0,0,0,0,0
0.12667,-0.006878,-0.009796,-0.008752,0.016154,0.01122,0,0,0,0,0
0.126672,-0.009142,-0.009796,-0.007135,0.015831,0.012515,0,0,0,0,0
0.126674,-0.01076,-0.008825,-0.005841,0.01486,0.012515,0,0,0,0,0
0.126676,-0.011084,-0.007531,-0.004224,0.014214,0.011544,0,0,0,0,0
0.126678,-0.010437,-0.007207,-0.002607,0.013244,0.009926,0,0,0,0,0
0.12668,-0.00979,-0.008178,-0.000666,0.01292,0.008955,0,0,0,0,0
0.126682,-0.009142,-0.011414,0.001275,0.012273,0.007661,0,0,0,0,0
0.126684,-0.009466,-0.015297,0.002892,0.012273,0.007661,0,0,0,0,0
0.126686,-0.010113,-0.019827,0.004833,0.013567,0.008308,0,0,0,0,0
0.126688,-0.011731,-0.024681,0.006774,0.014537,0.009926,0,0,0,0,0
0.12669,-0.012701,-0.02824,0.008068,0.016154,0.011544,0,0,0,0,0
0.126692,-0.013672,-0.031476,0.010008,0.017448,0.012839,0,0,0,0,0
0.126694,-0.014643,-0.034065,0.010655,0.018741,0.013162,0,0,0,0,0
0.126696,-0.01529,-0.035683,0.011302,0.020035,0.012515,0,0,0,0,0
0.126698,-0.014643,-0.036654,0.011949,0.020682,0.011868,0,0,0,0,0
0.1267,-0.014319,-0.038595,0.012273,0.021652,0.01122,0,0,0,0,0
0.126702,-0.014319,-0.04086,0.012273,0.021975,0.010897,0,0,0,0,0
0.1267039999999999,-0.013996,-0.041831,0.01292,0.022622,0.010573,0,0,0,0,0
0.1267059999999999,-0.013672,-0.042478,0.01292,0.023269,0.010897,0,0,0,0,0
0.126708,-0.014319,-0.042802,0.013243,0.023915,0.010573,0,0,0,0,0
0.12671,-0.014319,-0.041831,0.013243,0.024886,0.009602,0,0,0,0,0
0.126712,-0.013025,-0.039566,0.01389,0.025856,0.009279,0,0,0,0,0
0.126714,-0.012378,-0.037624,0.013566,0.026503,0.008308,0,0,0,0,0
0.126716,-0.010437,-0.036977,0.01389,0.027149,0.00669,0,0,0,0,0
0.126718,-0.008819,-0.037301,0.01389,0.027473,0.005395,0,0,0,0,0
0.12672,-0.007201,-0.039242,0.01389,0.028119,0.004425,0,0,0,0,0
0.126722,-0.004936,-0.041184,0.013566,0.028443,0.003454,0,0,0,0,0
0.126724,-0.003319,-0.044743,0.014537,0.028766,0.003777,0,0,0,0,0
0.126726,-0.002024,-0.047656,0.014537,0.029413,0.004748,0,0,0,0,0
0.126728,-0.00073,-0.04895,0.014537,0.029736,0.005719,0,0,0,0,0
0.12673,-8.3218e-05,-0.050244,0.014537,0.029413,0.007337,0,0,0,0,0
0.126732,0.001211,-0.050568,0.01486,0.02909,0.008955,0,0,0,0,0
0.126734,0.003152,-0.048303,0.014537,0.028443,0.01025,0,0,0,0,0
0.126736,0.00477,-0.046361,0.01486,0.027149,0.010897,0,0,0,0,0
0.126738,0.007035,-0.043449,0.015831,0.025532,0.011544,0,0,0,0,0
0.12674,0.008329,-0.04086,0.015831,0.023269,0.011544,0,0,0,0,0
0.126742,0.010594,-0.039242,0.017125,0.022298,0.011544,0,0,0,0,0
0.126744,0.011888,-0.039242,0.018095,0.020358,0.011544,0,0,0,0,0
0.126746,0.013182,-0.038919,0.019389,0.019388,0.01122,0,0,0,0,0
0.126748,0.013829,-0.039242,0.020359,0.018741,0.01122,0,0,0,0,0
0.12675,0.0148,-0.038595,0.02133,0.018418,0.01122,0,0,0,0,0
0.126752,0.01577,-0.038272,0.02133,0.019065,0.010897,0,0,0,0,0
0.126754,0.016741,-0.036977,0.021006,0.019065,0.010573,0,0,0,0,0
0.126756,0.018359,-0.036977,0.021006,0.019388,0.01025,0,0,0,0,0
0.126758,0.0203,-0.037948,0.020036,0.020035,0.009279,0,0,0,0,0
0.1267599999999999,0.020947,-0.038919,0.020036,0.020682,0.008955,0,0,0,0,0
0.1267619999999999,0.021271,-0.04086,0.020036,0.021652,0.008955,0,0,0,0,0
0.126764,0.021594,-0.043449,0.020036,0.022945,0.01025,0,0,0,0,0
0.126766,0.020624,-0.046361,0.019389,0.024886,0.011544,0,0,0,0,0
0.126768,0.019977,-0.047656,0.019389,0.027149,0.013809,0,0,0,0,0
0.12677,0.019977,-0.047656,0.018742,0.028443,0.015104,0,0,0,0,0
0.126772,0.0203,-0.045714,0.018418,0.029413,0.015751,0,0,0,0,0
0.126774,0.021271,-0.044096,0.018095,0.029736,0.016075,0,0,0,0,0
0.126776,0.022888,-0.041831,0.018095,0.029413,0.01478,0,0,0,0,0
0.126778,0.025477,-0.03989,0.018742,0.028443,0.013162,0,0,0,0,0
0.12678,0.027742,-0.03989,0.019389,0.027473,0.012191,0,0,0,0,0
0.126782,0.029359,-0.040213,0.019389,0.026826,0.011868,0,0,0,0,0
0.126784,0.029683,-0.041184,0.020036,0.026503,0.012839,0,0,0,0,0
0.126786,0.030006,-0.042155,0.020359,0.026179,0.01478,0,0,0,0,0
0.126788,0.029036,-0.043449,0.020359,0.026826,0.017693,0,0,0,0,0
0.12679,0.028389,-0.043449,0.020036,0.027473,0.020282,0,0,0,0,0
0.126792,0.027094,-0.040537,0.019712,0.027796,0.022547,0,0,0,0,0
0.126794,0.027094,-0.036977,0.019065,0.027473,0.023518,0,0,0,0,0
0.126796,0.027418,-0.033418,0.018742,0.026826,0.023841,0,0,0,0,0
0.126798,0.028389,-0.029535,0.018418,0.026826,0.023518,0,0,0,0,0
0.1268,0.029036,-0.025652,0.017771,0.026179,0.022223,0,0,0,0,0
0.126802,0.030653,-0.023387,0.017448,0.025532,0.021576,0,0,0,0,0
0.126804,0.030977,-0.021445,0.017771,0.025209,0.020929,0,0,0,0,0
0.126806,0.031301,-0.021769,0.017448,0.024562,0.020605,0,0,0,0,0
0.126808,0.030653,-0.021445,0.017771,0.024562,0.020929,0,0,0,0,0
0.12681,0.029683,-0.021122,0.017771,0.024562,0.0219,0,0,0,0,0
0.126812,0.028389,-0.021122,0.018095,0.024562,0.022547,0,0,0,0,0
0.126814,0.026447,-0.019504,0.018095,0.024562,0.023518,0,0,0,0,0
0.1268159999999999,0.02483,-0.017562,0.018095,0.024886,0.023194,0,0,0,0,0
0.126818,0.024183,-0.015297,0.018095,0.024886,0.022223,0,0,0,0,0
0.12682,0.023859,-0.013679,0.018095,0.024562,0.020605,0,0,0,0,0
0.126822,0.023859,-0.013355,0.017771,0.023915,0.01834,0,0,0,0,0
0.126824,0.023859,-0.013355,0.017448,0.022622,0.015104,0,0,0,0,0
0.126826,0.023212,-0.012385,0.017771,0.021652,0.012191,0,0,0,0,0
0.126828,0.022241,-0.012385,0.017771,0.020358,0.009926,0,0,0,0,0
0.12683,0.020947,-0.012385,0.017125,0.018418,0.007661,0,0,0,0,0
0.126832,0.0203,-0.011738,0.017125,0.016154,0.006043,0,0,0,0,0
0.126834,0.019653,-0.010443,0.016801,0.01292,0.003777,0,0,0,0,0
0.126836,0.019653,-0.008825,0.016478,0.01001,0.001512,0,0,0,0,0
0.126838,0.019653,-0.007854,0.016154,0.006776,-0.000753,0,0,0,0,0
0.12684,0.0203,-0.007207,0.015831,0.002572,-0.003019,0,0,0,0,0
0.126842,0.0203,-0.007207,0.015831,-0.000662,-0.005284,0,0,0,0,0
0.126844,0.020624,-0.007854,0.015507,-0.00422,-0.00496,0,0,0,0,0
0.126846,0.019329,-0.009149,0.015184,-0.007453,-0.003989,0,0,0,0,0
0.126848,0.018359,-0.009149,0.01486,-0.009717,-0.002371,0,0,0,0,0
0.12685,0.016094,-0.008502,0.014537,-0.011981,0.000218,0,0,0,0,0
0.126852,0.014476,-0.00656,0.01389,-0.013598,0.002806,0,0,0,0,0
0.126854,0.013182,-0.003648,0.013243,-0.015215,0.004425,0,0,0,0,0
0.126856,0.012211,-0.001059,0.013243,-0.015862,0.005719,0,0,0,0,0
0.126858,0.011564,0.001853,0.012273,-0.017155,0.005719,0,0,0,0,0
0.12686,0.011564,0.003471,0.012273,-0.017479,0.006366,0,0,0,0,0
0.126862,0.011241,0.003795,0.011302,-0.017802,0.007013,0,0,0,0,0
0.126864,0.011241,0.003471,0.010655,-0.017802,0.008308,0,0,0,0,0
0.126866,0.010594,0.0025,0.009685,-0.017155,0.009926,0,0,0,0,0
0.126868,0.01027,0.002824,0.008391,-0.016832,0.012191,0,0,0,0,0
0.1268699999999999,0.0093,0.004765,0.007097,-0.015862,0.014133,0,0,0,0,0
0.1268719999999999,0.0093,0.006707,0.00645,-0.014245,0.015104,0,0,0,0,0
0.126874,0.009623,0.010914,0.004833,-0.012951,0.016398,0,0,0,0,0
0.126876,0.01027,0.012531,0.003863,-0.012304,0.016398,0,0,0,0,0
0.126878,0.011564,0.014473,0.002245,-0.011011,0.016398,0,0,0,0,0
0.12688,0.012535,0.016091,0.000952,-0.010041,0.015751,0,0,0,0,0
0.126882,0.013829,0.016738,-0.000989,-0.008747,0.016398,0,0,0,0,0
0.126884,0.0148,0.017385,-0.002283,-0.007777,0.017045,0,0,0,0,0
0.126886,0.014476,0.01868,-0.004224,-0.005836,0.017693,0,0,0,0,0
0.126888,0.0148,0.020621,-0.005518,-0.00422,0.01834,0,0,0,0,0
0.12689,0.015123,0.02321,-0.006165,-0.001956,0.01834,0,0,0,0,0
0.126892,0.01577,0.026122,-0.008105,-0.000339,0.018016,0,0,0,0,0
0.126894,0.016094,0.028387,-0.009399,0.001601,0.017369,0,0,0,0,0
0.126896,0.017712,0.031623,-0.01037,0.002248,0.016398,0,0,0,0,0
0.126898,0.018682,0.033241,-0.01134,0.003865,0.015427,0,0,0,0,0
0.1269,0.0203,0.033888,-0.01231,0.005159,0.013809,0,0,0,0,0
0.126902,0.021271,0.033888,-0.012957,0.006129,0.012515,0,0,0,0,0
0.126904,0.021594,0.031947,-0.013604,0.007423,0.010897,0,0,0,0,0
0.126906,0.022241,0.029358,-0.013928,0.008716,0.010573,0,0,0,0,0
0.126908,0.021271,0.027093,-0.014251,0.01001,0.009926,0,0,0,0,0
0.12691,0.020624,0.023857,-0.015221,0.01195,0.009926,0,0,0,0,0
0.126912,0.019329,0.022563,-0.015545,0.013244,0.009926,0,0,0,0,0
0.126914,0.019006,0.021915,-0.016515,0.013567,0.009279,0,0,0,0,0
0.126916,0.019977,0.022239,-0.017162,0.014214,0.007984,0,0,0,0,0
0.126918,0.021271,0.022239,-0.017162,0.013567,0.005719,0,0,0,0,0
0.12692,0.022888,0.021915,-0.017162,0.012273,0.003777,0,0,0,0,0
0.126922,0.024506,0.019974,-0.016839,0.011627,0.001512,0,0,0,0,0
0.126924,0.025477,0.015767,-0.015868,0.010656,-0.000106,0,0,0,0,0
0.1269259999999999,0.0258,0.011237,-0.014575,0.010333,-0.000753,0,0,0,0,0
0.1269279999999999,0.02483,0.006707,-0.013281,0.010333,-0.000106,0,0,0,0,0
0.12693,0.024183,0.003471,-0.011987,0.010656,0.000865,0,0,0,0,0
0.126932,0.023859,0.000882,-0.011016,0.011627,0.001836,0,0,0,0,0
0.126934,0.024183,-8.8422e-05,-0.01037,0.01195,0.002159,0,0,0,0,0
0.126936,0.0258,-0.001059,-0.009399,0.012597,0.001512,0,0,0,0,0
0.126938,0.027742,-0.000736,-0.008429,0.01292,0.001188,0,0,0,0,0
0.12694,0.029683,-0.001383,-0.006812,0.013567,0.000865,0,0,0,0,0
0.126942,0.031301,-0.003001,-0.005841,0.014537,0.000541,0,0,0,0,0
0.126944,0.032271,-0.004619,-0.004871,0.015184,0.000865,0,0,0,0,0
0.126946,0.033242,-0.005589,-0.0039,0.016801,0.001836,0,0,0,0,0
0.126948,0.033242,-0.00656,-0.003577,0.017771,0.003777,0,0,0,0,0
0.12695,0.033565,-0.007531,-0.003577,0.019065,0.005072,0,0,0,0,0
0.126952,0.033565,-0.008178,-0.003253,0.019388,0.00669,0,0,0,0,0
0.126954,0.034212,-0.007531,-0.003577,0.020035,0.007984,0,0,0,0,0
0.126956,0.034536,-0.007854,-0.003577,0.020682,0.009602,0,0,0,0,0
0.126958,0.03486,-0.008178,-0.003577,0.021328,0.010573,0,0,0,0,0
0.12696,0.034536,-0.009472,-0.003577,0.021975,0.01122,0,0,0,0,0
0.126962,0.033889,-0.009472,-0.002607,0.022945,0.012839,0,0,0,0,0
0.126964,0.033242,-0.010443,-0.002607,0.023915,0.013486,0,0,0,0,0
0.126966,0.031624,-0.010767,-0.001636,0.024886,0.01478,0,0,0,0,0
0.126968,0.030653,-0.011738,-0.000989,0.026179,0.015751,0,0,0,0,0
0.12697,0.029036,-0.011738,-1.8859e-05,0.027796,0.017369,0,0,0,0,0
0.126972,0.027094,-0.011414,0.001275,0.02909,0.018016,0,0,0,0,0
0.126974,0.025477,-0.011738,0.002569,0.030707,0.018987,0,0,0,0,0
0.126976,0.023859,-0.01109,0.004186,0.032,0.019311,0,0,0,0,0
0.126978,0.022888,-0.010767,0.00548,0.03297,0.019311,0,0,0,0,0
0.12698,0.022241,-0.010443,0.007744,0.03394,0.019311,0,0,0,0,0
0.1269819999999999,0.021594,-0.010443,0.009685,0.034264,0.018987,0,0,0,0,0
0.1269839999999999,0.020624,-0.01109,0.012596,0.034587,0.01834,0,0,0,0,0
0.126986,0.019653,-0.012061,0.015184,0.034911,0.017693,0,0,0,0,0
0.126988,0.018035,-0.012385,0.017771,0.035234,0.018016,0,0,0,0,0
0.12699,0.016418,-0.013355,0.020359,0.035557,0.01834,0,0,0,0,0
0.126992,0.014476,-0.013679,0.0223,0.036528,0.018664,0,0,0,0,0
0.126994,0.013182,-0.012708,0.024888,0.037498,0.018664,0,0,0,0,0
0.126996,0.011888,-0.01109,0.026828,0.037821,0.01834,0,0,0,0,0
0.126998,0.011564,-0.01012,0.028446,0.038145,0.017693,0,0,0,0,0
0.127,0.011241,-0.008502,0.030063,0.038468,0.016075,0,0,0,0,0
0.127002,0.010594,-0.007207,0.031357,0.038791,0.015427,0,0,0,0,0
0.127004,0.008976,-0.00656,0.032974,0.038791,0.015427,0,0,0,0,0
0.127006,0.007682,-0.006237,0.034268,0.039115,0.015427,0,0,0,0,0
0.127008,0.005417,-0.005589,0.035885,0.039762,0.016398,0,0,0,0,0
0.12701,0.002829,-0.004619,0.036856,0.040408,0.017369,0,0,0,0,0
0.127012,0.000887,-0.003648,0.037826,0.041055,0.01834,0,0,0,0,0
0.127014,-0.001377,-0.001706,0.038796,0.041055,0.01834,0,0,0,0,0
0.127016,-0.001701,-8.8422e-05,0.03912,0.041055,0.018016,0,0,0,0,0
0.127018,-0.002024,0.000882,0.039443,0.040408,0.017369,0,0,0,0,0
0.12702,-0.001377,0.000559,0.039443,0.039438,0.016075,0,0,0,0,0
0.127022,-0.001054,-0.001059,0.039443,0.038468,0.016398,0,0,0,0,0
0.127024,-0.00073,-0.003324,0.03912,0.037498,0.017369,0,0,0,0,0
0.127026,-0.00073,-0.005266,0.037826,0.037174,0.018664,0,0,0,0,0
0.127028,-0.001054,-0.007207,0.037503,0.036851,0.019634,0,0,0,0,0
0.12703,-0.00073,-0.009149,0.036532,0.035881,0.021252,0,0,0,0,0
0.127032,-0.000407,-0.009796,0.035562,0.035234,0.022223,0,0,0,0,0
0.127034,0.000564,-0.008502,0.035562,0.034264,0.022223,0,0,0,0,0
0.127036,0.001858,-0.00656,0.034268,0.033294,0.021576,0,0,0,0,0
0.1270379999999999,0.003799,-0.006237,0.033298,0.031677,0.019958,0,0,0,0,0
0.12704,0.005741,-0.006237,0.032974,0.029736,0.018016,0,0,0,0,0
0.127042,0.007682,-0.006884,0.032327,0.028766,0.015751,0,0,0,0,0
0.127044,0.008976,-0.009149,0.03168,0.027149,0.013809,0,0,0,0,0
0.127046,0.0093,-0.012385,0.031033,0.025856,0.012191,0,0,0,0,0
0.127048,0.0093,-0.017562,0.031033,0.025532,0.011868,0,0,0,0,0
0.12705,0.008329,-0.020798,0.03071,0.025532,0.011868,0,0,0,0,0
0.127052,0.006711,-0.024681,0.029739,0.026179,0.013162,0,0,0,0,0
0.127054,0.005417,-0.02727,0.028769,0.026503,0.014133,0,0,0,0,0
0.127056,0.004446,-0.028888,0.027475,0.026826,0.015104,0,0,0,0,0
0.127058,0.00477,-0.029858,0.026505,0.027149,0.015104,0,0,0,0,0
0.12706,0.005741,-0.030506,0.024564,0.026503,0.014457,0,0,0,0,0
0.127062,0.007358,-0.031476,0.02327,0.026503,0.013162,0,0,0,0,0
0.127064,0.008976,-0.032771,0.0223,0.026179,0.012191,0,0,0,0,0
0.127066,0.009947,-0.034389,0.02133,0.026503,0.01122,0,0,0,0,0
0.127068,0.010594,-0.03633,0.020359,0.026179,0.01122,0,0,0,0,0
0.12707,0.009623,-0.037948,0.019065,0.026826,0.011544,0,0,0,0,0
0.127072,0.0093,-0.039242,0.017771,0.027149,0.012515,0,0,0,0,0
0.127074,0.008652,-0.038919,0.015831,0.026503,0.013162,0,0,0,0,0
0.127076,0.007358,-0.037301,0.014537,0.025856,0.013486,0,0,0,0,0
0.127078,0.007035,-0.035359,0.01292,0.024562,0.013486,0,0,0,0,0
0.12708,0.007358,-0.035036,0.011626,0.023269,0.012191,0,0,0,0,0
0.127082,0.007358,-0.033418,0.010979,0.021328,0.010897,0,0,0,0,0
0.127084,0.007682,-0.033741,0.010008,0.020358,0.009602,0,0,0,0,0
0.127086,0.008329,-0.035036,0.009038,0.019065,0.008632,0,0,0,0,0
0.127088,0.008005,-0.037301,0.009038,0.018418,0.008632,0,0,0,0,0
0.12709,0.008005,-0.038595,0.008068,0.018094,0.009602,0,0,0,0,0
0.1270919999999999,0.007035,-0.039242,0.007421,0.017771,0.010897,0,0,0,0,0
0.1270939999999999,0.006711,-0.038919,0.007421,0.017124,0.011544,0,0,0,0,0
0.127096,0.006388,-0.039242,0.006774,0.016154,0.01122,0,0,0,0,0
0.127098,0.006388,-0.038595,0.006774,0.01486,0.01122,0,0,0,0,0
0.1271,0.006388,-0.037948,0.00645,0.013244,0.010573,0,0,0,0,0
0.127102,0.006064,-0.039242,0.006774,0.011627,0.010573,0,0,0,0,0
0.127104,0.005417,-0.040213,0.007097,0.01001,0.01025,0,0,0,0,0
0.127106,0.004446,-0.041831,0.00645,0.008393,0.010573,0,0,0,0,0
0.127108,0.003152,-0.043125,0.00645,0.006452,0.010897,0,0,0,0,0
0.12711,0.001535,-0.043773,0.006127,0.004189,0.01122,0,0,0,0,0
0.127112,0.000564,-0.04442,0.005803,0.002572,0.01122,0,0,0,0,0
0.127114,-0.00073,-0.044096,0.00548,-1.5452e-05,0.009926,0,0,0,0,0
0.127116,-0.000407,-0.043125,0.00548,-0.002279,0.008955,0,0,0,0,0
0.127118,-8.3218e-05,-0.043449,0.006127,-0.004543,0.006366,0,0,0,0,0
0.12712,0.00024,-0.042802,0.00645,-0.007453,0.003777,0,0,0,0,0
0.127122,0.001211,-0.04086,0.007097,-0.009717,0.001188,0,0,0,0,0
0.127124,0.001535,-0.040537,0.008068,-0.011981,-0.001401,0,0,0,0,0
0.127126,0.001858,-0.040537,0.008715,-0.014245,-0.003342,0,0,0,0,0
0.127128,0.001858,-0.041184,0.009038,-0.015538,-0.00496,0,0,0,0,0
0.12713,0.001211,-0.041507,0.010008,-0.016185,-0.005931,0,0,0,0,0
0.127132,0.000564,-0.043449,0.010655,-0.017155,-0.005607,0,0,0,0,0
0.127134,-0.001054,-0.044743,0.011302,-0.017479,-0.00496,0,0,0,0,0
0.127136,-0.002024,-0.045067,0.011949,-0.018125,-0.003989,0,0,0,0,0
0.127138,-0.003642,-0.04539,0.01292,-0.018449,-0.003019,0,0,0,0,0
0.12714,-0.003319,-0.045067,0.01389,-0.019419,-0.002371,0,0,0,0,0
0.127142,-0.003642,-0.046361,0.015184,-0.019742,-0.002048,0,0,0,0,0
0.127144,-0.004289,-0.047656,0.015507,-0.020712,-0.001401,0,0,0,0,0
0.127146,-0.004613,-0.049273,0.015507,-0.021359,-0.000753,0,0,0,0,0
0.1271479999999999,-0.00526,-0.051862,0.016478,-0.021683,0.000865,0,0,0,0,0
0.1271499999999999,-0.006554,-0.053804,0.016154,-0.022006,0.002806,0,0,0,0,0
0.127152,-0.007848,-0.055422,0.016154,-0.022329,0.005072,0,0,0,0,0
0.127154,-0.009142,-0.053804,0.015507,-0.022976,0.007013,0,0,0,0,0
0.127156,-0.00979,-0.050568,0.015507,-0.023946,0.008308,0,0,0,0,0
0.127158,-0.00979,-0.046361,0.014537,-0.025563,0.007984,0,0,0,0,0
0.12716,-0.009466,-0.042155,0.013566,-0.027504,0.00669,0,0,0,0,0
0.127162,-0.008495,-0.038272,0.012596,-0.029767,0.004748,0,0,0,0,0
0.127164,-0.007848,-0.03633,0.011949,-0.031061,0.003454,0,0,0,0,0
0.127166,-0.007848,-0.036006,0.010332,-0.033001,0.002806,0,0,0,0,0
0.127168,-0.008172,-0.036006,0.009685,-0.034295,0.002483,0,0,0,0,0
0.12717,-0.009142,-0.035683,0.008391,-0.034942,0.00313,0,0,0,0,0
0.127172,-0.011084,-0.035036,0.007421,-0.035265,0.003454,0,0,0,0,0
0.127174,-0.012701,-0.033741,0.006127,-0.035588,0.003777,0,0,0,0,0
0.127176,-0.013349,-0.032447,0.004833,-0.035588,0.00313,0,0,0,0,0
0.127178,-0.013996,-0.029858,0.003216,-0.036235,0.001512,0,0,0,0,0
0.12718,-0.013996,-0.027593,0.002245,-0.036882,-0.001401,0,0,0,0,0
0.127182,-0.013672,-0.027917,0.000305,-0.037852,-0.004313,0,0,0,0,0
0.127184,-0.013349,-0.029535,-0.000989,-0.039469,-0.008196,0,0,0,0,0
0.127186,-0.013025,-0.032447,-0.00196,-0.040439,-0.011109,0,0,0,0,0
0.127188,-0.013672,-0.036654,-0.0039,-0.041086,-0.013374,0,0,0,0,0
0.12719,-0.015937,-0.041184,-0.004871,-0.041086,-0.014992,0,0,0,0,0
0.127192,-0.017555,-0.046038,-0.005518,-0.040763,-0.015963,0,0,0,0,0
0.127194,-0.019819,-0.049273,-0.006812,-0.040116,-0.016934,0,0,0,0,0
0.127196,-0.021761,-0.052833,-0.008105,-0.039469,-0.017258,0,0,0,0,0
0.127198,-0.023055,-0.054774,-0.009723,-0.038822,-0.018876,0,0,0,0,0
0.1272,-0.023378,-0.056392,-0.011663,-0.037852,-0.020494,0,0,0,0,0
0.127202,-0.023702,-0.05704,-0.013928,-0.037529,-0.022112,0,0,0,0,0
0.1272039999999999,-0.023378,-0.057363,-0.016192,-0.036882,-0.024701,0,0,0,0,0
0.1272059999999999,-0.023055,-0.058981,-0.018133,-0.035912,-0.026966,0,0,0,0,0
0.127208,-0.023055,-0.060923,-0.020073,-0.033971,-0.029231,0,0,0,0,0
0.12721,-0.022731,-0.062217,-0.022014,-0.032354,-0.030526,0,0,0,0,0
0.127212,-0.023055,-0.064158,-0.023631,-0.030414,-0.031497,0,0,0,0,0
0.127214,-0.023702,-0.066424,-0.025572,-0.02815,-0.031497,0,0,0,0,0
0.127216,-0.024673,-0.067071,-0.026866,-0.02621,-0.030849,0,0,0,0,0
0.127218,-0.024996,-0.066424,-0.02816,-0.024593,-0.030849,0,0,0,0,0
0.12722,-0.025643,-0.066424,-0.029454,-0.022976,-0.031173,0,0,0,0,0
0.127222,-0.024996,-0.066747,-0.029777,-0.022006,-0.03182,0,0,0,0,0
0.127224,-0.023702,-0.067071,-0.029777,-0.021036,-0.032467,0,0,0,0,0
0.127226,-0.022084,-0.069012,-0.028807,-0.019742,-0.032467,0,0,0,0,0
0.127228,-0.02079,-0.071601,-0.02816,-0.018772,-0.032144,0,0,0,0,0
0.12723,-0.018849,-0.07419,-0.027189,-0.017479,-0.030849,0,0,0,0,0
0.127232,-0.016908,-0.075808,-0.025896,-0.016832,-0.028908,0,0,0,0,0
0.127234,-0.014643,-0.076131,-0.024602,-0.015862,-0.02729,0,0,0,0,0
0.127236,-0.011407,-0.07516,-0.022661,-0.015538,-0.025672,0,0,0,0,0
0.127238,-0.006878,-0.074837,-0.02072,-0.015862,-0.024377,0,0,0,0,0
0.12724,-0.002024,-0.07419,-0.01878,-0.015215,-0.02373,0,0,0,0,0
0.127242,0.003799,-0.07419,-0.016515,-0.015215,-0.02373,0,0,0,0,0
0.127244,0.009623,-0.075484,-0.015221,-0.015215,-0.023083,0,0,0,0,0
0.127246,0.0148,-0.076131,-0.013604,-0.014245,-0.021788,0,0,0,0,0
0.127248,0.019977,-0.077425,-0.01231,-0.013274,-0.02017,0,0,0,0,0
0.12725,0.025153,-0.077425,-0.011016,-0.011981,-0.018876,0,0,0,0,0
0.127252,0.031301,-0.076131,-0.009723,-0.010687,-0.01661,0,0,0,0,0
0.127254,0.037448,-0.074837,-0.009076,-0.009394,-0.015316,0,0,0,0,0
0.127256,0.044889,-0.072572,-0.009399,-0.008424,-0.014345,0,0,0,0,0
0.127258,0.052331,-0.07063,-0.009399,-0.007777,-0.014021,0,0,0,0,0
0.1272599999999999,0.059772,-0.069659,-0.009076,-0.00713,-0.014345,0,0,0,0,0
0.127262,0.067214,-0.067394,-0.009399,-0.006807,-0.015316,0,0,0,0,0
0.127264,0.074979,-0.0661,-0.009399,-0.006483,-0.015963,0,0,0,0,0
0.127266,0.082744,-0.064806,-0.009723,-0.006483,-0.016934,0,0,0,0,0
0.127268,0.090186,-0.063511,-0.009399,-0.006483,-0.017905,0,0,0,0,0
0.12727,0.096656,-0.063188,-0.009399,-0.006483,-0.018552,0,0,0,0,0
0.127272,0.10248,-0.062217,-0.010046,-0.006483,-0.018228,1,0,0,0,0
0.127274,0.10798,-0.060923,-0.01037,-0.006807,-0.017905,1,0,0,0,0
0.127276,0.113481,-0.059952,-0.01037,-0.005836,-0.017905,1,0,0,0,0
0.127278,0.119305,-0.058334,-0.010693,-0.005513,-0.017258,1,0,0,0,0
0.12728,0.125452,-0.056392,-0.01037,-0.004543,-0.017905,1,0,0,0,0
0.127282,0.131923,-0.054451,-0.010046,-0.00422,-0.018876,1,0,0,0,0
0.127284,0.138394,-0.053804,-0.009723,-0.003896,-0.019523,1,0,0,0,0
0.127286,0.144541,-0.05348,-0.008429,-0.003573,-0.020817,1,0,0,0,0
0.127288,0.150365,-0.052509,-0.007782,-0.003896,-0.022112,1,0,0,0,0
0.12729,0.155541,-0.052509,-0.006488,-0.003896,-0.022435,1,0,0,0,0
0.127292,0.159748,-0.053804,-0.004547,-0.00422,-0.023406,1,0,0,0,0
0.127294,0.164277,-0.054451,-0.003253,-0.004543,-0.02373,1,0,0,0,0
0.127296,0.168483,-0.053804,-0.002607,-0.005513,-0.02373,1,0,0,0,0
0.127298,0.173336,-0.051862,-0.000989,-0.00616,-0.025024,1,0,0,0,0
0.1273,0.177866,-0.049273,0.000305,-0.007777,-0.026319,1,0,0,0,0
0.127302,0.182072,-0.047332,0.001275,-0.009717,-0.02826,1,0,0,0,0
0.127304,0.186602,-0.045067,0.002569,-0.011334,-0.029879,1,0,0,0,0
0.127306,0.189837,-0.043773,0.003863,-0.012951,-0.030849,1,0,0,0,0
0.127308,0.192425,-0.044096,0.004833,-0.013921,-0.031497,1,0,0,0,0
0.12731,0.194367,-0.044096,0.005803,-0.014245,-0.030849,1,0,0,0,0
0.127312,0.195014,-0.043449,0.006127,-0.014891,-0.030202,1,0,0,0,0
0.1273139999999999,0.195984,-0.041831,0.006774,-0.014891,-0.028908,1,0,0,0,0
0.1273159999999999,0.196955,-0.03989,0.00645,-0.015215,-0.02826,1,0,0,0,0
0.127318,0.198896,-0.03633,0.00645,-0.015215,-0.02729,1,0,0,0,0
0.12732,0.201161,-0.033094,0.00645,-0.016185,-0.027613,1,0,0,0,0
0.127322,0.204073,-0.029535,0.006127,-0.017155,-0.027937,1,0,0,0,0
0.127324,0.207308,-0.027917,0.00645,-0.018449,-0.027937,1,0,0,0,0
0.127326,0.211191,-0.026946,0.00645,-0.020066,-0.028584,1,0,0,0,0
0.127328,0.215074,-0.026622,0.007097,-0.021359,-0.028584,1,0,0,0,0
0.12733,0.217662,-0.027917,0.007744,-0.022006,-0.027937,1,0,0,0,0
0.127332,0.22025,-0.029858,0.008715,-0.022329,-0.026966,1,0,0,0,0
0.127334,0.222515,-0.032123,0.010008,-0.022006,-0.025024,1,0,0,0,0
0.127336,0.223486,-0.033741,0.011302,-0.021683,-0.02373,1,0,0,0,0
0.127338,0.226074,-0.036977,0.012596,-0.021036,-0.022112,1,0,0,0,0
0.12734,0.227045,-0.040213,0.01389,-0.020712,-0.02017,1,0,0,0,0
0.127342,0.227692,-0.042478,0.01486,-0.019419,-0.017905,1,0,0,0,0
0.127344,0.228662,-0.044743,0.015507,-0.018449,-0.01564,1,0,0,0,0
0.127346,0.228986,-0.046361,0.015831,-0.018125,-0.012727,1,0,0,0,0
0.127348,0.229309,-0.047332,0.016478,-0.016832,-0.010138,1,0,0,0,0
0.12735,0.229309,-0.047332,0.016154,-0.016508,-0.008196,1,0,0,0,0
0.127352,0.228986,-0.047332,0.016478,-0.015538,-0.005931,1,0,0,0,0
0.127354,0.228662,-0.047008,0.016154,-0.014891,-0.004313,1,0,0,0,0
0.127356,0.228339,-0.047008,0.016154,-0.014891,-0.002695,1,0,0,0,0
0.127358,0.228662,-0.045714,0.015831,-0.014245,-0.002371,1,0,0,0,0
0.12736,0.228662,-0.044743,0.015831,-0.014245,-0.001724,1,0,0,0,0
0.127362,0.228662,-0.042802,0.015184,-0.014245,-0.000753,1,0,0,0,0
0.127364,0.228339,-0.041831,0.015831,-0.014245,-0.000753,1,0,0,0,0
0.127366,0.227368,-0.041831,0.015831,-0.014568,-0.000106,1,0,0,0,0
0.127368,0.22575,-0.041831,0.015831,-0.014568,0.001512,1,0,0,0,0
0.1273699999999999,0.223486,-0.041831,0.015507,-0.014245,0.003777,1,0,0,0,0
0.1273719999999999,0.220574,-0.041507,0.015831,-0.014568,0.006366,1,0,0,0,0
0.127374,0.217662,-0.03989,0.015184,-0.014245,0.009926,1,0,0,0,0
0.127376,0.213779,-0.036654,0.01486,-0.013598,0.012839,1,0,0,0,0
0.127378,0.210867,-0.033741,0.014537,-0.013921,0.01478,1,0,0,0,0
0.12738,0.208603,-0.031476,0.013566,-0.014568,0.016075,1,0,0,0,0
0.127382,0.206661,-0.029211,0.013566,-0.015215,0.015751,1,0,0,0,0
0.127384,0.20472,-0.028564,0.013243,-0.015862,0.015427,1,0,0,0,0
0.127386,0.202455,-0.028564,0.01389,-0.016185,0.015427,1,0,0,0,0
0.127388,0.199543,-0.028888,0.014537,-0.016832,0.015427,1,0,0,0,0
0.12739,0.196632,-0.028564,0.014537,-0.017155,0.016398,1,0,0,0,0
0.127392,0.192749,-0.026622,0.01486,-0.017479,0.017693,1,0,0,0,0
0.127394,0.189514,-0.024034,0.014537,-0.017479,0.019311,1,0,0,0,0
0.127396,0.186602,-0.020151,0.014213,-0.018125,0.020282,1,0,0,0,0
0.127398,0.183366,-0.015621,0.014213,-0.018449,0.021576,1,0,0,0,0
0.1274,0.180778,-0.01109,0.014537,-0.019095,0.022547,1,0,0,0,0
0.127402,0.17819,-0.007854,0.01389,-0.019419,0.023518,1,0,0,0,0
0.127404,0.175601,-0.005266,0.01389,-0.020712,0.024165,1,0,0,0,0
0.127406,0.172689,-0.003001,0.01389,-0.021036,0.025459,1,0,0,0,0
0.127408,0.169777,-0.001059,0.013566,-0.021683,0.027401,1,0,0,0,0
0.12741,0.166865,-0.000736,0.01389,-0.021683,0.028696,1,0,0,0,0
0.127412,0.16363,-0.000736,0.013243,-0.021359,0.030314,1,0,0,0,0
0.127414,0.159424,-0.000736,0.01389,-0.021036,0.032579,1,0,0,0,0
0.127416,0.156512,-0.001383,0.01389,-0.020389,0.034521,1,0,0,0,0
0.127418,0.153277,-0.001383,0.014537,-0.020066,0.035815,1,0,0,0,0
0.12742,0.150365,-0.000736,0.01486,-0.019742,0.036786,1,0,0,0,0
0.127422,0.147453,0.000235,0.01486,-0.019742,0.037433,1,0,0,0,0
0.127424,0.144541,0.000559,0.015507,-0.019742,0.03711,1,0,0,0,0
0.1274259999999999,0.142276,0.000559,0.015507,-0.020066,0.036786,1,0,0,0,0
0.1274279999999999,0.139688,-8.8422e-05,0.016801,-0.020066,0.036462,1,0,0,0,0
0.12743,0.136452,-8.8422e-05,0.017448,-0.019419,0.036462,1,0,0,0,0
0.127432,0.133217,-0.001706,0.017448,-0.018772,0.03711,1,0,0,0,0
0.127434,0.129658,-0.002677,0.018095,-0.018772,0.037757,1,0,0,0,0
0.127436,0.126746,-0.002677,0.018095,-0.018125,0.037433,1,0,0,0,0
0.127438,0.124481,-0.000736,0.018095,-0.017802,0.035815,1,0,0,0,0
0.12744,0.123187,0.0025,0.018095,-0.017479,0.03355,1,0,0,0,0
0.127442,0.122216,0.005089,0.018742,-0.017155,0.030314,1,0,0,0,0
0.127444,0.121246,0.008325,0.019065,-0.017155,0.02643,1,0,0,0,0
0.127446,0.120599,0.009943,0.019065,-0.016832,0.022547,1,0,0,0,0
0.127448,0.120275,0.009943,0.019389,-0.016185,0.019634,1,0,0,0,0
0.12745,0.118657,0.009943,0.019389,-0.015538,0.017045,1,0,0,0,0
0.127452,0.11704,0.010266,0.019389,-0.014568,0.015751,1,0,0,0,0
0.127454,0.115098,0.010266,0.019065,-0.013274,0.015104,1,0,0,0,0
0.127456,0.113157,0.010266,0.019065,-0.011981,0.015104,1,0,0,0,0
0.127458,0.111216,0.011237,0.019712,-0.011011,0.01478,1,0,0,0,0
0.12746,0.109598,0.013179,0.019389,-0.010687,0.014457,1,0,0,0,0
0.127462,0.108951,0.014797,0.019389,-0.011011,0.013486,1,0,0,0,0
0.127464,0.108304,0.017062,0.019712,-0.011657,0.012839,1,0,0,0,0
0.127466,0.107333,0.01965,0.019065,-0.011657,0.012191,1,0,0,0,0
0.127468,0.106363,0.021268,0.019065,-0.012951,0.011544,1,0,0,0,0
0.12747,0.105392,0.022563,0.018418,-0.012951,0.010573,1,0,0,0,0
0.127472,0.104421,0.02321,0.018418,-0.013274,0.010897,1,0,0,0,0
0.127474,0.103774,0.024828,0.018095,-0.012951,0.010897,1,0,0,0,0
0.127476,0.103127,0.026122,0.018095,-0.012628,0.010897,1,0,0,0,0
0.127478,0.10248,0.026769,0.017125,-0.012304,0.010897,1,0,0,0,0
0.12748,0.10248,0.028387,0.016154,-0.011334,0.011868,1,0,0,0,0
0.1274819999999999,0.10248,0.030005,0.01486,-0.011011,0.013162,1,0,0,0,0
0.127484,0.10248,0.032594,0.014213,-0.011011,0.014457,1,0,0,0,0
0.127486,0.103127,0.035506,0.012596,-0.011011,0.015427,1,0,0,0,0
0.127488,0.103451,0.038095,0.011626,-0.010687,0.016722,1,0,0,0,0
0.12749,0.103774,0.039389,0.010332,-0.011011,0.017693,1,0,0,0,0
0.127492,0.104745,0.041654,0.009361,-0.011011,0.018987,1,0,0,0,0
0.127494,0.105392,0.042301,0.009038,-0.011011,0.019634,1,0,0,0,0
0.127496,0.104745,0.043596,0.008391,-0.010364,0.020605,1,0,0,0,0
0.127498,0.105069,0.044243,0.007097,-0.010041,0.021252,1,0,0,0,0
0.1275,0.105069,0.043596,0.006127,-0.010041,0.021576,1,0,0,0,0
0.127502,0.104421,0.043596,0.004833,-0.010687,0.0219,1,0,0,0,0
0.127504,0.104745,0.041331,0.003863,-0.011011,0.022547,1,0,0,0,0
0.127506,0.103774,0.039065,0.002245,-0.011657,0.023194,1,0,0,0,0
0.127508,0.102157,0.034859,0.001275,-0.011981,0.025459,1,0,0,0,0
0.12751,0.098921,0.030976,-1.8859e-05,-0.011981,0.028696,0,0,0,0,0
0.127512,0.095362,0.027416,-0.001636,-0.011657,0.033226,0,0,0,0,0
0.127514,0.090833,0.024504,-0.00293,-0.010687,0.03808,0,0,0,0,0
0.127516,0.087274,0.023533,-0.004224,-0.009717,0.042935,0,0,0,0,0
0.127518,0.083715,0.024181,-0.006488,-0.00907,0.046818,0,0,0,0,0
0.12752,0.081126,0.025475,-0.009076,-0.0081,0.049731,0,0,0,0,0
0.127522,0.079185,0.026769,-0.010693,-0.0081,0.051349,0,0,0,0,0
0.127524,0.077567,0.027416,-0.012634,-0.007453,0.052643,0,0,0,0,0
0.127526,0.075626,0.027416,-0.013281,-0.007453,0.05329,0,0,0,0,0
0.127528,0.073361,0.026769,-0.014251,-0.00616,0.053614,0,0,0,0,0
0.12753,0.070449,0.025475,-0.013928,-0.004866,0.055556,0,0,0,0,0
0.127532,0.067214,0.024181,-0.013281,-0.003249,0.056203,0,0,0,0,0
0.127534,0.063978,0.023533,-0.012634,-0.001309,0.057174,0,0,0,0,0
0.127536,0.060096,0.022886,-0.011987,0.000308,0.057821,0,0,0,0,0
0.1275379999999999,0.056861,0.024181,-0.01134,0.001278,0.057821,0,0,0,0,0
0.12754,0.054272,0.023857,-0.010693,0.002572,0.057497,0,0,0,0,0
0.127542,0.052007,0.022886,-0.009723,0.003218,0.056203,0,0,0,0,0
0.127544,0.05039,0.021592,-0.008105,0.003218,0.054908,0,0,0,0,0
0.127546,0.048448,0.01965,-0.007135,0.003542,0.05329,0,0,0,0,0
0.127548,0.046831,0.01868,-0.005518,0.003218,0.051672,0,0,0,0,0
0.12755,0.044242,0.016738,-0.0039,0.003218,0.050054,0,0,0,0,0
0.127552,0.042301,0.014473,-0.002283,0.002895,0.04876,0,0,0,0,0
0.127554,0.039389,0.013826,-0.000989,0.003218,0.047789,0,0,0,0,0
0.127556,0.036477,0.012855,0.000305,0.002572,0.046818,0,0,0,0,0
0.127558,0.033889,0.012208,0.002569,0.002248,0.045524,0,0,0,0,0
0.12756,0.032271,0.012531,0.00451,0.001925,0.043258,0,0,0,0,0
0.127562,0.030653,0.011561,0.006127,0.001278,0.040669,0,0,0,0,0
0.127564,0.029359,0.011237,0.008068,0.000631,0.037433,0,0,0,0,0
0.127566,0.028065,0.009619,0.010332,0.000631,0.034521,0,0,0,0,0
0.127568,0.026124,0.007354,0.012596,0.000631,0.031932,0,0,0,0,0
0.12757,0.023859,0.004118,0.01486,0.000308,0.029343,0,0,0,0,0
0.127572,0.021594,0.000882,0.016478,0.000955,0.028372,0,0,0,0,0
0.127574,0.018682,-0.001059,0.017448,0.001601,0.027401,0,0,0,0,0
0.127576,0.016741,-0.00203,0.018095,0.002248,0.027078,0,0,0,0,0
0.127578,0.015123,-0.001383,0.018742,0.002572,0.025783,0,0,0,0,0
0.12758,0.0148,0.000559,0.018418,0.002572,0.024489,0,0,0,0,0
0.127582,0.015123,0.003147,0.018418,0.003218,0.0219,0,0,0,0,0
0.127584,0.016418,0.005736,0.018742,0.002248,0.019311,0,0,0,0,0
0.127586,0.018035,0.008325,0.018742,0.001925,0.016075,0,0,0,0,0
0.127588,0.019329,0.009296,0.019389,0.001601,0.012191,0,0,0,0,0
0.12759,0.0203,0.009943,0.019065,0.001278,0.009926,0,0,0,0,0
0.1275919999999999,0.019653,0.009619,0.018742,0.000631,0.008308,0,0,0,0,0
0.1275939999999999,0.017388,0.009943,0.018095,0.000631,0.007661,0,0,0,0,0
0.127596,0.015123,0.010266,0.017125,0.000955,0.007013,0,0,0,0,0
0.127598,0.011888,0.010914,0.016478,0.000955,0.007013,0,0,0,0,0
0.1276,0.0093,0.013502,0.015507,0.001601,0.007013,0,0,0,0,0
0.127602,0.007035,0.016414,0.01389,0.001925,0.006366,0,0,0,0,0
0.127604,0.004446,0.018356,0.012273,0.002895,0.005395,0,0,0,0,0
0.127606,0.002829,0.020945,0.010979,0.003218,0.004748,0,0,0,0,0
0.127608,0.001535,0.022563,0.008391,0.004512,0.004101,0,0,0,0,0
0.12761,0.000564,0.023533,0.006774,0.004835,0.003777,0,0,0,0,0
0.127612,-0.00073,0.022563,0.005157,0.005806,0.004101,0,0,0,0,0
0.127614,-0.002348,0.022239,0.003216,0.006776,0.004748,0,0,0,0,0
0.127616,-0.003642,0.020621,0.001598,0.007423,0.005719,0,0,0,0,0
0.127618,-0.004613,0.017709,0.000305,0.008393,0.006366,0,0,0,0,0
0.12762,-0.005583,0.014149,-0.001313,0.009039,0.007013,0,0,0,0,0
0.127622,-0.007201,0.010266,-0.002607,0.009363,0.008308,0,0,0,0,0
0.127624,-0.008172,0.007354,-0.0039,0.01001,0.008632,0,0,0,0,0
0.127626,-0.009466,0.004442,-0.005194,0.010656,0.009279,0,0,0,0,0
0.127628,-0.010437,0.00153,-0.006812,0.01098,0.009602,0,0,0,0,0
0.12763,-0.011731,-0.000412,-0.008105,0.01098,0.009926,0,0,0,0,0
0.127632,-0.013025,-0.00203,-0.009076,0.010656,0.01025,0,0,0,0,0
0.127634,-0.014966,-0.005589,-0.009723,0.011627,0.010897,0,0,0,0,0
0.127636,-0.016584,-0.007854,-0.010046,0.01195,0.01122,0,0,0,0,0
0.127638,-0.018202,-0.008178,-0.010693,0.013244,0.010897,0,0,0,0,0
0.12764,-0.019496,-0.008178,-0.01037,0.01389,0.01025,0,0,0,0,0
0.127642,-0.020143,-0.006884,-0.01037,0.014214,0.008955,0,0,0,0,0
0.127644,-0.02079,-0.00656,-0.010046,0.015184,0.007013,0,0,0,0,0
0.127646,-0.021437,-0.005913,-0.009723,0.016154,0.005072,0,0,0,0,0
0.1276479999999999,-0.022731,-0.00656,-0.009399,0.017124,0.003777,0,0,0,0,0
0.1276499999999999,-0.024349,-0.007207,-0.008752,0.018741,0.00313,0,0,0,0,0
0.127652,-0.026937,-0.007854,-0.008429,0.020682,0.003777,0,0,0,0,0
0.127654,-0.030496,-0.008178,-0.007782,0.022945,0.004748,0,0,0,0,0
0.127656,-0.033732,-0.006884,-0.007782,0.025532,0.005395,0,0,0,0,0
0.127658,-0.036967,-0.004295,-0.007458,0.027473,0.005719,0,0,0,0,0
0.12766,-0.039232,-0.001059,-0.007135,0.028766,0.005072,0,0,0,0,0
0.127662,-0.040526,0.002824,-0.006488,0.030383,0.00313,0,0,0,0,0
0.127664,-0.04182,0.004442,-0.006165,0.030383,0.000541,0,0,0,0,0
0.127666,-0.042791,0.004765,-0.005841,0.03006,-0.001401,0,0,0,0,0
0.127668,-0.044085,0.004118,-0.005518,0.030707,-0.002695,0,0,0,0,0
0.12767,-0.045379,0.002177,-0.004871,0.03103,-0.003989,0,0,0,0,0
0.127672,-0.047968,0.000882,-0.0039,0.032,-0.004313,0,0,0,0,0
0.127674,-0.050233,-0.002677,-0.002607,0.03297,-0.00496,0,0,0,0,0
0.127676,-0.05185,-0.004942,-0.000989,0.034264,-0.004637,0,0,0,0,0
0.127678,-0.053792,-0.00656,0.000305,0.034587,-0.00496,0,0,0,0,0
0.12768,-0.054115,-0.007207,0.002245,0.035881,-0.005284,0,0,0,0,0
0.127682,-0.054439,-0.007854,0.004186,0.036851,-0.005931,0,0,0,0,0
0.127684,-0.053792,-0.008178,0.005803,0.037821,-0.006578,0,0,0,0,0
0.127686,-0.053144,-0.008502,0.008068,0.038791,-0.007226,0,0,0,0,0
0.127688,-0.052497,-0.009796,0.010008,0.039762,-0.007549,0,0,0,0,0
0.12769,-0.05185,-0.012061,0.012273,0.040732,-0.007226,0,0,0,0,0
0.127692,-0.051527,-0.013032,0.014537,0.042995,-0.006255,0,0,0,0,0
0.127694,-0.05185,-0.014326,0.015831,0.044936,-0.004637,0,0,0,0,0
0.127696,-0.05185,-0.014973,0.016801,0.046876,-0.002695,0,0,0,0,0
0.127698,-0.051203,-0.014326,0.017448,0.048493,-0.000753,0,0,0,0,0
0.1277,-0.050556,-0.013032,0.017771,0.05011,-0.00043,0,0,0,0,0
0.127702,-0.049585,-0.01109,0.017771,0.051404,0.000218,0,0,0,0,0
0.1277039999999999,-0.047644,-0.008178,0.018742,0.051727,-0.00043,0,0,0,0,0
0.127706,-0.045379,-0.006237,0.020036,0.05205,-0.001077,0,0,0,0,0
0.127708,-0.044085,-0.003971,0.020683,0.051727,-0.002048,0,0,0,0,0
0.12771,-0.042144,-0.003324,0.022623,0.051727,-0.002695,0,0,0,0,0
0.127712,-0.041497,-0.00203,0.024564,0.052374,-0.002048,0,0,0,0,0
0.127714,-0.04085,-8.8422e-05,0.026181,0.052697,-0.001401,0,0,0,0,0
0.127716,-0.04085,0.0025,0.027475,0.053344,-0.000106,0,0,0,0,0
0.127718,-0.04085,0.005413,0.029416,0.053667,0.001188,0,0,0,0,0
0.12772,-0.040526,0.008648,0.031033,0.053991,0.001836,0,0,0,0,0
0.127722,-0.039556,0.012208,0.032974,0.053667,0.002159,0,0,0,0,0
0.127724,-0.038585,0.016414,0.034268,0.053667,0.002483,0,0,0,0,0
0.127726,-0.037938,0.019974,0.035562,0.053667,0.002159,0,0,0,0,0
0.127728,-0.036644,0.021915,0.037179,0.053021,0.001836,0,0,0,0,0
0.12773,-0.035673,0.022563,0.038473,0.052697,0.002159,0,0,0,0,0
0.127732,-0.034379,0.022886,0.038796,0.052374,0.002806,0,0,0,0,0
0.127734,-0.034055,0.021592,0.040414,0.052374,0.003777,0,0,0,0,0
0.127736,-0.034055,0.019327,0.040737,0.052374,0.004425,0,0,0,0,0
0.127738,-0.034379,0.017709,0.042031,0.05205,0.004748,0,0,0,0,0
0.12774,-0.034702,0.015767,0.043001,0.05205,0.005719,0,0,0,0,0
0.127742,-0.035026,0.013826,0.044295,0.05205,0.005719,0,0,0,0,0
0.127744,-0.035026,0.012208,0.044942,0.052697,0.006043,0,0,0,0,0
0.127746,-0.035673,0.010266,0.045912,0.052697,0.007013,0,0,0,0,0
0.127748,-0.035673,0.009619,0.046236,0.053021,0.007013,0,0,0,0,0
0.12775,-0.03632,0.008001,0.045912,0.052374,0.00669,0,0,0,0,0
0.127752,-0.036967,0.00606,0.046559,0.05205,0.006043,0,0,0,0,0
0.127754,-0.037614,0.005413,0.046559,0.051404,0.005395,0,0,0,0,0
0.127756,-0.038261,0.004765,0.045912,0.050433,0.004101,0,0,0,0,0
0.127758,-0.038908,0.004118,0.045266,0.04914,0.001836,0,0,0,0,0
0.1277599999999999,-0.039232,0.004442,0.044619,0.04817,-0.000753,0,0,0,0,0
0.127762,-0.039556,0.004765,0.043648,0.046876,-0.003342,0,0,0,0,0
0.127764,-0.040203,0.004765,0.043648,0.045583,-0.006255,0,0,0,0,0
0.127766,-0.040526,0.003147,0.043325,0.043966,-0.009167,0,0,0,0,0
0.127768,-0.041173,0.003471,0.043001,0.042995,-0.010462,0,0,0,0,0
0.12777,-0.042791,0.002824,0.042678,0.042025,-0.01208,0,0,0,0,0
0.127772,-0.044409,0.001206,0.042354,0.041055,-0.012727,0,0,0,0,0
0.127774,-0.045056,-8.8422e-05,0.041061,0.040732,-0.013051,0,0,0,0,0
0.127776,-0.046674,0.000559,0.039767,0.040408,-0.013374,0,0,0,0,0
0.127778,-0.047321,0.001853,0.038796,0.040408,-0.013698,0,0,0,0,0
0.12778,-0.047968,0.003471,0.037503,0.039762,-0.01564,0,0,0,0,0
0.127782,-0.047644,0.005089,0.036532,0.039438,-0.018228,0,0,0,0,0
0.127784,-0.046674,0.007354,0.034915,0.037498,-0.021788,0,0,0,0,0
0.127786,-0.045056,0.008001,0.033621,0.036204,-0.024701,0,0,0,0,0
0.127788,-0.043438,0.006707,0.031357,0.034587,-0.02826,0,0,0,0,0
0.12779,-0.042467,0.004118,0.029416,0.032647,-0.030202,0,0,0,0,0
0.127792,-0.042467,0.00153,0.027475,0.03103,-0.031497,0,0,0,0,0
0.127794,-0.042467,-0.001059,0.025211,0.03006,-0.03182,0,0,0,0,0
0.127796,-0.042791,-0.001383,0.022623,0.028766,-0.032144,0,0,0,0,0
0.127798,-0.043438,-0.001706,0.020359,0.028119,-0.032467,0,0,0,0,0
0.1278,-0.043762,-0.001383,0.017771,0.026826,-0.032791,0,0,0,0,0
0.127802,-0.043438,-0.001383,0.015507,0.025856,-0.033762,0,0,0,0,0
0.127804,-0.043762,-0.001706,0.012273,0.025209,-0.03538,0,0,0,0,0
0.127806,-0.043115,-0.002677,0.009361,0.024239,-0.036351,0,0,0,0,0
0.127808,-0.042791,-0.003971,0.006774,0.023592,-0.037645,0,0,0,0,0
0.12781,-0.042791,-0.005589,0.004833,0.023915,-0.037969,0,0,0,0,0
0.127812,-0.043762,-0.008502,0.002245,0.023915,-0.038616,0,0,0,0,0
0.1278139999999999,-0.044732,-0.010767,0.000305,0.025209,-0.03894,0,0,0,0,0
0.1278159999999999,-0.046026,-0.012385,-0.001636,0.026826,-0.039263,0,0,0,0,0
0.127818,-0.047321,-0.013355,-0.003577,0.027796,-0.039263,0,0,0,0,0
0.12782,-0.048291,-0.012708,-0.005518,0.02909,-0.039911,0,0,0,0,0
0.127822,-0.048291,-0.011414,-0.007782,0.029736,-0.040881,0,0,0,0,0
0.127824,-0.047968,-0.009149,-0.009399,0.030383,-0.041529,0,0,0,0,0
0.127826,-0.046674,-0.008178,-0.011663,0.029736,-0.043147,0,0,0,0,0
0.127828,-0.045703,-0.008178,-0.013281,0.03006,-0.043794,0,0,0,0,0
0.12783,-0.046026,-0.008502,-0.014575,0.030383,-0.044765,0,0,0,0,0
0.127832,-0.045703,-0.009472,-0.016192,0.03103,-0.044765,0,0,0,0,0
0.127834,-0.04635,-0.010767,-0.017486,0.032324,-0.043794,0,0,0,0,0
0.127836,-0.047321,-0.011414,-0.018133,0.033617,-0.042176,0,0,0,0,0
0.127838,-0.047968,-0.009796,-0.018456,0.034911,-0.040881,0,0,0,0,0
0.12784,-0.047968,-0.007207,-0.01975,0.036204,-0.041205,0,0,0,0,0
0.127842,-0.047644,-0.004619,-0.01975,0.037498,-0.041205,0,0,0,0,0
0.127844,-0.046997,-0.00203,-0.020073,0.037821,-0.041529,0,0,0,0,0
0.127846,-0.046026,0.000559,-0.020397,0.038468,-0.043794,0,0,0,0,0
0.127848,-0.045379,0.001206,-0.021044,0.038145,-0.044118,0,0,0,0,0
0.12785,-0.045056,0.001206,-0.021367,0.038468,-0.044441,0,0,0,0,0
0.127852,-0.044732,0.00153,-0.021367,0.039762,-0.043794,0,0,0,0,0
0.127854,-0.045379,0.001206,-0.022338,0.041055,-0.042499,0,0,0,0,0
0.127856,-0.046674,0.001206,-0.022661,0.042995,-0.040881,0,0,0,0,0
0.127858,-0.047968,0.001853,-0.023308,0.044289,-0.038616,0,0,0,0,0
0.12786,-0.048938,0.002824,-0.023955,0.045583,-0.036674,0,0,0,0,0
0.127862,-0.049585,0.004442,-0.024602,0.046876,-0.035704,0,0,0,0,0
0.127864,-0.049585,0.00606,-0.025249,0.047523,-0.035056,0,0,0,0,0
0.127866,-0.050233,0.008325,-0.025896,0.048493,-0.034086,0,0,0,0,0
0.127868,-0.050233,0.009943,-0.026219,0.05011,-0.033762,0,0,0,0,0
0.1278699999999999,-0.050233,0.011237,-0.026866,0.051404,-0.033115,0,0,0,0,0
0.1278719999999999,-0.05088,0.011561,-0.027189,0.053021,-0.032791,0,0,0,0,0
0.127874,-0.051203,0.012855,-0.027836,0.054961,-0.032144,0,0,0,0,0
0.127876,-0.051203,0.013179,-0.027836,0.055931,-0.031173,0,0,0,0,0
0.127878,-0.051203,0.013826,-0.028483,0.057548,-0.031173,0,0,0,0,0
0.12788,-0.051527,0.012531,-0.029454,0.058518,-0.030849,0,0,0,0,0
0.127882,-0.05185,0.010914,-0.029454,0.059488,-0.030849,0,0,0,0,0
0.127884,-0.052821,0.008325,-0.030424,0.061105,-0.029555,0,0,0,0,0
0.127886,-0.054115,0.005413,-0.030101,0.061752,-0.028584,0,0,0,0,0
0.127888,-0.056703,0.003147,-0.030424,0.063369,-0.026642,0,0,0,0,0
0.12789,-0.059292,0.001206,-0.029777,0.064663,-0.024701,0,0,0,0,0
0.127892,-0.061557,0.000559,-0.029454,0.065956,-0.022112,0,0,0,0,0
0.127894,-0.063498,-0.000736,-0.028807,0.066926,-0.020494,0,0,0,0,0
0.127896,-0.064468,-0.000736,-0.028807,0.067573,-0.018876,0,0,0,0,0
0.127898,-0.066086,-0.001383,-0.028807,0.06822,-0.017258,0,0,0,0,0
0.1279,-0.06641,-0.000412,-0.028483,0.06822,-0.01661,0,0,0,0,0
0.127902,-0.066733,0.001206,-0.02816,0.06725,-0.016287,0,0,0,0,0
0.127904,-0.067057,0.00153,-0.027513,0.066926,-0.01661,0,0,0,0,0
0.127906,-0.06738,0.001206,-0.026866,0.065956,-0.01661,0,0,0,0,0
0.127908,-0.068351,-8.8422e-05,-0.025896,0.064986,-0.016934,0,0,0,0,0
0.12791,-0.068998,-0.003001,-0.024602,0.063692,-0.01661,0,0,0,0,0
0.127912,-0.070292,-0.00656,-0.023955,0.062075,-0.015963,0,0,0,0,0
0.127914,-0.072234,-0.009472,-0.022985,0.061429,-0.014021,0,0,0,0,0
0.127916,-0.074175,-0.01109,-0.022014,0.060135,-0.01208,0,0,0,0,0
0.127918,-0.075469,-0.011414,-0.021044,0.059165,-0.010785,0,0,0,0,0
0.12792,-0.07644,-0.011414,-0.020073,0.057548,-0.010462,0,0,0,0,0
0.127922,-0.076763,-0.010767,-0.019103,0.055608,-0.010462,0,0,0,0,0
0.127924,-0.075793,-0.01109,-0.017162,0.053667,-0.011756,0,0,0,0,0
0.1279259999999999,-0.074822,-0.012385,-0.015545,0.051727,-0.012727,0,0,0,0,0
0.127928,-0.074175,-0.015297,-0.013928,0.05011,-0.014021,0,0,0,0,0
0.12793,-0.073851,-0.017886,-0.011987,0.04817,-0.014021,0,0,0,0,0
0.127932,-0.073204,-0.020474,-0.009723,0.046553,-0.014345,0,0,0,0,0
0.127934,-0.073851,-0.021122,-0.008105,0.045259,-0.013698,0,0,0,0,0
0.127936,-0.074498,-0.022739,-0.006165,0.043966,-0.012403,0,0,0,0,0
0.127938,-0.074822,-0.02371,-0.004224,0.042349,-0.011109,0,0,0,0,0
0.12794,-0.074822,-0.023387,-0.002283,0.040408,-0.009491,0,0,0,0,0
0.127942,-0.074498,-0.024681,-0.000989,0.039115,-0.007873,0,0,0,0,0
0.127944,-0.074498,-0.025005,0.000952,0.037498,-0.006578,0,0,0,0,0
0.127946,-0.074175,-0.024681,0.002892,0.036528,-0.004313,0,0,0,0,0
0.127948,-0.073851,-0.024357,0.003539,0.035234,-0.002048,0,0,0,0,0
0.12795,-0.073204,-0.024357,0.005157,0.03394,-0.00043,0,0,0,0,0
0.127952,-0.073204,-0.025005,0.005803,0.033294,0.001512,0,0,0,0,0
0.127954,-0.073204,-0.025005,0.00645,0.032324,0.002483,0,0,0,0,0
0.127956,-0.073851,-0.025005,0.00645,0.031353,0.003777,0,0,0,0,0
0.127958,-0.073528,-0.025005,0.006127,0.030383,0.004748,0,0,0,0,0
0.12796,-0.073528,-0.024034,0.005803,0.03006,0.005395,0,0,0,0,0
0.127962,-0.072234,-0.022092,0.00451,0.028766,0.005719,0,0,0,0,0
0.127964,-0.070939,-0.020474,0.002892,0.027149,0.006043,0,0,0,0,0
0.127966,-0.068675,-0.019504,0.000952,0.025209,0.006043,0,0,0,0,0
0.127968,-0.066733,-0.020798,-0.000989,0.022622,0.006366,0,0,0,0,0
0.12797,-0.064792,-0.022092,-0.00293,0.021005,0.007661,0,0,0,0,0
0.127972,-0.063498,-0.025328,-0.004871,0.019065,0.009602,0,0,0,0,0
0.127974,-0.063174,-0.028564,-0.006488,0.017124,0.012515,0,0,0,0,0
0.127976,-0.063174,-0.030506,-0.007135,0.016154,0.015751,0,0,0,0,0
0.127978,-0.063174,-0.030182,-0.007782,0.014537,0.018987,0,0,0,0,0
0.12798,-0.06188,-0.027593,-0.008105,0.01292,0.020929,0,0,0,0,0
0.1279819999999999,-0.060586,-0.024681,-0.008105,0.011303,0.021252,0,0,0,0,0
0.127984,-0.058321,-0.021122,-0.007782,0.009686,0.020282,0,0,0,0,0
0.127986,-0.056056,-0.018533,-0.008105,0.007746,0.018987,0,0,0,0,0
0.127988,-0.053792,-0.016915,-0.007782,0.006776,0.017693,0,0,0,0,0
0.12799,-0.052174,-0.016268,-0.007458,0.005806,0.017045,0,0,0,0,0
0.127992,-0.05088,-0.015621,-0.006812,0.004835,0.016722,0,0,0,0,0
0.127994,-0.051203,-0.01465,-0.006488,0.005159,0.017045,0,0,0,0,0
0.127996,-0.051527,-0.013679,-0.005841,0.004512,0.017369,0,0,0,0,0
0.127998,-0.052174,-0.013032,-0.005194,0.004512,0.017693,0,0,0,0,0
0.128,-0.052174,-0.011414,-0.004871,0.004512,0.01834,0,0,0,0,0
0.128002,-0.052821,-0.01012,-0.003577,0.003865,0.01834,0,0,0,0,0
0.128004,-0.053468,-0.009796,-0.002607,0.003218,0.018016,0,0,0,0,0
0.128006,-0.054115,-0.009149,-0.002607,0.002248,0.018016,0,0,0,0,0
0.128008,-0.054762,-0.008502,-0.001636,0.001601,0.018016,0,0,0,0,0
0.12801,-0.055409,-0.008825,-0.000989,0.000955,0.018016,0,0,0,0,0
0.128012,-0.056056,-0.008502,-0.000342,-1.5452e-05,0.01834,0,0,0,0,0
0.128014,-0.057027,-0.008825,0.001275,-0.000662,0.01834,0,0,0,0,0
0.128016,-0.057351,-0.008502,0.002569,-0.001632,0.017693,0,0,0,0,0
0.128018,-0.057351,-0.008178,0.003863,-0.002603,0.017369,0,0,0,0,0
0.12802,-0.056703,-0.008502,0.005157,-0.003573,0.017369,0,0,0,0,0
0.128022,-0.056056,-0.009149,0.007097,-0.00519,0.016722,0,0,0,0,0
0.128024,-0.055086,-0.010443,0.008715,-0.006483,0.016398,0,0,0,0,0
0.128026,-0.054115,-0.012708,0.010332,-0.008424,0.016075,0,0,0,0,0
0.128028,-0.053144,-0.015621,0.012596,-0.009394,0.016075,0,0,0,0,0
0.12803,-0.052174,-0.018856,0.014213,-0.010364,0.016398,0,0,0,0,0
0.128032,-0.05185,-0.021445,0.015831,-0.011011,0.017045,0,0,0,0,0
0.128034,-0.051527,-0.024034,0.018418,-0.010364,0.017045,0,0,0,0,0
0.1280359999999999,-0.05185,-0.024357,0.020359,-0.010041,0.018016,0,0,0,0,0
0.1280379999999999,-0.052174,-0.02371,0.0223,-0.010041,0.017693,0,0,0,0,0
0.12804,-0.051203,-0.021445,0.023917,-0.010041,0.017045,0,0,0,0,0
0.128042,-0.049585,-0.018856,0.025211,-0.010364,0.015427,0,0,0,0,0
0.128044,-0.047968,-0.016268,0.026505,-0.011334,0.013162,0,0,0,0,0
0.128046,-0.045379,-0.015297,0.027799,-0.011657,0.010573,0,0,0,0,0
0.128048,-0.044085,-0.015297,0.028446,-0.013274,0.007984,0,0,0,0,0
0.12805,-0.042467,-0.016915,0.029093,-0.013598,0.006366,0,0,0,0,0
0.128052,-0.042467,-0.01918,0.029093,-0.013921,0.006366,0,0,0,0,0
0.128054,-0.043762,-0.021769,0.029093,-0.014568,0.007013,0,0,0,0,0
0.128056,-0.045703,-0.024034,0.028446,-0.015538,0.008632,0,0,0,0,0
0.128058,-0.047968,-0.025975,0.027475,-0.016185,0.010573,0,0,0,0,0
0.12806,-0.049262,-0.02824,0.026181,-0.016832,0.011544,0,0,0,0,0
0.128062,-0.050556,-0.029858,0.024888,-0.017479,0.012515,0,0,0,0,0
0.128064,-0.051203,-0.032123,0.023594,-0.018772,0.012515,0,0,0,0,0
0.128066,-0.051527,-0.036006,0.021976,-0.019419,0.012191,0,0,0,0,0
0.128068,-0.052174,-0.039566,0.020683,-0.020066,0.012515,0,0,0,0,0
0.12807,-0.052821,-0.042155,0.018742,-0.020389,0.012191,0,0,0,0,0
0.128072,-0.053144,-0.043125,0.016801,-0.020712,0.013162,0,0,0,0,0
0.128074,-0.054439,-0.042802,0.014537,-0.020389,0.013809,0,0,0,0,0
0.128076,-0.054439,-0.041184,0.012596,-0.021036,0.014133,0,0,0,0,0
0.128078,-0.054762,-0.037948,0.010655,-0.021683,0.014133,0,0,0,0,0
0.12808,-0.053792,-0.035036,0.009038,-0.022653,0.013809,0,0,0,0,0
0.128082,-0.053144,-0.031153,0.008068,-0.023946,0.012839,0,0,0,0,0
0.128084,-0.051527,-0.027593,0.007421,-0.025887,0.011868,0,0,0,0,0
0.128086,-0.049585,-0.024681,0.006127,-0.027827,0.010897,0,0,0,0,0
0.128088,-0.048291,-0.022416,0.00548,-0.029767,0.009926,0,0,0,0,0
0.12809,-0.046674,-0.020474,0.005157,-0.031708,0.009279,0,0,0,0,0
0.1280919999999999,-0.045703,-0.019504,0.00451,-0.033648,0.008955,0,0,0,0,0
0.1280939999999999,-0.044732,-0.017238,0.004186,-0.034942,0.009602,0,0,0,0,0
0.128096,-0.044409,-0.015621,0.003863,-0.036235,0.009926,0,0,0,0,0
0.128098,-0.044409,-0.014003,0.003863,-0.037205,0.010573,0,0,0,0,0
0.1281,-0.044732,-0.012061,0.003216,-0.037529,0.01122,0,0,0,0,0
0.128102,-0.043762,-0.008502,0.002892,-0.038499,0.011544,0,0,0,0,0
0.128104,-0.043115,-0.004295,0.002245,-0.039146,0.010897,0,0,0,0,0
0.128106,-0.041497,-0.001383,0.001598,-0.039469,0.009279,0,0,0,0,0
0.128108,-0.039232,0.000235,0.001275,-0.038822,0.007984,0,0,0,0,0
0.12811,-0.036967,0.00153,0.000952,-0.038499,0.007013,0,0,0,0,0
0.128112,-0.035997,0.00153,0.000305,-0.037852,0.006366,0,0,0,0,0
0.128114,-0.034702,0.000559,-1.8859e-05,-0.036882,0.006366,0,0,0,0,0
0.128116,-0.035026,0.000235,-1.8859e-05,-0.035265,0.007661,0,0,0,0,0
0.128118,-0.035997,0.000882,-1.8859e-05,-0.033325,0.008632,0,0,0,0,0
0.12812,-0.036967,0.0025,-1.8859e-05,-0.032031,0.008955,0,0,0,0,0
0.128122,-0.037614,0.003471,-0.000342,-0.030091,0.009279,0,0,0,0,0
0.128124,-0.038261,0.005413,-0.000342,-0.028797,0.008955,0,0,0,0,0
0.128126,-0.037938,0.007678,-0.000989,-0.027827,0.008632,0,0,0,0,0
0.128128,-0.037291,0.008325,-0.001636,-0.02718,0.007984,0,0,0,0,0
0.12813,-0.036967,0.008648,-0.002607,-0.026857,0.007337,0,0,0,0,0
0.128132,-0.036967,0.008001,-0.0039,-0.026533,0.007984,0,0,0,0,0
0.128134,-0.036967,0.007678,-0.005194,-0.025887,0.007984,0,0,0,0,0
0.128136,-0.036967,0.007354,-0.006488,-0.025887,0.007337,0,0,0,0,0
0.128138,-0.037291,0.004765,-0.007458,-0.02524,0.007337,0,0,0,0,0
0.12814,-0.037614,0.0025,-0.008105,-0.024593,0.006366,0,0,0,0,0
0.128142,-0.037614,-0.000412,-0.008429,-0.02427,0.005395,0,0,0,0,0
0.128144,-0.038261,-0.004295,-0.009399,-0.0233,0.004748,0,0,0,0,0
0.128146,-0.038908,-0.008178,-0.009399,-0.022006,0.004101,0,0,0,0,0
0.1281479999999999,-0.039879,-0.01109,-0.01037,-0.021359,0.005072,0,0,0,0,0
0.12815,-0.040526,-0.012385,-0.011016,-0.020389,0.005719,0,0,0,0,0
0.128152,-0.042144,-0.014003,-0.011663,-0.019419,0.00669,0,0,0,0,0
0.128154,-0.043762,-0.013679,-0.012634,-0.018772,0.007661,0,0,0,0,0
0.128156,-0.044732,-0.011414,-0.013604,-0.017802,0.007337,0,0,0,0,0
0.128158,-0.045379,-0.007854,-0.014898,-0.017479,0.007337,0,0,0,0,0
0.12816,-0.045379,-0.004942,-0.015868,-0.017155,0.006043,0,0,0,0,0
0.128162,-0.044732,-0.00203,-0.018133,-0.017479,0.004101,0,0,0,0,0
0.128164,-0.044085,0.000235,-0.019426,-0.017479,0.001836,0,0,0,0,0
0.128166,-0.043115,0.001853,-0.02072,-0.018449,-0.000106,0,0,0,0,0
0.128168,-0.042144,0.00153,-0.021367,-0.018449,-0.002048,0,0,0,0,0
0.12817,-0.042467,-8.8422e-05,-0.021691,-0.019095,-0.003666,0,0,0,0,0
0.128172,-0.042467,-0.000736,-0.021044,-0.018449,-0.004637,0,0,0,0,0
0.128174,-0.043438,-0.001706,-0.02072,-0.017802,-0.00496,0,0,0,0,0
0.128176,-0.044409,-0.00203,-0.020397,-0.016508,-0.004637,0,0,0,0,0
0.128178,-0.045379,-0.001059,-0.020073,-0.015215,-0.005284,0,0,0,0,0
0.12818,-0.04635,-0.000412,-0.020073,-0.013921,-0.005931,0,0,0,0,0
0.128182,-0.046674,0.000235,-0.01975,-0.012628,-0.007549,0,0,0,0,0
0.128184,-0.046674,0.000559,-0.01975,-0.011657,-0.009814,0,0,0,0,0
0.128186,-0.046026,0.000235,-0.020073,-0.011011,-0.012403,0,0,0,0,0
0.128188,-0.044732,0.000235,-0.020397,-0.010364,-0.014345,0,0,0,0,0
0.12819,-0.044085,-0.00203,-0.020397,-0.010364,-0.016287,0,0,0,0,0
0.128192,-0.043762,-0.004295,-0.021044,-0.010041,-0.017581,0,0,0,0,0
0.128194,-0.044085,-0.005266,-0.022014,-0.009717,-0.017905,0,0,0,0,0
0.128196,-0.044409,-0.004295,-0.022661,-0.008424,-0.017258,0,0,0,0,0
0.128198,-0.044085,-0.00203,-0.024278,-0.0081,-0.01661,0,0,0,0,0
0.1282,-0.042467,0.001206,-0.025249,-0.008424,-0.016934,0,0,0,0,0
0.128202,-0.041173,0.004442,-0.026543,-0.00907,-0.017905,0,0,0,0,0
0.1282039999999999,-0.038908,0.00703,-0.027513,-0.010041,-0.018228,0,0,0,0,0
0.128206,-0.036967,0.008001,-0.02816,-0.011011,-0.019847,0,0,0,0,0
0.128208,-0.035673,0.007678,-0.028807,-0.011981,-0.020494,0,0,0,0,0
0.12821,-0.035026,0.007354,-0.029454,-0.012304,-0.02017,0,0,0,0,0
0.128212,-0.034379,0.006707,-0.029777,-0.012951,-0.019523,0,0,0,0,0
0.128214,-0.035026,0.007354,-0.031394,-0.013598,-0.018228,0,0,0,0,0
0.128216,-0.035026,0.008325,-0.032365,-0.013921,-0.017581,0,0,0,0,0
0.128218,-0.03535,0.009296,-0.033012,-0.015215,-0.017258,0,0,0,0,0
0.12822,-0.034702,0.01059,-0.034306,-0.016508,-0.01661,0,0,0,0,0
0.128222,-0.034055,0.011237,-0.034629,-0.017155,-0.017258,0,0,0,0,0
0.128224,-0.033408,0.012208,-0.034629,-0.018125,-0.018228,0,0,0,0,0
0.128226,-0.033085,0.012531,-0.035276,-0.018125,-0.019199,0,0,0,0,0
0.128228,-0.032438,0.012531,-0.035923,-0.018125,-0.019847,0,0,0,0,0
0.12823,-0.032761,0.013179,-0.035923,-0.019095,-0.02017,0,0,0,0,0
0.128232,-0.033085,0.012531,-0.035923,-0.018772,-0.019847,0,0,0,0,0
0.128234,-0.033408,0.012208,-0.036246,-0.018449,-0.019847,0,0,0,0,0
0.128236,-0.034702,0.012531,-0.036246,-0.018125,-0.018552,0,0,0,0,0
0.128238,-0.03535,0.011884,-0.035599,-0.017155,-0.017581,0,0,0,0,0
0.12824,-0.035997,0.012531,-0.034953,-0.017155,-0.01661,0,0,0,0,0
0.128242,-0.03632,0.013179,-0.033982,-0.016508,-0.015316,0,0,0,0,0
0.128244,-0.035997,0.01512,-0.033012,-0.016185,-0.014669,0,0,0,0,0
0.128246,-0.03535,0.017062,-0.031394,-0.016832,-0.014021,0,0,0,0,0
0.128248,-0.034055,0.017709,-0.030101,-0.017155,-0.013374,0,0,0,0,0
0.12825,-0.032761,0.017062,-0.02816,-0.018449,-0.013051,0,0,0,0,0
0.128252,-0.031143,0.015444,-0.026219,-0.019742,-0.011433,0,0,0,0,0
0.128254,-0.030496,0.014149,-0.023955,-0.020712,-0.010462,0,0,0,0,0
0.128256,-0.029849,0.012531,-0.022014,-0.021683,-0.009167,0,0,0,0,0
0.1282579999999999,-0.029202,0.011884,-0.01975,-0.022976,-0.007226,0,0,0,0,0
0.1282599999999999,-0.029202,0.011237,-0.017809,-0.023946,-0.006255,0,0,0,0,0
0.128262,-0.028232,0.010914,-0.014898,-0.02524,-0.004637,0,0,0,0,0
0.128264,-0.027908,0.008972,-0.012957,-0.02621,-0.003989,0,0,0,0,0
0.128266,-0.027908,0.008001,-0.010693,-0.027504,-0.002695,0,0,0,0,0
0.128268,-0.028879,0.00703,-0.008429,-0.029121,-0.001401,0,0,0,0,0
0.12827,-0.029849,0.005089,-0.006165,-0.030091,0.000541,0,0,0,0,0
0.128272,-0.031791,0.003147,-0.004547,-0.031384,0.002483,0,0,0,0,0
0.128274,-0.033408,0.0025,-0.00293,-0.032354,0.005072,0,0,0,0,0
0.128276,-0.034702,0.003471,-0.001636,-0.033325,0.007337,0,0,0,0,0
0.128278,-0.035026,0.005413,-1.8859e-05,-0.034295,0.008955,0,0,0,0,0
0.12828,-0.03535,0.00703,0.001275,-0.035265,0.009926,0,0,0,0,0
0.128282,-0.034702,0.009619,0.003216,-0.036559,0.010573,0,0,0,0,0
0.128284,-0.034055,0.011237,0.004186,-0.037205,0.010573,0,0,0,0,0
0.128286,-0.034055,0.01059,0.004833,-0.037529,0.010897,0,0,0,0,0
0.128288,-0.034379,0.009296,0.005803,-0.037852,0.011868,0,0,0,0,0
0.12829,-0.035673,0.007678,0.00645,-0.038175,0.013486,0,0,0,0,0
0.128292,-0.036644,0.005736,0.007421,-0.037529,0.015104,0,0,0,0,0
0.128294,-0.038261,0.004765,0.008068,-0.036882,0.016398,0,0,0,0,0
0.128296,-0.039556,0.005736,0.008068,-0.035912,0.017693,0,0,0,0,0
0.128298,-0.040526,0.008325,0.008391,-0.034942,0.017369,0,0,0,0,0
0.1283,-0.039879,0.011237,0.008068,-0.033971,0.017045,0,0,0,0,0
0.128302,-0.039556,0.013502,0.007744,-0.033648,0.015104,0,0,0,0,0
0.128304,-0.037614,0.015767,0.007421,-0.033648,0.012839,0,0,0,0,0
0.128306,-0.036644,0.016091,0.006127,-0.033325,0.01025,0,0,0,0,0
0.128308,-0.03535,0.015444,0.00548,-0.033648,0.008308,0,0,0,0,0
0.12831,-0.034055,0.014149,0.005157,-0.033001,0.006366,0,0,0,0,0
0.128312,-0.033732,0.011561,0.00451,-0.031384,0.005719,0,0,0,0,0
0.1283139999999999,-0.033732,0.010914,0.00451,-0.029767,0.005395,0,0,0,0,0
0.1283159999999999,-0.034055,0.010266,0.00451,-0.027827,0.005395,0,0,0,0,0
0.128318,-0.034055,0.01059,0.004186,-0.02524,0.006043,0,0,0,0,0
0.12832,-0.034055,0.012855,0.004186,-0.023623,0.006043,0,0,0,0,0
0.128322,-0.032761,0.01512,0.004186,-0.021036,0.005719,0,0,0,0,0
0.128324,-0.03082,0.017385,0.003863,-0.019742,0.004101,0,0,0,0,0
0.128326,-0.028232,0.01965,0.004186,-0.018125,0.002806,0,0,0,0,0
0.128328,-0.02532,0.021915,0.005157,-0.016832,0.000218,0,0,0,0,0
0.12833,-0.022731,0.023533,0.006774,-0.014568,-0.001077,0,0,0,0,0
0.128332,-0.020466,0.024828,0.007744,-0.012304,-0.002695,0,0,0,0,0
0.128334,-0.018525,0.025798,0.008391,-0.010041,-0.002371,0,0,0,0,0
0.128336,-0.017555,0.027416,0.009038,-0.006807,-0.002048,0,0,0,0,0
0.128338,-0.015937,0.029358,0.009361,-0.003896,-0.001724,0,0,0,0,0
0.12834,-0.014643,0.031623,0.009361,-0.001632,-0.001724,0,0,0,0,0
0.128342,-0.013025,0.033565,0.009361,0.000631,-0.001401,0,0,0,0,0
0.128344,-0.011731,0.033565,0.010008,0.003218,-0.002371,0,0,0,0,0
0.128346,-0.010437,0.032594,0.010008,0.006452,-0.003019,0,0,0,0,0
0.128348,-0.010437,0.030005,0.010332,0.009363,-0.003019,0,0,0,0,0
0.12835,-0.011084,0.02774,0.010979,0.01292,-0.002371,0,0,0,0,0
0.128352,-0.012054,0.025475,0.011626,0.016477,-0.001077,0,0,0,0,0
0.128354,-0.013672,0.024828,0.011949,0.020358,-0.000106,0,0,0,0,0
0.128356,-0.014643,0.026446,0.012273,0.023592,0.001836,0,0,0,0,0
0.128358,-0.015613,0.028711,0.01292,0.026503,0.002483,0,0,0,0,0
0.12836,-0.016584,0.031947,0.01292,0.02909,0.002483,0,0,0,0,0
0.128362,-0.01626,0.036153,0.013243,0.03103,0.002483,0,0,0,0,0
0.128364,-0.01626,0.04036,0.013566,0.033294,0.00313,0,0,0,0,0
0.128366,-0.015613,0.044243,0.013566,0.034587,0.003454,0,0,0,0,0
0.128368,-0.015613,0.047802,0.013566,0.036851,0.005072,0,0,0,0,0
0.1283699999999999,-0.015613,0.051362,0.013566,0.038468,0.005719,0,0,0,0,0
0.1283719999999999,-0.015937,0.054598,0.013243,0.040408,0.007337,0,0,0,0,0
0.128374,-0.016584,0.056863,0.01292,0.042672,0.008955,0,0,0,0,0
0.128376,-0.016908,0.05751,0.012596,0.044612,0.010897,0,0,0,0,0
0.128378,-0.016908,0.059451,0.011949,0.046553,0.012515,0,0,0,0,0
0.12838,-0.016908,0.060746,0.011302,0.04817,0.014133,0,0,0,0,0
0.128382,-0.016908,0.060746,0.011302,0.049787,0.015104,0,0,0,0,0
0.128384,-0.017231,0.060746,0.011302,0.050433,0.016722,0,0,0,0,0
0.128386,-0.017231,0.060746,0.010979,0.051404,0.017045,0,0,0,0,0
0.128388,-0.016908,0.061069,0.010332,0.051727,0.018664,0,0,0,0,0
0.12839,-0.017231,0.060099,0.010655,0.051727,0.019958,0,0,0,0,0
0.128392,-0.017231,0.059128,0.010008,0.05205,0.020929,0,0,0,0,0
0.128394,-0.017878,0.059451,0.010332,0.052374,0.022223,0,0,0,0,0
0.128396,-0.017878,0.059128,0.010008,0.052697,0.023518,0,0,0,0,0
0.128398,-0.017231,0.058804,0.010332,0.052374,0.024165,0,0,0,0,0
0.1284,-0.016584,0.059128,0.010655,0.052374,0.025136,0,0,0,0,0
0.128402,-0.015613,0.059128,0.011302,0.05205,0.025136,0,0,0,0,0
0.128404,-0.013996,0.057833,0.011302,0.05205,0.025136,0,0,0,0,0
0.128406,-0.012701,0.056216,0.011949,0.051727,0.025783,0,0,0,0,0
0.128408,-0.012054,0.053303,0.01292,0.05205,0.026754,0,0,0,0,0
0.12841,-0.011407,0.051362,0.013243,0.05205,0.027725,0,0,0,0,0
0.128412,-0.011407,0.048126,0.014537,0.051727,0.029343,0,0,0,0,0
0.128414,-0.01076,0.045861,0.015507,0.05205,0.030314,0,0,0,0,0
0.128416,-0.00979,0.043919,0.016478,0.051727,0.031608,0,0,0,0,0
0.128418,-0.008819,0.042625,0.017448,0.05108,0.030961,0,0,0,0,0
0.12842,-0.006554,0.041978,0.018742,0.050433,0.02999,0,0,0,0,0
0.128422,-0.004613,0.040683,0.019389,0.04914,0.027725,0,0,0,0,0
0.128424,-0.002348,0.039389,0.020683,0.047523,0.025136,0,0,0,0,0
0.1284259999999999,-0.00073,0.037771,0.021976,0.045259,0.023518,0,0,0,0,0
0.128428,-8.3218e-05,0.034859,0.022623,0.043319,0.0219,0,0,0,0,0
0.12843,-8.3218e-05,0.031299,0.022947,0.041702,0.021576,0,0,0,0,0
0.128432,-0.000407,0.027416,0.02327,0.039438,0.021576,0,0,0,0,0
0.128434,-0.001377,0.025151,0.02327,0.038468,0.022871,0,0,0,0,0
0.128436,-0.002024,0.02321,0.022947,0.037174,0.023194,0,0,0,0,0
0.128438,-0.002348,0.022563,0.022947,0.036204,0.023194,0,0,0,0,0
0.12844,-0.002024,0.021915,0.022623,0.034264,0.0219,0,0,0,0,0
0.128442,-0.00073,0.022239,0.0223,0.032647,0.019958,0,0,0,0,0
0.128444,0.001211,0.021915,0.021976,0.03006,0.016398,0,0,0,0,0
0.128446,0.002829,0.021268,0.021653,0.027796,0.013162,0,0,0,0,0
0.128448,0.004123,0.020297,0.021006,0.024562,0.01025,0,0,0,0,0
0.12845,0.005093,0.019003,0.021006,0.022622,0.007661,0,0,0,0,0
0.128452,0.005741,0.01868,0.020683,0.019711,0.005072,0,0,0,0,0
0.128454,0.005741,0.017385,0.020359,0.017124,0.00313,0,0,0,0,0
0.128456,0.006064,0.017062,0.020359,0.01486,0.000541,0,0,0,0,0
0.128458,0.006064,0.017385,0.020036,0.012597,-0.002371,0,0,0,0,0
0.12846,0.006711,0.017062,0.019712,0.010656,-0.00496,0,0,0,0,0
0.128462,0.007358,0.018032,0.019389,0.008393,-0.007873,0,0,0,0,0
0.128464,0.008005,0.017385,0.018742,0.006452,-0.009814,0,0,0,0,0
0.128466,0.008652,0.018356,0.017125,0.004189,-0.013051,0,0,0,0,0
0.128468,0.009947,0.019003,0.01486,0.001601,-0.015963,0,0,0,0,0
0.12847,0.010917,0.018032,0.012596,-0.000339,-0.018552,0,0,0,0,0
0.128472,0.011241,0.016091,0.010655,-0.001956,-0.020494,0,0,0,0,0
0.128474,0.011564,0.01512,0.008715,-0.003573,-0.023083,0,0,0,0,0
0.128476,0.011241,0.013179,0.007097,-0.005513,-0.025348,0,0,0,0,0
0.128478,0.010917,0.012531,0.00548,-0.006807,-0.027937,0,0,0,0,0
0.1284799999999999,0.011241,0.012855,0.003539,-0.008424,-0.030202,0,0,0,0,0
0.1284819999999999,0.011241,0.012855,0.002569,-0.010687,-0.032791,0,0,0,0,0
0.128484,0.011888,0.013502,0.001275,-0.013921,-0.036027,0,0,0,0,0
0.128486,0.012211,0.013179,0.000305,-0.016508,-0.03894,0,0,0,0,0
0.128488,0.012535,0.012208,-0.000666,-0.019095,-0.042176,0,0,0,0,0
0.12849,0.012211,0.010914,-0.000989,-0.021683,-0.043794,0,0,0,0,0
0.128492,0.011888,0.008972,-0.001313,-0.0233,-0.046059,0,0,0,0,0
0.128494,0.01027,0.008648,-0.00196,-0.024593,-0.046383,0,0,0,0,0
0.128496,0.008652,0.007678,-0.00196,-0.025563,-0.04703,0,0,0,0,0
0.128498,0.007035,0.008648,-0.002283,-0.027504,-0.047354,0,0,0,0,0
0.1285,0.006388,0.010266,-0.00196,-0.029121,-0.048325,0,0,0,0,0
0.128502,0.005741,0.010914,-0.001636,-0.030738,-0.049295,0,0,0,0,0
0.128504,0.005417,0.011561,-0.000989,-0.032678,-0.049943,0,0,0,0,0
0.128506,0.006064,0.011561,-0.000666,-0.034618,-0.051561,0,0,0,0,0
0.128508,0.006064,0.01059,-0.000342,-0.036882,-0.052208,0,0,0,0,0
0.12851,0.005741,0.008325,-0.000342,-0.038499,-0.052855,0,0,0,0,0
0.128512,0.005093,0.00606,-0.000342,-0.039146,-0.052208,0,0,0,0,0
0.128514,0.003799,0.005089,-0.000342,-0.039469,-0.051561,0,0,0,0,0
0.128516,0.002505,0.005089,-0.000342,-0.039469,-0.050913,0,0,0,0,0
0.128518,0.001211,0.004765,-0.000342,-0.039792,-0.05059,0,0,0,0,0
0.12852,-8.3218e-05,0.004442,-0.001313,-0.040116,-0.050913,0,0,0,0,0
0.128522,-0.001701,0.005413,-0.00196,-0.040439,-0.050913,0,0,0,0,0
0.128524,-0.002995,0.004118,-0.003253,-0.041409,-0.05059,0,0,0,0,0
0.128526,-0.004613,0.002177,-0.004224,-0.041733,-0.050913,0,0,0,0,0
0.128528,-0.006878,0.000235,-0.006488,-0.042056,-0.049943,0,0,0,0,0
0.12853,-0.009466,-0.001383,-0.007458,-0.042056,-0.048648,0,0,0,0,0
0.128532,-0.012378,-0.002677,-0.009723,-0.041733,-0.047354,0,0,0,0,0
0.128534,-0.01529,-0.003971,-0.011016,-0.042056,-0.045736,0,0,0,0,0
0.1285359999999999,-0.017555,-0.003971,-0.012957,-0.041733,-0.045088,0,0,0,0,0
0.1285379999999999,-0.018849,-0.002677,-0.014251,-0.042703,-0.045736,0,0,0,0,0
0.12854,-0.020143,-0.003324,-0.016192,-0.043673,-0.046059,0,0,0,0,0
0.128542,-0.021437,-0.004619,-0.017486,-0.04432,-0.047354,0,0,0,0,0
0.128544,-0.023055,-0.006884,-0.01878,-0.04529,-0.048648,0,0,0,0,0
0.128546,-0.024673,-0.01012,-0.019426,-0.04626,-0.049619,0,0,0,0,0
0.128548,-0.026614,-0.013679,-0.020397,-0.046584,-0.049943,0,0,0,0,0
0.12855,-0.028879,-0.017562,-0.021691,-0.04626,-0.05059,0,0,0,0,0
0.128552,-0.031791,-0.021445,-0.022985,-0.046584,-0.049943,0,0,0,0,0
0.128554,-0.034379,-0.024034,-0.024602,-0.046584,-0.049295,0,0,0,0,0
0.128556,-0.036967,-0.026622,-0.025249,-0.04626,-0.048648,0,0,0,0,0
0.128558,-0.038908,-0.026946,-0.026866,-0.046907,-0.048648,0,0,0,0,0
0.12856,-0.040526,-0.026299,-0.027836,-0.047554,-0.048325,0,0,0,0,0
0.128562,-0.041497,-0.025975,-0.02913,-0.048524,-0.048972,0,0,0,0,0
0.128564,-0.042144,-0.024357,-0.029777,-0.049818,-0.050913,0,0,0,0,0
0.128566,-0.042144,-0.025328,-0.031071,-0.051111,-0.052532,0,0,0,0,0
0.128568,-0.042144,-0.026622,-0.031394,-0.052405,-0.054797,0,0,0,0,0
0.12857,-0.042467,-0.028564,-0.032041,-0.053375,-0.056415,0,0,0,0,0
0.128572,-0.042791,-0.030829,-0.032688,-0.054022,-0.056738,0,0,0,0,0
0.128574,-0.043438,-0.033418,-0.034306,-0.054345,-0.057062,0,0,0,0,0
0.128576,-0.043438,-0.035036,-0.034306,-0.054668,-0.056738,0,0,0,0,0
0.128578,-0.043438,-0.035683,-0.034953,-0.054668,-0.057062,0,0,0,0,0
0.12858,-0.042144,-0.034389,-0.035599,-0.054992,-0.057709,0,0,0,0,0
0.128582,-0.04085,-0.033418,-0.035923,-0.055639,-0.059327,0,0,0,0,0
0.128584,-0.037291,-0.033741,-0.035923,-0.056609,-0.060945,0,0,0,0,0
0.128586,-0.033085,-0.034065,-0.03657,-0.056932,-0.063534,0,0,0,0,0
0.128588,-0.028879,-0.036006,-0.036893,-0.057255,-0.065476,0,0,0,0,0
0.12859,-0.023378,-0.038919,-0.03754,-0.057255,-0.066771,0,0,0,0,0
0.1285919999999999,-0.017555,-0.042802,-0.038187,-0.057579,-0.067741,0,0,0,0,0
0.1285939999999999,-0.011731,-0.046361,-0.039804,-0.057255,-0.068065,0,0,0,0,0
0.128596,-0.004936,-0.050244,-0.041422,-0.056932,-0.068389,0,0,0,0,0
0.128598,0.002829,-0.052833,-0.042716,-0.055962,-0.068712,0,0,0,0,0
0.1286,0.011241,-0.054774,-0.04498,-0.054668,-0.069036,0,0,0,0,0
0.128602,0.0203,-0.055422,-0.046597,-0.053375,-0.07033,0,0,0,0,0
0.128604,0.030006,-0.056716,-0.048538,-0.051434,-0.071301,0,0,0,0,0
0.128606,0.04036,-0.058657,-0.050802,-0.049818,-0.072272,0,0,0,0,0
0.128608,0.05039,-0.060599,-0.053066,-0.048201,-0.072272,0,0,0,0,0
0.12861,0.06042,-0.062541,-0.055007,-0.046584,-0.071625,0,0,0,0,0
0.128612,0.070449,-0.065129,-0.057271,-0.044967,-0.070978,0,0,0,0,0
0.128614,0.080156,-0.067718,-0.058565,-0.04335,-0.07033,0,0,0,0,0
0.128616,0.090186,-0.068689,-0.060506,-0.042056,-0.069036,0,0,0,0,0
0.128618,0.099245,-0.067718,-0.0618,-0.040439,-0.069036,0,0,0,0,0
0.12862,0.109598,-0.066747,-0.063094,-0.039792,-0.068389,1,0,0,0,0
0.128622,0.11801,-0.064482,-0.064064,-0.038822,-0.068389,1,0,0,0,0
0.128624,0.127393,-0.062541,-0.065681,-0.038499,-0.068065,1,0,0,0,0
0.128626,0.135805,-0.060599,-0.066005,-0.037205,-0.067741,1,0,0,0,0
0.128628,0.14357,-0.058657,-0.067299,-0.037205,-0.066771,1,0,0,0,0
0.12863,0.150041,-0.057363,-0.068592,-0.036559,-0.0658,1,0,0,0,0
0.128632,0.155541,-0.056716,-0.069239,-0.035265,-0.063858,1,0,0,0,0
0.128634,0.159748,-0.054451,-0.069563,-0.033971,-0.06224,1,0,0,0,0
0.128636,0.16363,-0.051862,-0.070533,-0.032678,-0.060298,1,0,0,0,0
0.128638,0.166542,-0.049597,-0.071827,-0.031061,-0.058033,1,0,0,0,0
0.12864,0.167836,-0.046361,-0.073121,-0.030091,-0.055768,1,0,0,0,0
0.128642,0.168807,-0.042478,-0.074738,-0.029444,-0.053179,1,0,0,0,0
0.128644,0.168807,-0.037624,-0.076355,-0.029121,-0.051237,1,0,0,0,0
0.128646,0.16913,-0.032771,-0.077649,-0.029444,-0.049295,1,0,0,0,0
0.1286479999999999,0.168483,-0.026299,-0.07862,-0.029767,-0.048325,1,0,0,0,0
0.12865,0.166865,-0.019504,-0.079913,-0.030414,-0.046706,1,0,0,0,0
0.128652,0.164601,-0.012061,-0.081207,-0.030738,-0.046059,1,0,0,0,0
0.128654,0.161689,-0.004942,-0.081531,-0.031061,-0.045088,1,0,0,0,0
0.128656,0.15813,0.003795,-0.081854,-0.031708,-0.044441,1,0,0,0,0
0.128658,0.154247,0.013826,-0.082178,-0.032354,-0.04347,1,0,0,0,0
0.12866,0.150688,0.024828,-0.082501,-0.033001,-0.04347,1,0,0,0,0
0.128662,0.147129,0.036153,-0.083472,-0.034295,-0.042823,1,0,0,0,0
0.128664,0.14357,0.047479,-0.084118,-0.035588,-0.042823,1,0,0,0,0
0.128666,0.139364,0.059128,-0.084118,-0.036882,-0.043147,1,0,0,0,0
0.128668,0.134188,0.069159,-0.083795,-0.038175,-0.042823,1,0,0,0,0
0.12867,0.128364,0.07919,-0.084118,-0.038175,-0.041205,1,0,0,0,0
0.128672,0.121246,0.090192,-0.084118,-0.038822,-0.039263,1,0,0,0,0
0.128674,0.113804,0.103136,-0.084442,-0.038822,-0.036674,1,1,0,0,0
0.128676,0.106363,0.118344,-0.084442,-0.038499,-0.034409,1,1,0,0,0
0.128678,0.099568,0.135494,-0.084442,-0.038499,-0.032791,0,1,0,0,0
0.12868,0.093097,0.153939,-0.084442,-0.038499,-0.032791,0,1,0,0,0
0.128682,0.08695,0.173354,-0.085089,-0.038822,-0.032791,0,1,0,0,0
0.128684,0.08145,0.192769,-0.085089,-0.039146,-0.033115,0,1,0,0,0
0.128686,0.074979,0.211213,-0.085412,-0.038822,-0.033115,0,1,0,0,0
0.128688,0.068508,0.229658,-0.085412,-0.038822,-0.032467,0,1,0,0,0
0.12869,0.061067,0.247455,-0.085089,-0.038822,-0.030202,0,1,0,0,0
0.128692,0.053625,0.264929,-0.085089,-0.038499,-0.027937,0,1,0,0,0
0.128694,0.045536,0.282402,-0.084442,-0.038175,-0.025995,0,1,0,0,0
0.128696,0.037771,0.298905,-0.083795,-0.037852,-0.023083,0,1,0,0,0
0.128698,0.029359,0.315408,-0.082825,-0.037852,-0.021465,0,1,0,0,0
0.1287,0.021594,0.332234,-0.082178,-0.038499,-0.020817,0,1,0,0,0
0.1287019999999999,0.014476,0.348414,-0.081531,-0.039146,-0.02017,0,1,0,0,0
0.1287039999999999,0.008005,0.364269,-0.081207,-0.040116,-0.020494,0,1,0,0,0
0.128706,0.002182,0.379802,-0.08056,-0.041409,-0.021788,0,1,0,0,0
0.128708,-0.003966,0.393069,-0.079913,-0.04238,-0.022435,0,1,0,0,0
0.12871,-0.010113,0.405365,-0.07959,-0.04238,-0.024053,0,1,0,0,0
0.128712,-0.015937,0.414102,-0.07862,-0.04335,-0.025348,0,1,0,0,0
0.128714,-0.022408,0.421544,-0.077973,-0.04238,-0.025672,0,1,0,0,0
0.128716,-0.028879,0.427045,-0.077326,-0.042056,-0.025995,0,1,0,0,0
0.128718,-0.035026,0.430281,-0.077002,-0.041086,-0.025995,0,1,0,0,0
0.12872,-0.041497,0.431575,-0.076355,-0.039469,-0.025672,0,1,0,0,0
0.128722,-0.046997,0.431575,-0.075385,-0.038499,-0.025348,0,1,0,0,0
0.128724,-0.052821,0.428339,-0.075062,-0.037529,-0.025672,0,1,0,0,0
0.128726,-0.058968,0.423809,-0.073768,-0.036559,-0.025348,0,1,0,0,0
0.128728,-0.064145,0.416367,-0.072474,-0.035588,-0.025672,0,1,0,0,0
0.12873,-0.069969,0.406983,-0.070857,-0.033648,-0.025348,0,1,0,0,0
0.128732,-0.074822,0.395657,-0.069886,-0.032031,-0.024701,0,1,0,0,0
0.128734,-0.079999,0.383037,-0.068269,-0.030414,-0.024053,0,1,0,0,0
0.128736,-0.085175,0.369447,-0.066652,-0.028797,-0.02373,0,1,0,0,0
0.128738,-0.089058,0.355533,-0.065681,-0.02718,-0.022759,0,1,0,0,0
0.12874,-0.09197,0.342589,-0.064064,-0.025563,-0.023406,0,1,0,0,0
0.128742,-0.094235,0.328675,-0.0618,-0.02427,-0.024377,0,1,0,0,0
0.128744,-0.096499,0.31379,-0.060182,-0.022976,-0.024701,0,1,0,0,0
0.128746,-0.098764,0.298258,-0.057918,-0.022006,-0.025995,0,1,0,0,0
0.128748,-0.100058,0.282402,-0.055654,-0.020389,-0.026642,0,1,0,0,0
0.12875,-0.102,0.265899,-0.05339,-0.019419,-0.025995,0,1,0,0,0
0.128752,-0.104588,0.249073,-0.051126,-0.018449,-0.025024,0,1,0,0,0
0.128754,-0.107176,0.233217,-0.048861,-0.017479,-0.023083,0,1,0,0,0
0.128756,-0.110088,0.218332,-0.046274,-0.016185,-0.021141,0,1,0,0,0
0.1287579999999999,-0.112353,0.205065,-0.043362,-0.015215,-0.019847,0,1,0,0,0
0.1287599999999999,-0.114618,0.192445,-0.040128,-0.013921,-0.018876,0,1,0,0,0
0.128762,-0.116236,0.180473,-0.03657,-0.013274,-0.019199,0,1,0,0,0
0.128764,-0.117206,0.167529,-0.032041,-0.012304,-0.019523,0,1,0,0,0
0.128766,-0.11753,0.154909,-0.027513,-0.011657,-0.020494,0,1,0,0,0
0.128768,-0.11753,0.141319,-0.022014,-0.010364,-0.020817,0,1,0,0,0
0.12877,-0.118177,0.127081,-0.015545,-0.009717,-0.020817,0,1,0,0,0
0.128772,-0.118824,0.111872,-0.009076,-0.008747,-0.020494,0,1,0,0,0
0.128774,-0.119794,0.098282,-0.000666,-0.00713,-0.019847,0,0,0,0,0
0.128776,-0.120442,0.086309,0.008068,-0.005836,-0.019199,0,0,0,0,0
0.128778,-0.121412,0.07466,0.017771,-0.003896,-0.018228,0,0,0,0,0
0.12878,-0.121412,0.064305,0.028122,-0.003249,-0.017258,0,0,0,0,0
0.128782,-0.122383,0.05395,0.040414,-0.001632,-0.015963,0,0,0,0,0
0.128784,-0.122059,0.043596,0.052382,-1.5452e-05,-0.014345,0,0,0,0,0
0.128786,-0.12303,0.033565,0.064997,0.000955,-0.013051,0,0,0,0,0
0.128788,-0.123353,0.024828,0.077612,0.001601,-0.010785,0,0,0,0,0
0.12879,-0.123677,0.015444,0.090873,0.001925,-0.008844,0,0,0,0,0
0.128792,-0.124324,0.006707,0.103812,0.001601,-0.007873,0,0,1,0,0
0.128794,-0.124971,-0.002677,0.117397,0.001925,-0.006255,0,0,1,0,0
0.128796,-0.125295,-0.009472,0.130982,0.001925,-0.005931,0,0,1,0,0
0.128798,-0.125942,-0.015297,0.144568,0.001601,-0.005284,0,0,1,0,0
0.1288,-0.126589,-0.021122,0.157506,0.001601,-0.005284,0,0,1,0,0
0.128802,-0.126589,-0.026946,0.169798,0.001278,-0.005607,0,0,1,0,0
0.128804,-0.126912,-0.033418,0.181119,0.000631,-0.005607,0,0,1,0,0
0.128806,-0.127236,-0.039242,0.191793,0.001278,-0.005284,0,0,1,0,0
0.128808,-0.128207,-0.04539,0.201497,0.001601,-0.004313,0,0,1,0,0
0.12881,-0.129177,-0.053157,0.209583,0.002248,-0.003019,0,0,1,0,0
0.128812,-0.130795,-0.059628,0.217023,0.003218,-0.00043,0,0,1,0,0
0.1288139999999999,-0.132736,-0.066424,0.223492,0.004835,0.002159,0,0,1,0,0
0.1288159999999999,-0.135001,-0.072572,0.228344,0.006776,0.004748,0,0,1,0,0
0.128818,-0.136942,-0.077749,0.231902,0.008716,0.007013,0,0,1,0,0
0.12882,-0.138237,-0.081632,0.234813,0.01001,0.008308,0,0,1,0,0
0.128822,-0.138884,-0.084544,0.236107,0.012273,0.009602,0,0,1,0,0
0.128824,-0.139207,-0.088104,0.236754,0.013244,0.008632,0,0,1,0,0
0.128826,-0.138884,-0.093281,0.236754,0.015507,0.007984,0,0,1,0,0
0.128828,-0.13856,-0.097488,0.23643,0.018418,0.006043,0,0,1,0,0
0.12883,-0.13856,-0.102342,0.235137,0.021652,0.004748,0,0,1,0,0
0.128832,-0.138884,-0.10849,0.232872,0.025856,0.004101,0,0,1,0,0
0.128834,-0.140178,-0.11302,0.230285,0.030383,0.003454,0,0,1,0,0
0.128836,-0.141472,-0.117874,0.22608,0.036528,0.00313,0,0,1,0,0
0.128838,-0.143737,-0.120462,0.221875,0.043642,0.00313,0,0,1,0,0
0.12884,-0.145031,-0.122404,0.216699,0.05108,0.002806,0,0,1,0,0
0.128842,-0.146325,-0.124022,0.211847,0.059165,0.002159,0,0,1,0,0
0.128844,-0.146649,-0.123698,0.205702,0.067896,0.000218,0,0,1,0,0
0.128846,-0.146325,-0.123698,0.199879,0.076951,-0.001401,0,0,1,0,0
0.128848,-0.146649,-0.12564,0.194381,0.086976,-0.003019,0,0,1,0,0
0.12885,-0.146649,-0.127258,0.187911,0.097648,-0.003989,0,0,1,0,0
0.128852,-0.147619,-0.128228,0.180795,0.108967,-0.004637,0,0,1,1,0
0.128854,-0.148913,-0.128876,0.174326,0.120286,-0.004637,0,0,1,1,0
0.128856,-0.149884,-0.127905,0.166563,0.132574,-0.004637,0,0,1,1,0
0.128858,-0.149884,-0.12564,0.159123,0.14454,-0.00496,0,0,1,1,0
0.12886,-0.150531,-0.123375,0.15136,0.156505,-0.005607,0,0,1,1,0
0.128862,-0.150855,-0.12208,0.143597,0.168147,-0.007226,0,0,1,1,0
0.128864,-0.151178,-0.121757,0.135834,0.179789,-0.00852,0,0,1,1,0
0.128866,-0.151502,-0.121757,0.128071,0.191431,-0.009814,0,0,1,1,0
0.128868,-0.152149,-0.122728,0.120308,0.203073,-0.010785,0,0,1,1,0
0.1288699999999999,-0.152472,-0.124669,0.113192,0.214069,-0.011756,0,0,1,1,0
0.128872,-0.15312,-0.124993,0.105753,0.225387,-0.012727,0,0,1,1,0
0.128874,-0.153443,-0.125963,0.098636,0.236059,-0.014021,0,0,0,1,0
0.128876,-0.153443,-0.127258,0.091844,0.245438,-0.015316,0,0,0,1,0
0.128878,-0.152796,-0.128228,0.085375,0.253846,-0.016934,0,0,0,1,0
0.12888,-0.151825,-0.129523,0.078582,0.26096,-0.018552,0,0,0,1,0
0.128882,-0.150208,-0.131141,0.072436,0.266781,-0.019847,0,0,0,1,0
0.128884,-0.148266,-0.133729,0.06629,0.270662,-0.021141,0,0,0,1,0
0.128886,-0.146002,-0.135347,0.059498,0.273896,-0.021788,0,0,0,1,0
0.128888,-0.14406,-0.137936,0.053029,0.275836,-0.021788,0,0,0,1,0
0.12889,-0.142119,-0.141496,0.046883,0.27616,-0.020494,0,0,0,1,0
0.128892,-0.140825,-0.145055,0.040737,0.27616,-0.018228,0,0,0,1,0
0.128894,-0.139854,-0.147644,0.034591,0.274866,-0.014992,0,0,0,1,0
0.128896,-0.139207,-0.149262,0.028769,0.272602,-0.011433,0,0,0,1,0
0.128898,-0.138884,-0.151203,0.022947,0.270339,-0.007226,0,0,0,1,0
0.1289,-0.13856,-0.152174,0.016801,0.267751,-0.002048,0,0,0,1,0
0.128902,-0.137589,-0.152821,0.010979,0.263547,0.002806,0,0,0,1,0
0.128904,-0.136619,-0.153145,0.005803,0.258373,0.007661,0,0,0,1,0
0.128906,-0.135325,-0.153792,0.000305,0.252552,0.012515,0,0,0,1,0
0.128908,-0.133707,-0.155086,-0.004547,0.246084,0.018016,0,0,0,1,0
0.12891,-0.132413,-0.155733,-0.01037,0.23897,0.024165,0,0,0,1,0
0.128912,-0.130148,-0.156704,-0.015545,0.231855,0.030314,0,0,0,1,0
0.128914,-0.128854,-0.157028,-0.022014,0.224741,0.038404,0,0,0,1,0
0.128916,-0.126912,-0.157028,-0.028483,0.217949,0.046818,0,0,0,1,0
0.128918,-0.124648,-0.156057,-0.034629,0.210511,0.055556,0,0,0,1,0
0.12892,-0.122383,-0.15541,-0.041098,0.20275,0.065264,0,0,0,1,0
0.128922,-0.120442,-0.154115,-0.047244,0.195312,0.074649,0,0,0,1,0
0.1289239999999999,-0.11753,-0.154439,-0.054037,0.187551,0.085328,0,0,0,1,0
0.1289259999999999,-0.114941,-0.154763,-0.060182,0.179143,0.096331,0,0,0,1,0
0.128928,-0.112677,-0.154763,-0.066328,0.171058,0.108628,0,0,0,1,1
0.12893,-0.110412,-0.15638,-0.073121,0.163296,0.121896,0,0,0,1,1
0.128932,-0.109765,-0.157351,-0.078943,0.156505,0.136135,0,0,0,1,1
0.128934,-0.109118,-0.157028,-0.085412,0.150038,0.151669,0,0,0,1,1
0.128936,-0.10847,-0.15541,-0.091235,0.14357,0.167526,0,0,0,1,1
0.128938,-0.108147,-0.152174,-0.096733,0.137425,0.182736,0,0,0,1,1
0.12894,-0.106853,-0.148614,-0.101262,0.131604,0.197298,0,0,0,1,1
0.128942,-0.105235,-0.143761,-0.10579,0.126107,0.210567,0,0,0,1,1
0.128944,-0.103294,-0.140525,-0.109995,0.119639,0.224158,0,0,0,1,1
0.128946,-0.102,-0.13826,-0.114524,0.113818,0.236779,0,0,0,1,1
0.128948,-0.101029,-0.135995,-0.118082,0.107673,0.250048,0,0,0,1,1
0.12895,-0.100705,-0.133729,-0.121963,0.101529,0.263639,0,0,0,1,1
0.128952,-0.101029,-0.131464,-0.125198,0.095385,0.277231,0,0,0,0,1
0.128954,-0.102,-0.128552,-0.127462,0.089564,0.290176,0,0,0,0,1
0.128956,-0.10297,-0.12564,-0.130697,0.082772,0.302797,0,0,0,0,1
0.128958,-0.103941,-0.121757,-0.132961,0.076628,0.3138,0,0,0,0,1
0.12896,-0.103941,-0.119168,-0.134902,0.07016,0.323184,0,0,0,0,1
0.128962,-0.103617,-0.117227,-0.136519,0.064339,0.331598,0,0,0,0,1
0.128964,-0.10297,-0.116903,-0.137813,0.058518,0.339365,0,0,0,0,1
0.128966,-0.101676,-0.116579,-0.13846,0.053344,0.345837,0,0,0,0,1
0.128968,-0.100382,-0.11755,-0.13943,0.047846,0.351662,0,0,0,0,1
0.12897,-0.099411,-0.117874,-0.1404,0.042995,0.356517,0,0,0,0,1
0.128972,-0.098117,-0.118844,-0.140724,0.038791,0.360076,0,0,0,0,1
0.128974,-0.09747,-0.120139,-0.141047,0.035557,0.362989,0,0,0,0,1
0.128976,-0.095529,-0.120462,-0.141371,0.032,0.364607,0,0,0,0,1
0.128978,-0.094882,-0.120786,-0.141371,0.028766,0.364607,0,0,0,0,1
0.1289799999999999,-0.092617,-0.120462,-0.141694,0.025209,0.36396,0,0,0,0,1
0.1289819999999999,-0.090676,-0.12208,-0.141694,0.021652,0.362665,0,0,0,0,1
0.128984,-0.088411,-0.122404,-0.141694,0.017771,0.359429,0,0,0,0,1
0.128986,-0.086469,-0.123698,-0.141694,0.01389,0.356193,0,0,0,0,1
0.128988,-0.083558,-0.124993,-0.140724,0.009686,0.35231,0,0,0,0,1
0.12899,-0.080646,-0.127258,-0.1404,0.005482,0.347455,0,0,0,0,1
0.128992,-0.078057,-0.127581,-0.139754,0.001925,0.342601,0,0,0,0,1
0.128994,-0.075469,-0.127581,-0.139107,-0.001309,0.3371,0,0,0,0,1
0.128996,-0.072557,-0.126934,-0.138136,-0.004866,0.32998,0,0,0,0,1
0.128998,-0.069645,-0.125316,-0.137489,-0.007453,0.322861,0,0,0,0,1
0.129,-0.06641,-0.123051,-0.136842,-0.010687,0.3138,0,0,0,0,1
0.129002,-0.062527,-0.120786,-0.135872,-0.013921,0.304091,0,0,0,0,1
0.129004,-0.058645,-0.119815,-0.134902,-0.016832,0.293088,0,0,0,0,1
0.129006,-0.055086,-0.120462,-0.133284,-0.019742,0.282733,0,0,0,0,1
0.129008,-0.052497,-0.121433,-0.132314,-0.022329,0.272377,0,0,0,0,1
0.12901,-0.049909,-0.122404,-0.13102,-0.024593,0.262345,0,0,0,0,1
0.129012,-0.047321,-0.123375,-0.129079,-0.026533,0.25296,0,0,0,0,1
0.129014,-0.046026,-0.123051,-0.127786,-0.027827,0.244223,0,0,0,0,1
0.129016,-0.044085,-0.121433,-0.127139,-0.029444,0.235161,0,0,0,0,1
0.129018,-0.041497,-0.11755,-0.126815,-0.031061,0.225129,0,0,0,0,1
0.12902,-0.039232,-0.113344,-0.126815,-0.032678,0.215744,0,0,0,0,1
0.129022,-0.03632,-0.108813,-0.127462,-0.034618,0.205065,0,0,0,0,1
0.129024,-0.032761,-0.104283,-0.127462,-0.036235,0.19471,0,0,0,0,1
0.129026,-0.030173,-0.1004,-0.128109,-0.038175,0.18403,0,0,0,0,1
0.129028,-0.028232,-0.097488,-0.128432,-0.039146,0.173998,0,0,0,0,1
0.12903,-0.026614,-0.095546,-0.128109,-0.039792,0.16429,0,0,0,0,1
0.129032,-0.024996,-0.093605,-0.129079,-0.040116,0.155876,0,0,0,0,1
0.129034,-0.023378,-0.090045,-0.129403,-0.040116,0.148109,0,0,0,0,1
0.1290359999999999,-0.021761,-0.085839,-0.129726,-0.040116,0.140342,0,0,0,0,1
0.1290379999999999,-0.018849,-0.082279,-0.13005,-0.040439,0.132252,0,0,0,0,1
0.12904,-0.01626,-0.077425,-0.129079,-0.041409,0.123514,0,0,0,0,1
0.129042,-0.012701,-0.073542,-0.128756,-0.041733,0.114777,0,0,0,0,1
0.129044,-0.00979,-0.070307,-0.127786,-0.042056,0.105716,0,0,0,0,1
0.129046,-0.006554,-0.068689,-0.127139,-0.04238,0.096655,0,0,0,0,0
0.129048,-0.004289,-0.066424,-0.125845,-0.043673,0.088888,0,0,0,0,0
0.12905,-0.002348,-0.064158,-0.124874,-0.043026,0.081445,0,0,0,0,0
0.129052,-0.001377,-0.060923,-0.124227,-0.04335,0.074972,0,0,0,0,0
0.129054,0.00024,-0.05801,-0.123904,-0.04335,0.068177,0,0,0,0,0
0.129056,0.001535,-0.055422,-0.123904,-0.043026,0.061381,0,0,0,0,0
0.129058,0.003476,-0.051862,-0.123581,-0.04335,0.053937,0,0,0,0,0
0.12906,0.005741,-0.047979,-0.12261,-0.043673,0.046818,0,0,0,0,0
0.129062,0.008329,-0.04539,-0.122287,-0.044643,0.040669,0,0,0,0,0
0.129064,0.010917,-0.044096,-0.12164,-0.044643,0.034844,0,0,0,0,0
0.129066,0.013182,-0.043773,-0.120669,-0.044967,0.029666,0,0,0,0,0
0.129068,0.014153,-0.042802,-0.119699,-0.045613,0.025136,0,0,0,0,0
0.12907,0.015447,-0.042802,-0.118729,-0.045937,0.021252,0,0,0,0,0
0.129072,0.016418,-0.041184,-0.117758,-0.045613,0.017369,0,0,0,0,0
0.129074,0.018359,-0.039242,-0.116464,-0.04529,0.014133,0,0,0,0,0
0.129076,0.019977,-0.03633,-0.115171,-0.045613,0.01025,0,0,0,0,0
0.129078,0.022565,-0.032771,-0.1142,-0.04529,0.005719,0,0,0,0,0
0.12908,0.0258,-0.029535,-0.112906,-0.044967,0.000541,0,0,0,0,0
0.129082,0.029359,-0.025652,-0.111936,-0.044643,-0.004313,0,0,0,0,0
0.129084,0.032918,-0.022092,-0.109995,-0.044967,-0.008844,0,0,0,0,0
0.129086,0.036477,-0.017886,-0.108701,-0.04432,-0.014021,0,0,0,0,0
0.129088,0.040036,-0.015944,-0.107084,-0.044643,-0.018876,0,0,0,0,0
0.12909,0.042948,-0.013032,-0.10482,-0.044643,-0.022435,0,0,0,0,0
0.1290919999999999,0.044889,-0.010767,-0.102232,-0.04432,-0.025995,0,0,0,0,0
0.129094,0.047154,-0.008178,-0.099321,-0.04432,-0.028908,0,0,0,0,0
0.129096,0.048448,-0.005913,-0.095763,-0.043673,-0.031173,0,0,0,0,0
0.129098,0.049743,-0.002677,-0.092528,-0.04335,-0.033438,0,0,0,0,0
0.1291,0.051037,0.001206,-0.089941,-0.043026,-0.036351,0,0,0,0,0
0.129102,0.052978,0.005089,-0.086706,-0.04238,-0.039263,0,0,0,0,0
0.129104,0.055566,0.009619,-0.083148,-0.042056,-0.042176,0,0,0,0,0
0.129106,0.057831,0.013826,-0.07959,-0.042056,-0.045412,0,0,0,0,0
0.129108,0.06042,0.018032,-0.077326,-0.041733,-0.048325,0,0,0,0,0
0.12911,0.062684,0.020945,-0.074415,-0.041086,-0.050266,0,0,0,0,0
0.129112,0.064302,0.023533,-0.071827,-0.041086,-0.051561,0,0,0,0,0
0.129114,0.065596,0.025798,-0.068916,-0.040439,-0.052532,0,0,0,0,0
0.129116,0.06592,0.028711,-0.066975,-0.040116,-0.052208,0,0,0,0,0
0.129118,0.066243,0.032594,-0.065034,-0.039792,-0.051884,0,0,0,0,0
0.12912,0.06689,0.0368,-0.063094,-0.038822,-0.053179,0,0,0,0,0
0.129122,0.067861,0.040036,-0.060829,-0.038175,-0.053502,0,0,0,0,0
0.129124,0.068508,0.042949,-0.058565,-0.037205,-0.05512,0,0,0,0,0
0.129126,0.069155,0.043919,-0.056948,-0.036559,-0.055768,0,0,0,0,0
0.129128,0.069479,0.044243,-0.055007,-0.034942,-0.056738,0,0,0,0,0
0.12913,0.069479,0.043919,-0.053713,-0.032678,-0.056738,0,0,0,0,0
0.129132,0.068508,0.044243,-0.052419,-0.030414,-0.056091,0,0,0,0,0
0.129134,0.068185,0.045214,-0.050802,-0.02815,-0.055768,0,0,0,0,0
0.129136,0.067861,0.047479,-0.049508,-0.02621,-0.055768,0,0,0,0,0
0.129138,0.068832,0.04942,-0.048214,-0.024593,-0.057062,0,0,0,0,0
0.12914,0.069802,0.051685,-0.046921,-0.023623,-0.059004,0,0,0,0,0
0.129142,0.07142,0.053627,-0.045627,-0.022976,-0.061269,0,0,0,0,0
0.129144,0.072714,0.054274,-0.04498,-0.022329,-0.063858,0,0,0,0,0
0.1291459999999999,0.073361,0.053627,-0.043362,-0.022329,-0.065152,0,0,0,0,0
0.1291479999999999,0.074332,0.053303,-0.041745,-0.022006,-0.066771,0,0,0,0,0
0.12915,0.074008,0.053627,-0.039804,-0.021683,-0.067094,0,0,0,0,0
0.129152,0.074008,0.05395,-0.03754,-0.022329,-0.067741,0,0,0,0,0
0.129154,0.074008,0.05298,-0.034953,-0.022976,-0.068065,0,0,0,0,0
0.129156,0.073685,0.053303,-0.032041,-0.023623,-0.068389,0,0,0,0,0
0.129158,0.073361,0.054274,-0.029777,-0.02427,-0.069359,0,0,0,0,0
0.12916,0.074008,0.055568,-0.026866,-0.024916,-0.07033,0,0,0,0,0
0.129162,0.074655,0.055892,-0.024925,-0.02621,-0.071301,0,0,0,0,0
0.129164,0.075626,0.056216,-0.022661,-0.028474,-0.072596,0,0,0,0,0
0.129166,0.07692,0.057186,-0.020397,-0.029444,-0.07389,0,0,0,0,0
0.129168,0.078214,0.05751,-0.017809,-0.030738,-0.075508,0,0,0,0,0
0.12917,0.079509,0.057186,-0.015221,-0.032031,-0.077126,0,0,0,0,0
0.129172,0.080479,0.056863,-0.012957,-0.032678,-0.078744,0,0,0,0,0
0.129174,0.081773,0.056863,-0.01037,-0.033971,-0.079715,0,0,0,0,0
0.129176,0.083068,0.05751,-0.008429,-0.034942,-0.08101,0,0,0,0,0
0.129178,0.083391,0.058157,-0.005841,-0.035265,-0.082304,0,0,0,0,0
0.12918,0.084685,0.058481,-0.004871,-0.036559,-0.082951,0,0,0,0,0
0.129182,0.085009,0.058481,-0.003253,-0.037205,-0.083598,0,0,0,0,0
0.129184,0.085332,0.058804,-0.002283,-0.037529,-0.083922,0,0,0,0,0
0.129186,0.085332,0.05751,-0.001636,-0.037529,-0.083922,0,0,0,0,0
0.129188,0.083715,0.056539,-0.001313,-0.037205,-0.082951,0,0,0,0,0
0.12919,0.082421,0.054921,-0.000342,-0.036235,-0.081657,0,0,0,0,0
0.129192,0.080156,0.054598,0.000952,-0.034942,-0.080039,0,0,0,0,0
0.129194,0.078538,0.053627,0.001275,-0.033001,-0.078421,0,0,0,0,0
0.129196,0.077567,0.054274,0.001598,-0.032354,-0.07745,0,0,0,0,0
0.129198,0.077567,0.055568,0.001598,-0.031061,-0.076803,0,0,0,0,0
0.1292,0.078538,0.056539,0.001598,-0.030738,-0.077126,0,0,0,0,0
0.1292019999999999,0.079509,0.05751,0.001598,-0.030738,-0.078097,0,0,0,0,0
0.1292039999999999,0.081126,0.056216,0.001275,-0.030738,-0.079391,0,0,0,0,0
0.129206,0.081773,0.053627,0.001598,-0.030738,-0.079068,0,0,0,0,0
0.129208,0.082097,0.050391,0.001922,-0.030738,-0.078421,0,0,0,0,0
0.12921,0.08145,0.04489,0.001598,-0.029767,-0.076155,0,0,0,0,0
0.129212,0.079832,0.040683,0.001598,-0.028797,-0.072272,0,0,0,0,0
0.129214,0.077891,0.036477,0.001275,-0.027504,-0.068712,0,0,0,0,0
0.129216,0.075626,0.034212,0.000628,-0.026533,-0.063858,0,0,0,0,0
0.129218,0.074979,0.033888,0.000952,-0.02621,-0.060945,0,0,0,0,0
0.12922,0.074008,0.034535,0.001275,-0.02524,-0.057709,0,0,0,0,0
0.129222,0.074008,0.03583,0.002245,-0.025563,-0.056415,0,0,0,0,0
0.129224,0.074655,0.0368,0.003216,-0.025887,-0.055768,0,0,0,0,0
0.129226,0.075626,0.038095,0.00451,-0.026533,-0.055444,0,0,0,0,0
0.129228,0.07595,0.038095,0.006127,-0.02718,-0.054797,0,0,0,0,0
0.12923,0.07595,0.038095,0.007097,-0.02718,-0.053826,0,0,0,0,0
0.129232,0.07595,0.038095,0.008715,-0.027827,-0.051884,0,0,0,0,0
0.129234,0.07595,0.038418,0.009685,-0.028474,-0.050266,0,0,0,0,0
0.129236,0.075626,0.039713,0.010655,-0.029444,-0.048972,0,0,0,0,0
0.129238,0.074979,0.04036,0.011626,-0.030414,-0.047677,0,0,0,0,0
0.12924,0.075303,0.041007,0.013566,-0.031708,-0.04703,0,0,0,0,0
0.129242,0.075626,0.041007,0.014213,-0.033325,-0.04703,0,0,0,0,0
0.129244,0.074655,0.040036,0.015184,-0.035588,-0.046383,0,0,0,0,0
0.129246,0.074008,0.038095,0.015831,-0.037205,-0.045412,0,0,0,0,0
0.129248,0.073038,0.0368,0.016154,-0.038822,-0.044441,0,0,0,0,0
0.12925,0.072391,0.036153,0.016478,-0.040763,-0.043147,0,0,0,0,0
0.129252,0.07142,0.035506,0.016801,-0.04238,-0.042176,0,0,0,0,0
0.129254,0.070773,0.034859,0.016478,-0.043673,-0.040881,0,0,0,0,0
0.129256,0.070126,0.035182,0.016801,-0.044967,-0.041205,0,0,0,0,0
0.1292579999999999,0.070449,0.03583,0.017125,-0.045937,-0.041529,0,0,0,0,0
0.1292599999999999,0.070126,0.034859,0.017125,-0.046584,-0.041852,0,0,0,0,0
0.129262,0.070773,0.033241,0.017448,-0.04723,-0.042176,0,0,0,0,0
0.129264,0.070126,0.031299,0.018418,-0.04723,-0.042823,0,0,0,0,0
0.129266,0.070126,0.028711,0.019065,-0.04626,-0.042176,0,0,0,0,0
0.129268,0.069155,0.026769,0.019389,-0.044967,-0.041205,0,0,0,0,0
0.12927,0.068508,0.024828,0.019389,-0.04335,-0.040558,0,0,0,0,0
0.129272,0.067537,0.024181,0.019712,-0.042056,-0.038616,0,0,0,0,0
0.129274,0.06689,0.024181,0.019712,-0.039792,-0.037645,0,0,0,0,0
0.129276,0.066243,0.024828,0.020036,-0.037529,-0.036674,0,0,0,0,0
0.129278,0.065273,0.026122,0.020683,-0.035265,-0.036351,0,0,0,0,0
0.12928,0.064949,0.02774,0.021006,-0.032678,-0.036027,0,0,0,0,0
0.129282,0.064949,0.029034,0.021976,-0.030414,-0.036351,0,0,0,0,0
0.129284,0.064626,0.030005,0.022623,-0.027827,-0.036351,0,0,0,0,0
0.129286,0.063655,0.031947,0.02327,-0.02524,-0.036674,0,0,0,0,0
0.129288,0.062684,0.032594,0.023917,-0.022653,-0.036351,0,0,0,0,0
0.12929,0.060743,0.034212,0.024564,-0.020389,-0.035704,0,0,0,0,0
0.129292,0.059125,0.03583,0.024564,-0.018449,-0.034733,0,0,0,0,0
0.129294,0.05589,0.037124,0.024241,-0.015862,-0.033438,0,0,0,0,0
0.129296,0.052978,0.039713,0.024241,-0.013921,-0.032467,0,0,0,0,0
0.129298,0.050066,0.043272,0.023594,-0.011981,-0.031497,0,0,0,0,0
0.1293,0.047801,0.047479,0.023594,-0.010687,-0.031173,0,0,0,0,0
0.129302,0.045536,0.051038,0.022947,-0.009717,-0.030849,0,0,0,0,0
0.129304,0.043272,0.054274,0.022623,-0.00907,-0.030202,0,0,0,0,0
0.129306,0.042301,0.055568,0.022623,-0.008424,-0.030202,0,0,0,0,0
0.129308,0.040683,0.055245,0.022947,-0.007453,-0.029879,0,0,0,0,0
0.12931,0.038095,0.05395,0.022623,-0.006483,-0.028908,0,0,0,0,0
0.129312,0.035507,0.051362,0.022623,-0.004543,-0.027613,0,0,0,0,0
0.1293139999999999,0.032918,0.050067,0.0223,-0.002279,-0.025348,0,0,0,0,0
0.129316,0.03033,0.050715,0.022623,-1.5452e-05,-0.024053,0,0,0,0,0
0.129318,0.028389,0.052333,0.022623,0.001601,-0.02373,0,0,0,0,0
0.12932,0.027742,0.054274,0.022623,0.002248,-0.024053,0,0,0,0,0
0.129322,0.027418,0.054274,0.022623,0.003218,-0.025024,0,0,0,0,0
0.129324,0.027094,0.05395,0.022623,0.003542,-0.025995,0,0,0,0,0
0.129326,0.026447,0.052009,0.022947,0.004512,-0.026319,0,0,0,0,0
0.129328,0.026124,0.04942,0.023594,0.005482,-0.026319,0,0,0,0,0
0.12933,0.024506,0.046508,0.023594,0.006452,-0.025024,0,0,0,0,0
0.129332,0.022888,0.045537,0.024241,0.007746,-0.023083,0,0,0,0,0
0.129334,0.020947,0.04489,0.024564,0.009686,-0.021465,0,0,0,0,0
0.129336,0.019653,0.045861,0.024564,0.011303,-0.020494,0,0,0,0,0
0.129338,0.018682,0.047479,0.024564,0.01292,-0.019523,0,0,0,0,0
0.12934,0.018682,0.049744,0.024564,0.01389,-0.02017,0,0,0,0,0
0.129342,0.019329,0.052009,0.024888,0.01486,-0.021141,0,0,0,0,0
0.129344,0.019977,0.052333,0.024888,0.016154,-0.021465,0,0,0,0,0
0.129346,0.0203,0.052009,0.025858,0.016801,-0.022112,0,0,0,0,0
0.129348,0.0203,0.052009,0.025534,0.018094,-0.021788,0,0,0,0,0
0.12935,0.019653,0.050067,0.026181,0.019065,-0.021141,0,0,0,0,0
0.129352,0.019006,0.048773,0.026505,0.020358,-0.02017,0,0,0,0,0
0.129354,0.018035,0.047155,0.026828,0.021005,-0.018552,0,0,0,0,0
0.129356,0.017388,0.047479,0.027152,0.022622,-0.017258,0,0,0,0,0
0.129358,0.016741,0.048449,0.027475,0.022622,-0.015963,0,0,0,0,0
0.12936,0.016741,0.050391,0.027152,0.023592,-0.014992,0,0,0,0,0
0.129362,0.016741,0.051362,0.026828,0.023592,-0.014992,0,0,0,0,0
0.129364,0.017388,0.051685,0.026181,0.023915,-0.014669,0,0,0,0,0
0.129366,0.017712,0.051362,0.026181,0.024239,-0.014345,0,0,0,0,0
0.1293679999999999,0.018682,0.051038,0.025858,0.024239,-0.013374,0,0,0,0,0
0.1293699999999999,0.019329,0.050067,0.025534,0.023915,-0.012403,0,0,0,0,0
0.129372,0.019653,0.049744,0.025534,0.023915,-0.011109,0,0,0,0,0
0.129374,0.019977,0.04942,0.025211,0.023915,-0.010138,0,0,0,0,0
0.129376,0.0203,0.049744,0.024888,0.023592,-0.009167,0,0,0,0,0
0.129378,0.020947,0.049097,0.024241,0.023269,-0.009167,0,0,0,0,0
0.12938,0.021918,0.050067,0.02327,0.022945,-0.009491,0,0,0,0,0
0.129382,0.023212,0.049744,0.022623,0.021975,-0.010138,0,0,0,0,0
0.129384,0.024183,0.050067,0.022623,0.021005,-0.011756,0,0,0,0,0
0.129386,0.02483,0.050067,0.02327,0.020035,-0.013698,0,0,0,0,0
0.129388,0.0258,0.04942,0.024241,0.019388,-0.015316,0,0,0,0,0
0.12939,0.025477,0.04942,0.025211,0.019388,-0.01661,0,0,0,0,0
0.129392,0.025477,0.04942,0.025858,0.018094,-0.016934,0,0,0,0,0
0.129394,0.02483,0.048773,0.026828,0.017771,-0.016934,0,0,0,0,0
0.129396,0.025153,0.047479,0.027475,0.017124,-0.017581,0,0,0,0,0
0.129398,0.02483,0.046184,0.027799,0.016154,-0.016934,0,0,0,0,0
0.1294,0.02483,0.045861,0.028769,0.015184,-0.017258,0,0,0,0,0
0.129402,0.025153,0.044566,0.029739,0.014537,-0.017581,0,0,0,0,0
0.129404,0.0258,0.043272,0.030386,0.013244,-0.017905,0,0,0,0,0
0.129406,0.025477,0.041654,0.031357,0.01195,-0.018228,0,0,0,0,0
0.129408,0.025153,0.041007,0.03168,0.011303,-0.018552,0,0,0,0,0
0.12941,0.024506,0.039389,0.032004,0.010656,-0.018228,0,0,0,0,0
0.129412,0.023859,0.037771,0.032327,0.010333,-0.017258,0,0,0,0,0
0.129414,0.022888,0.0368,0.032327,0.010333,-0.01661,0,0,0,0,0
0.129416,0.022241,0.036477,0.032327,0.01001,-0.015963,0,0,0,0,0
0.129418,0.022565,0.036477,0.032974,0.01001,-0.01564,0,0,0,0,0
0.12942,0.022241,0.036477,0.033621,0.009686,-0.015316,0,0,0,0,0
0.129422,0.022565,0.03583,0.034268,0.009363,-0.015963,0,0,0,0,0
0.1294239999999999,0.023212,0.034859,0.034915,0.008716,-0.015963,0,0,0,0,0
0.1294259999999999,0.022888,0.033565,0.035238,0.008716,-0.015963,0,0,0,0,0
0.129428,0.022241,0.031299,0.035562,0.009039,-0.015316,0,0,0,0,0
0.12943,0.020947,0.029034,0.035562,0.009039,-0.014345,0,0,0,0,0
0.129432,0.019329,0.026769,0.035562,0.009686,-0.012727,0,0,0,0,0
0.129434,0.018359,0.025475,0.034915,0.009363,-0.011433,0,0,0,0,0
0.129436,0.017065,0.025475,0.034268,0.009039,-0.010462,0,0,0,0,0
0.129438,0.016741,0.024828,0.033298,0.008393,-0.010138,0,0,0,0,0
0.12944,0.016094,0.024504,0.032327,0.007423,-0.010462,0,0,0,0,0
0.129442,0.01577,0.023533,0.032004,0.005806,-0.011109,0,0,0,0,0
0.129444,0.015447,0.020945,0.03168,0.004512,-0.011433,0,0,0,0,0
0.129446,0.014153,0.017062,0.03168,0.003218,-0.01208,0,0,0,0,0
0.129448,0.012535,0.013826,0.031357,0.002248,-0.01208,0,0,0,0,0
0.12945,0.010594,0.009619,0.031357,0.001601,-0.010462,0,0,0,0,0
0.129452,0.008652,0.006383,0.03168,0.000955,-0.009167,0,0,0,0,0
0.129454,0.006388,0.003795,0.03168,0.000308,-0.007873,0,0,0,0,0
0.129456,0.004446,0.002177,0.031033,-0.000662,-0.006902,0,0,0,0,0
0.129458,0.003476,0.002824,0.031033,-0.002279,-0.006902,0,0,0,0,0
0.12946,0.003152,0.002824,0.031033,-0.003573,-0.007226,0,0,0,0,0
0.129462,0.003152,0.001206,0.031033,-0.00616,-0.007873,0,0,0,0,0
0.129464,0.003799,-0.001059,0.031033,-0.007777,-0.00852,0,0,0,0,0
0.129466,0.003799,-0.003001,0.03071,-0.009394,-0.008844,0,0,0,0,0
0.129468,0.003476,-0.007207,0.031357,-0.010364,-0.008196,0,0,0,0,0
0.12947,0.002829,-0.010767,0.032004,-0.011011,-0.007549,0,0,0,0,0
0.129472,0.001858,-0.013355,0.032004,-0.011011,-0.005607,0,0,0,0,0
0.129474,0.001858,-0.015297,0.032974,-0.010041,-0.004637,0,0,0,0,0
0.129476,0.001211,-0.01465,0.033944,-0.0081,-0.003342,0,0,0,0,0
0.129478,0.001535,-0.013355,0.034591,-0.006483,-0.002371,0,0,0,0,0
0.1294799999999999,0.002182,-0.01109,0.034915,-0.004866,-0.001401,0,0,0,0,0
0.1294819999999999,0.003152,-0.008502,0.035238,-0.002603,-0.00043,0,0,0,0,0
0.129484,0.004446,-0.005913,0.035238,-0.001309,-0.00043,0,0,0,0,0
0.129486,0.005741,-0.003001,0.034915,0.000308,-0.00043,0,0,0,0,0
0.129488,0.006388,-0.001059,0.034268,0.001278,-0.000106,0,0,0,0,0
0.12949,0.007035,0.001206,0.032651,0.002248,0.000218,0,0,0,0,0
0.129492,0.007358,0.004442,0.03168,0.003865,0.000865,0,0,0,0,0
0.129494,0.007035,0.00703,0.030386,0.004512,0.002159,0,0,0,0,0
0.129496,0.006711,0.009296,0.028446,0.006129,0.003777,0,0,0,0,0
0.129498,0.007035,0.011561,0.026181,0.006776,0.004748,0,0,0,0,0
0.1295,0.008005,0.01512,0.024241,0.007423,0.006366,0,0,0,0,0
0.129502,0.009623,0.016738,0.021653,0.007746,0.007013,0,0,0,0,0
0.129504,0.012211,0.019327,0.019389,0.008069,0.007337,0,0,0,0,0
0.129506,0.013182,0.019974,0.017448,0.008069,0.007337,0,0,0,0,0
0.129508,0.015447,0.020297,0.015507,0.009363,0.007984,0,0,0,0,0
0.12951,0.016741,0.020621,0.01389,0.010656,0.009279,0,0,0,0,0
0.129512,0.017065,0.020945,0.011949,0.012273,0.010897,0,0,0,0,0
0.129514,0.017065,0.021915,0.010655,0.01389,0.013162,0,0,0,0,0
0.129516,0.017712,0.022886,0.008715,0.015507,0.015104,0,0,0,0,0
0.129518,0.018359,0.025475,0.006774,0.016154,0.017369,0,0,0,0,0
0.12952,0.019329,0.02774,0.005157,0.016154,0.018664,0,0,0,0,0
0.129522,0.020624,0.028711,0.003216,0.015831,0.018987,0,0,0,0,0
0.129524,0.021918,0.02774,0.002245,0.015507,0.019634,0,0,0,0,0
0.129526,0.022565,0.027093,0.001275,0.01486,0.020282,0,0,0,0,0
0.129528,0.022565,0.02321,-1.8859e-05,0.014537,0.021252,0,0,0,0,0
0.12953,0.021918,0.01965,-0.000342,0.014537,0.022547,0,0,0,0,0
0.129532,0.020624,0.016091,-0.000989,0.01486,0.025136,0,0,0,0,0
0.129534,0.019329,0.014149,-0.002283,0.01486,0.028048,0,0,0,0,0
0.1295359999999999,0.018035,0.013502,-0.003577,0.01486,0.030314,0,0,0,0,0
0.129538,0.017065,0.014149,-0.004871,0.014537,0.031932,0,0,0,0,0
0.12954,0.017388,0.013502,-0.005841,0.014214,0.032579,0,0,0,0,0
0.129542,0.018035,0.012855,-0.007458,0.01389,0.031932,0,0,0,0,0
0.129544,0.018682,0.011884,-0.007782,0.013244,0.031285,0,0,0,0,0
0.129546,0.019329,0.008648,-0.008752,0.01292,0.029343,0,0,0,0,0
0.129548,0.019329,0.005089,-0.009399,0.01292,0.029666,0,0,0,0,0
0.12955,0.018035,0.0025,-0.01037,0.013567,0.030314,0,0,0,0,0
0.129552,0.017065,-0.000412,-0.011016,0.013567,0.030637,0,0,0,0,0
0.129554,0.01577,-0.001706,-0.011987,0.01389,0.031285,0,0,0,0,0
0.129556,0.014476,-0.002677,-0.012634,0.013567,0.031608,0,0,0,0,0
0.129558,0.013506,-0.003648,-0.012957,0.012597,0.030961,0,0,0,0,0
0.12956,0.013829,-0.003971,-0.013928,0.011303,0.02999,0,0,0,0,0
0.129562,0.013506,-0.005266,-0.014251,0.01001,0.028372,0,0,0,0,0
0.129564,0.013182,-0.008178,-0.014251,0.009039,0.027078,0,0,0,0,0
0.129566,0.013182,-0.010443,-0.013928,0.008069,0.026107,0,0,0,0,0
0.129568,0.012535,-0.012708,-0.013928,0.006776,0.025459,0,0,0,0,0
0.12957,0.011564,-0.01465,-0.013928,0.006129,0.025459,0,0,0,0,0
0.129572,0.010917,-0.015621,-0.013928,0.004835,0.025783,0,0,0,0,0
0.129574,0.01027,-0.015621,-0.014251,0.004189,0.025783,0,0,0,0,0
0.129576,0.01027,-0.014326,-0.014575,0.003542,0.025136,0,0,0,0,0
0.129578,0.01027,-0.012385,-0.015221,0.002895,0.024165,0,0,0,0,0
0.12958,0.011241,-0.009472,-0.015221,0.001925,0.023518,0,0,0,0,0
0.129582,0.012211,-0.007531,-0.015221,0.001278,0.021576,0,0,0,0,0
0.129584,0.014153,-0.005589,-0.015868,0.000631,0.020282,0,0,0,0,0
0.129586,0.015447,-0.004295,-0.016192,-1.5452e-05,0.018664,0,0,0,0,0
0.129588,0.017388,-0.004295,-0.016839,-0.000986,0.017369,0,0,0,0,0
0.1295899999999999,0.018682,-0.003971,-0.016839,-0.000986,0.017693,0,0,0,0,0
0.1295919999999999,0.019653,-0.004619,-0.016515,-0.001309,0.017369,0,0,0,0,0
0.129594,0.019977,-0.004295,-0.016839,-0.000662,0.017693,0,0,0,0,0
0.129596,0.020624,-0.002677,-0.017162,-0.000339,0.01834,0,0,0,0,0
0.129598,0.020624,-8.8422e-05,-0.017162,0.000308,0.018016,0,0,0,0,0
0.1296,0.021271,0.003795,-0.018133,0.000955,0.016722,0,0,0,0,0
0.129602,0.021918,0.006383,-0.019103,0.000955,0.015427,0,0,0,0,0
0.129604,0.023212,0.009296,-0.020397,0.001278,0.012839,0,0,0,0,0
0.129606,0.024183,0.009296,-0.021044,0.001278,0.01025,0,0,0,0,0
0.129608,0.025153,0.009296,-0.022338,0.000955,0.007661,0,0,0,0,0
0.12961,0.0258,0.007354,-0.022985,0.000955,0.005719,0,0,0,0,0
0.129612,0.025477,0.005736,-0.022985,0.001278,0.004101,0,0,0,0,0
0.129614,0.024506,0.0025,-0.023308,0.001278,0.003454,0,0,0,0,0
0.129616,0.024506,-0.000412,-0.023308,0.001278,0.002806,0,0,0,0,0
0.129618,0.024183,-0.001706,-0.023308,0.001925,0.001836,0,0,0,0,0
0.12962,0.023535,-0.003001,-0.023955,0.002248,0.000865,0,0,0,0,0
0.129622,0.024183,-0.003971,-0.024278,0.002572,-0.000753,0,0,0,0,0
0.129624,0.025153,-0.005266,-0.024925,0.002248,-0.002695,0,0,0,0,0
0.129626,0.026447,-0.006237,-0.025896,0.002248,-0.00496,0,0,0,0,0
0.129628,0.027742,-0.007531,-0.027189,0.002248,-0.006578,0,0,0,0,0
0.12963,0.028389,-0.009796,-0.02816,0.002248,-0.008196,0,0,0,0,0
0.129632,0.028065,-0.013032,-0.029454,0.002572,-0.00852,0,0,0,0,0
0.129634,0.027094,-0.014003,-0.029777,0.002248,-0.008196,0,0,0,0,0
0.129636,0.0258,-0.014003,-0.030424,0.002572,-0.007873,0,0,0,0,0
0.129638,0.024183,-0.012385,-0.029777,0.003218,-0.008196,0,0,0,0,0
0.12964,0.023212,-0.008502,-0.029777,0.002895,-0.009167,0,0,0,0,0
0.129642,0.023535,-0.005589,-0.029454,0.002248,-0.010462,0,0,0,0,0
0.129644,0.023212,-0.003001,-0.02913,0.000955,-0.012727,0,0,0,0,0
0.1296459999999999,0.023535,-0.00203,-0.02816,-1.5452e-05,-0.014992,0,0,0,0,0
0.1296479999999999,0.023535,-0.003324,-0.027513,-0.001309,-0.015963,0,0,0,0,0
0.12965,0.022241,-0.004942,-0.026866,-0.001956,-0.015963,0,0,0,0,0
0.129652,0.020947,-0.007531,-0.025896,-0.002603,-0.014992,0,0,0,0,0
0.129654,0.019653,-0.009149,-0.024925,-0.002603,-0.013374,0,0,0,0,0
0.129656,0.017712,-0.009149,-0.023955,-0.002926,-0.01208,0,0,0,0,0
0.129658,0.017065,-0.009796,-0.022661,-0.003573,-0.010785,0,0,0,0,0
0.12966,0.016418,-0.009796,-0.022014,-0.00422,-0.009814,0,0,0,0,0
0.129662,0.016418,-0.009472,-0.02072,-0.004866,-0.010138,0,0,0,0,0
0.129664,0.016741,-0.010767,-0.019426,-0.006483,-0.010462,0,0,0,0,0
0.129666,0.016741,-0.01109,-0.018133,-0.007453,-0.010462,0,0,0,0,0
0.129668,0.016094,-0.012061,-0.016839,-0.008747,-0.009491,0,0,0,0,0
0.12967,0.01577,-0.013032,-0.015545,-0.00907,-0.008196,0,0,0,0,0
0.129672,0.014476,-0.013355,-0.014575,-0.009717,-0.006902,0,0,0,0,0
0.129674,0.012859,-0.012708,-0.012634,-0.009394,-0.005284,0,0,0,0,0
0.129676,0.011888,-0.012061,-0.01231,-0.009394,-0.003989,0,0,0,0,0
0.129678,0.010594,-0.01012,-0.01134,-0.009717,-0.002695,0,0,0,0,0
0.12968,0.010917,-0.008825,-0.010693,-0.009394,-0.002371,0,0,0,0,0
0.129682,0.010594,-0.008502,-0.01037,-0.010041,-0.002371,0,0,0,0,0
0.129684,0.011241,-0.008502,-0.011016,-0.010041,-0.001724,0,0,0,0,0
0.129686,0.011241,-0.008178,-0.011016,-0.010364,-0.001077,0,0,0,0,0
0.129688,0.011564,-0.007854,-0.011016,-0.009717,-0.000753,0,0,0,0,0
0.12969,0.011241,-0.007531,-0.011016,-0.00907,-0.000106,0,0,0,0,0
0.129692,0.010917,-0.007531,-0.010046,-0.008424,0.000541,0,0,0,0,0
0.129694,0.010594,-0.007207,-0.009399,-0.007777,0.000865,0,0,0,0,0
0.129696,0.010917,-0.005266,-0.009076,-0.006807,0.001188,0,0,0,0,0
0.129698,0.011888,-0.003001,-0.008429,-0.006807,0.000865,0,0,0,0,0
0.1297,0.012859,-0.001706,-0.008429,-0.006807,0.000541,0,0,0,0,0
0.1297019999999999,0.014153,-8.8422e-05,-0.008105,-0.006807,0.000541,0,0,0,0,0
0.1297039999999999,0.01577,0.000882,-0.009076,-0.007453,0.000541,0,0,0,0,0
0.129706,0.017388,0.00153,-0.009076,-0.00713,-0.00043,0,0,0,0,0
0.129708,0.019006,0.001853,-0.009076,-0.006807,-0.000106,0,0,0,0,0
0.12971,0.019977,0.001206,-0.009723,-0.005836,0.000218,0,0,0,0,0
0.129712,0.020947,0.001853,-0.010046,-0.004543,0.000541,0,0,0,0,0
0.129714,0.021918,0.004118,-0.011016,-0.003573,0.001188,0,0,0,0,0
0.129716,0.023212,0.005413,-0.01134,-0.001956,0.001188,0,0,0,0,0
0.129718,0.02483,0.008001,-0.011987,-0.001309,0.001512,0,0,0,0,0
0.12972,0.026447,0.010914,-0.012957,-0.000339,0.000218,0,0,0,0,0
0.129722,0.028712,0.014149,-0.013928,-0.000339,-0.00043,0,0,0,0,0
0.129724,0.030006,0.017385,-0.014251,-0.000986,-0.001077,0,0,0,0,0
0.129726,0.031948,0.020621,-0.014898,-0.001309,-0.002048,0,0,0,0,0
0.129728,0.032918,0.021915,-0.014575,-0.001309,-0.002695,0,0,0,0,0
0.12973,0.032595,0.023533,-0.014575,-0.002279,-0.001401,0,0,0,0,0
0.129732,0.031948,0.024181,-0.014251,-0.002279,0.000218,0,0,0,0,0
0.129734,0.031301,0.025475,-0.014251,-0.002279,0.002483,0,0,0,0,0
0.129736,0.030977,0.02774,-0.013604,-0.002603,0.004101,0,0,0,0,0
0.129738,0.030977,0.031623,-0.013928,-0.002926,0.005395,0,0,0,0,0
0.12974,0.030977,0.036477,-0.013928,-0.003573,0.005719,0,0,0,0,0
0.129742,0.032271,0.041654,-0.013604,-0.003896,0.005395,0,0,0,0,0
0.129744,0.032918,0.046184,-0.013604,-0.00519,0.005072,0,0,0,0,0
0.129746,0.034212,0.051362,-0.013281,-0.00616,0.004101,0,0,0,0,0
0.129748,0.034536,0.054921,-0.012957,-0.00713,0.003777,0,0,0,0,0
0.12975,0.03486,0.056539,-0.012634,-0.007453,0.003777,0,0,0,0,0
0.129752,0.034536,0.058481,-0.012634,-0.00907,0.003454,0,0,0,0,0
0.129754,0.033889,0.060099,-0.012634,-0.010041,0.004425,0,0,0,0,0
0.129756,0.033242,0.064305,-0.011987,-0.011011,0.004748,0,0,0,0,0
0.1297579999999999,0.032595,0.068835,-0.011663,-0.011334,0.004748,0,0,0,0,0
0.12976,0.031948,0.073366,-0.011016,-0.012628,0.004101,0,0,0,0,0
0.129762,0.031624,0.077896,-0.01037,-0.013274,0.00313,0,0,0,0,0
0.129764,0.031624,0.082426,-0.009723,-0.013598,0.001512,0,0,0,0,0
0.129766,0.031301,0.085015,-0.009076,-0.014245,-0.000106,0,0,0,0,0
0.129768,0.030653,0.085662,-0.008429,-0.013598,-0.001401,0,0,0,0,0
0.12977,0.029683,0.084691,-0.007458,-0.013274,-0.002048,0,0,0,0,0
0.129772,0.028389,0.084044,-0.006488,-0.012304,-0.002048,0,0,0,0,0
0.129774,0.027418,0.082102,-0.004871,-0.011657,-0.001401,0,0,0,0,0
0.129776,0.026124,0.080484,-0.0039,-0.011334,-0.00043,0,0,0,0,0
0.129778,0.026124,0.079837,-0.002283,-0.011334,0.000541,0,0,0,0,0
0.12978,0.026771,0.078219,-0.000989,-0.011657,0.001188,0,0,0,0,0
0.129782,0.027742,0.076601,0.000628,-0.011981,0.001836,0,0,0,0,0
0.129784,0.029359,0.072718,0.001922,-0.013274,0.002159,0,0,0,0,0
0.129786,0.03033,0.068835,0.003216,-0.012951,0.003777,0,0,0,0,0
0.129788,0.030977,0.064629,0.004186,-0.012951,0.005395,0,0,0,0,0
0.12979,0.030977,0.059775,0.00548,-0.011981,0.007337,0,0,0,0,0
0.129792,0.03033,0.055245,0.00645,-0.011657,0.009926,0,0,0,0,0
0.129794,0.029359,0.051362,0.007097,-0.011011,0.012515,0,0,0,0,0
0.129796,0.028389,0.048449,0.007421,-0.010041,0.01478,0,0,0,0,0
0.129798,0.027742,0.046508,0.007744,-0.00907,0.016398,0,0,0,0,0
0.1298,0.027742,0.045214,0.007421,-0.008747,0.016722,0,0,0,0,0
0.129802,0.028065,0.042949,0.007097,-0.0081,0.016722,0,0,0,0,0
0.129804,0.028065,0.041331,0.00645,-0.008424,0.017045,0,0,0,0,0
0.129806,0.028712,0.039389,0.00645,-0.00907,0.016398,0,0,0,0,0
0.129808,0.029683,0.037448,0.00645,-0.010041,0.016722,0,0,0,0,0
0.12981,0.029683,0.035506,0.005803,-0.011011,0.016722,0,0,0,0,0
0.1298119999999999,0.029683,0.032594,0.005803,-0.011657,0.016398,0,0,0,0,0
0.1298139999999999,0.028712,0.030652,0.006127,-0.012304,0.016722,0,0,0,0,0
0.129816,0.027418,0.030005,0.006127,-0.012628,0.017045,0,0,0,0,0
0.129818,0.0258,0.028387,0.005803,-0.012951,0.016722,0,0,0,0,0
0.12982,0.024183,0.027093,0.004833,-0.013598,0.016722,0,0,0,0,0
0.129822,0.022888,0.026769,0.003539,-0.014245,0.016722,0,0,0,0,0
0.129824,0.021918,0.025798,0.001922,-0.015538,0.015751,0,0,0,0,0
0.129826,0.020947,0.025475,0.000628,-0.016508,0.015104,0,0,0,0,0
0.129828,0.0203,0.024181,-0.000342,-0.017802,0.014133,0,0,0,0,0
0.12983,0.019653,0.022886,-0.000989,-0.019095,0.013486,0,0,0,0,0
0.129832,0.018035,0.022563,-0.002283,-0.021036,0.012839,0,0,0,0,0
0.129834,0.016741,0.022886,-0.00293,-0.022653,0.011544,0,0,0,0,0
0.129836,0.015123,0.023533,-0.002607,-0.02427,0.009926,0,0,0,0,0
0.129838,0.013506,0.025151,-0.003253,-0.026533,0.007661,0,0,0,0,0
0.12984,0.012211,0.026446,-0.003577,-0.02815,0.004748,0,0,0,0,0
0.129842,0.010594,0.027093,-0.003577,-0.031061,0.001188,0,0,0,0,0
0.129844,0.009623,0.027416,-0.002607,-0.033325,-0.002048,0,0,0,0,0
0.129846,0.008005,0.027416,-0.001636,-0.035265,-0.005284,0,0,0,0,0
0.129848,0.005417,0.026122,-0.000666,-0.036235,-0.00852,0,0,0,0,0
0.12985,0.003152,0.025475,0.000628,-0.036882,-0.010785,0,0,0,0,0
0.129852,-8.3218e-05,0.024504,0.001922,-0.036559,-0.01208,0,0,0,0,0
0.129854,-0.002348,0.023533,0.002892,-0.035912,-0.013374,0,0,0,0,0
0.129856,-0.00526,0.024504,0.004186,-0.035265,-0.014345,0,0,0,0,0
0.129858,-0.006878,0.026446,0.005157,-0.035588,-0.01564,0,0,0,0,0
0.12986,-0.008172,0.028064,0.006127,-0.035912,-0.017258,0,0,0,0,0
0.129862,-0.008819,0.030652,0.007097,-0.036559,-0.020494,0,0,0,0,0
0.129864,-0.008819,0.031623,0.007744,-0.037852,-0.023406,0,0,0,0,0
0.129866,-0.008495,0.030652,0.008715,-0.039146,-0.026642,0,0,0,0,0
0.1298679999999999,-0.008819,0.029034,0.009685,-0.039792,-0.029231,0,0,0,0,0
0.1298699999999999,-0.00979,0.026122,0.010979,-0.039792,-0.030526,0,0,0,0,0
0.129872,-0.011731,0.02321,0.011302,-0.039146,-0.031497,0,0,0,0,0
0.129874,-0.014643,0.019974,0.011302,-0.037852,-0.031173,0,0,0,0,0
0.129876,-0.016908,0.01868,0.011302,-0.036882,-0.030526,0,0,0,0,0
0.129878,-0.018849,0.018356,0.010332,-0.035265,-0.030202,0,0,0,0,0
0.12988,-0.019496,0.018356,0.010008,-0.034295,-0.030849,0,0,0,0,0
0.129882,-0.020143,0.017709,0.009038,-0.034295,-0.031173,0,0,0,0,0
0.129884,-0.020466,0.016738,0.008068,-0.033325,-0.032467,0,0,0,0,0
0.129886,-0.020143,0.014797,0.007421,-0.033325,-0.033438,0,0,0,0,0
0.129888,-0.020143,0.01059,0.00645,-0.032678,-0.032791,0,0,0,0,0
0.12989,-0.020466,0.007354,0.005803,-0.031708,-0.031497,0,0,0,0,0
0.129892,-0.021114,0.004118,0.004833,-0.030738,-0.029879,0,0,0,0,0
0.129894,-0.021437,0.0025,0.003539,-0.029767,-0.02729,0,0,0,0,0
0.129896,-0.023055,0.000882,0.001922,-0.029767,-0.024701,0,0,0,0,0
0.129898,-0.023702,-0.000412,-1.8859e-05,-0.028474,-0.022112,0,0,0,0,0
0.1299,-0.023702,-0.000736,-0.001313,-0.028474,-0.020494,0,0,0,0,0
0.129902,-0.024025,-8.8422e-05,-0.002283,-0.02815,-0.019847,0,0,0,0,0
0.129904,-0.023055,-0.000412,-0.00293,-0.028797,-0.02017,0,0,0,0,0
0.129906,-0.023055,-0.001059,-0.00293,-0.028797,-0.020494,0,0,0,0,0
0.129908,-0.022408,-0.00203,-0.003253,-0.029444,-0.020494,0,0,0,0,0
0.12991,-0.022084,-0.003971,-0.003253,-0.030091,-0.02017,0,0,0,0,0
0.129912,-0.021437,-0.006237,-0.003577,-0.031061,-0.018876,0,0,0,0,0
0.129914,-0.021437,-0.007531,-0.003577,-0.031384,-0.018228,0,0,0,0,0
0.129916,-0.02079,-0.008825,-0.003577,-0.032354,-0.017258,0,0,0,0,0
0.129918,-0.020143,-0.008825,-0.003253,-0.032678,-0.016934,0,0,0,0,0
0.12992,-0.017878,-0.007531,-0.00293,-0.032678,-0.015963,0,0,0,0,0
0.129922,-0.01626,-0.006884,-0.002607,-0.033325,-0.015963,0,0,0,0,0
0.1299239999999999,-0.014319,-0.00656,-0.00196,-0.033325,-0.01564,0,0,0,0,0
0.1299259999999999,-0.012378,-0.007207,-0.00196,-0.033325,-0.014992,0,0,0,0,0
0.129928,-0.010113,-0.007207,-0.001313,-0.033001,-0.013374,0,0,0,0,0
0.12993,-0.008495,-0.007207,-0.001313,-0.032678,-0.011433,0,0,0,0,0
0.129932,-0.007201,-0.00656,-0.000666,-0.032031,-0.009491,0,0,0,0,0
0.129934,-0.005907,-0.00656,-0.000342,-0.030738,-0.007226,0,0,0,0,0
0.129936,-0.004289,-0.005589,-1.8859e-05,-0.029767,-0.005607,0,0,0,0,0
0.129938,-0.003319,-0.005589,0.000628,-0.027827,-0.004313,0,0,0,0,0
0.12994,-0.002348,-0.005913,0.001275,-0.025563,-0.003019,0,0,0,0,0
0.129942,-0.000407,-0.005913,0.002245,-0.023946,-0.002371,0,0,0,0,0
0.129944,0.000887,-0.005266,0.002892,-0.022006,-0.002048,0,0,0,0,0
0.129946,0.002182,-0.004295,0.003539,-0.020389,-0.002371,0,0,0,0,0
0.129948,0.004446,-0.003324,0.003863,-0.019419,-0.002695,0,0,0,0,0
0.12995,0.005417,-0.004295,0.003863,-0.018125,-0.003666,0,0,0,0,0
0.129952,0.006388,-0.004942,0.00451,-0.016508,-0.003666,0,0,0,0,0
0.129954,0.006064,-0.005266,0.00451,-0.015538,-0.003989,0,0,0,0,0
0.129956,0.005417,-0.006237,0.00451,-0.013921,-0.003666,0,0,0,0,0
0.129958,0.00477,-0.005913,0.004186,-0.012304,-0.003666,0,0,0,0,0
0.12996,0.004446,-0.004619,0.003539,-0.011011,-0.004313,0,0,0,0,0
0.129962,0.00477,-0.003001,0.002892,-0.010687,-0.005931,0,0,0,0,0
0.129964,0.005741,-0.00203,0.001922,-0.010687,-0.008196,0,0,0,0,0
0.129966,0.006388,-0.001383,0.001598,-0.011011,-0.011109,0,0,0,0,0
0.129968,0.007358,-0.002354,0.000952,-0.011334,-0.013374,0,0,0,0,0
0.12997,0.008005,-0.003648,0.000628,-0.011981,-0.01564,0,0,0,0,0
0.129972,0.008005,-0.004619,-0.000342,-0.012628,-0.016934,0,0,0,0,0
0.129974,0.007035,-0.004295,-0.000989,-0.012951,-0.017905,0,0,0,0,0
0.129976,0.007035,-0.003324,-0.001636,-0.012951,-0.018552,0,0,0,0,0
0.129978,0.006388,-0.000736,-0.001313,-0.013598,-0.019199,0,0,0,0,0
0.1299799999999999,0.007682,0.003795,-0.001313,-0.014245,-0.020494,0,0,0,0,0
0.129982,0.0093,0.008001,-0.001636,-0.015862,-0.022759,0,0,0,0,0
0.129984,0.011241,0.009296,-0.000989,-0.017802,-0.025024,0,0,0,0,0
0.129986,0.013506,0.01059,-0.000666,-0.020066,-0.02729,0,0,0,0,0
0.129988,0.016094,0.010266,0.000305,-0.022653,-0.028584,0,0,0,0,0
0.12999,0.017388,0.008325,0.001598,-0.023623,-0.028584,0,0,0,0,0
0.129992,0.018359,0.006383,0.002892,-0.02524,-0.02826,0,0,0,0,0
0.129994,0.017712,0.004442,0.004833,-0.025887,-0.026642,0,0,0,0,0
0.129996,0.016741,0.003795,0.006774,-0.026857,-0.025348,0,0,0,0,0
0.129998,0.016741,0.004442,0.008715,-0.02718,-0.02373,0,0,0,0,0
0.13,0.016418,0.004765,0.011302,-0.028474,-0.02373,0,0,0,0,0
0.130002,0.017065,0.005736,0.013566,-0.029121,-0.024701,0,0,0,0,0
0.130004,0.018359,0.006383,0.015831,-0.029444,-0.026319,0,0,0,0,0
0.130006,0.019653,0.006707,0.018418,-0.030091,-0.02826,0,0,0,0,0
0.130008,0.021271,0.004118,0.020683,-0.030738,-0.029555,0,0,0,0,0
0.13001,0.021918,0.000882,0.022947,-0.030091,-0.030526,0,0,0,0,0
0.130012,0.022565,-0.001383,0.024564,-0.029767,-0.030202,0,0,0,0,0
0.130014,0.021918,-0.003324,0.026828,-0.029444,-0.029231,0,0,0,0,0
0.130016,0.022241,-0.004295,0.028122,-0.028474,-0.028584,0,0,0,0,0
0.130018,0.021918,-0.004295,0.029416,-0.027827,-0.02826,0,0,0,0,0
0.13002,0.022565,-0.003648,0.030386,-0.027504,-0.028584,0,0,0,0,0
0.130022,0.023535,-0.003001,0.03168,-0.02718,-0.029555,0,0,0,0,0
0.130024,0.024506,-0.004295,0.033298,-0.026533,-0.030202,0,0,0,0,0
0.130026,0.026124,-0.006237,0.034591,-0.02524,-0.030849,0,0,0,0,0
0.130028,0.026771,-0.007854,0.035885,-0.024916,-0.030849,0,0,0,0,0
0.13003,0.027418,-0.01012,0.036856,-0.0233,-0.029879,0,0,0,0,0
0.130032,0.027094,-0.011414,0.038149,-0.022006,-0.027937,0,0,0,0,0
0.1300339999999999,0.027094,-0.011738,0.038796,-0.021036,-0.025348,0,0,0,0,0
0.1300359999999999,0.026124,-0.01109,0.038796,-0.019419,-0.022759,0,0,0,0,0
0.130038,0.0258,-0.009149,0.038149,-0.018449,-0.020494,0,0,0,0,0
0.13004,0.025477,-0.006884,0.038473,-0.017802,-0.018228,0,0,0,0,0
0.130042,0.025477,-0.004619,0.038149,-0.017479,-0.016934,0,0,0,0,0
0.130044,0.0258,-0.00203,0.037179,-0.017479,-0.016287,0,0,0,0,0
0.130046,0.026124,-8.8422e-05,0.036856,-0.017155,-0.015963,0,0,0,0,0
0.130048,0.026447,0.001206,0.035562,-0.017155,-0.01564,0,0,0,0,0
0.13005,0.0258,0.00153,0.034591,-0.016508,-0.015316,0,0,0,0,0
0.130052,0.02483,0.00153,0.033298,-0.016185,-0.014992,0,0,0,0,0
0.130054,0.024183,0.001206,0.032004,-0.015538,-0.014669,0,0,0,0,0
0.130056,0.022565,0.000882,0.03071,-0.014891,-0.014021,0,0,0,0,0
0.130058,0.021918,0.001853,0.029416,-0.014245,-0.014021,0,0,0,0,0
0.13006,0.020947,0.001853,0.028446,-0.013274,-0.014669,0,0,0,0,0
0.130062,0.020624,0.003471,0.027799,-0.013274,-0.016287,0,0,0,0,0
0.130064,0.020947,0.003471,0.027152,-0.012628,-0.017258,0,0,0,0,0
0.130066,0.0203,0.004765,0.026828,-0.012628,-0.018552,0,0,0,0,0
0.130068,0.0203,0.004765,0.027475,-0.011981,-0.02017,0,0,0,0,0
0.13007,0.019977,0.004442,0.027152,-0.011657,-0.020494,0,0,0,0,0
0.130072,0.019006,0.004442,0.026828,-0.011334,-0.020817,0,0,0,0,0
0.130074,0.018035,0.004765,0.026505,-0.010041,-0.021465,0,0,0,0,0
0.130076,0.017065,0.004765,0.025534,-0.0081,-0.021141,0,0,0,0,0
0.130078,0.015447,0.005413,0.025211,-0.006483,-0.020494,0,0,0,0,0
0.13008,0.014476,0.005736,0.024241,-0.003896,-0.020494,0,0,0,0,0
0.130082,0.013506,0.007354,0.022947,-0.001309,-0.021141,0,0,0,0,0
0.130084,0.013506,0.008648,0.0223,0.000955,-0.021465,0,0,0,0,0
0.130086,0.013506,0.008648,0.021006,0.002895,-0.022759,0,0,0,0,0
0.130088,0.013506,0.008001,0.020036,0.004512,-0.024053,0,0,0,0,0
0.1300899999999999,0.013829,0.007354,0.018095,0.006129,-0.025995,0,0,0,0,0
0.1300919999999999,0.014153,0.005736,0.017125,0.007099,-0.02729,0,0,0,0,0
0.130094,0.013829,0.004442,0.015507,0.008393,-0.02826,0,0,0,0,0
0.130096,0.013829,0.005089,0.014537,0.009363,-0.029231,0,0,0,0,0
0.130098,0.013829,0.00606,0.013243,0.010656,-0.030202,0,0,0,0,0
0.1301,0.014153,0.008972,0.011949,0.012273,-0.031173,0,0,0,0,0
0.130102,0.0148,0.011884,0.011302,0.012597,-0.033115,0,0,0,0,0
0.130104,0.01577,0.014149,0.010332,0.013567,-0.035056,0,0,0,0,0
0.130106,0.016741,0.016738,0.010008,0.01389,-0.036998,0,0,0,0,0
0.130108,0.017712,0.017385,0.009361,0.014214,-0.037969,0,0,0,0,0
0.13011,0.018035,0.016414,0.008715,0.015507,-0.037645,0,0,0,0,0
0.130112,0.016741,0.015767,0.007744,0.017124,-0.036998,0,0,0,0,0
0.130114,0.015447,0.015444,0.006774,0.019065,-0.035704,0,0,0,0,0
0.130116,0.014476,0.016414,0.006127,0.021328,-0.032791,0,0,0,0,0
0.130118,0.013182,0.019327,0.005803,0.023592,-0.03182,0,0,0,0,0
0.13012,0.012535,0.021915,0.005157,0.025532,-0.031173,0,0,0,0,0
0.130122,0.012535,0.024504,0.005157,0.026826,-0.031173,0,0,0,0,0
0.130124,0.013182,0.027093,0.00548,0.027796,-0.031173,0,0,0,0,0
0.130126,0.013829,0.02774,0.00645,0.028443,-0.03182,0,0,0,0,0
0.130128,0.014153,0.027093,0.008068,0.02909,-0.031497,0,0,0,0,0
0.13013,0.014153,0.026122,0.009038,0.029413,-0.030202,0,0,0,0,0
0.130132,0.013182,0.024181,0.010332,0.03006,-0.02826,0,0,0,0,0
0.130134,0.012211,0.022563,0.012273,0.03006,-0.025672,0,0,0,0,0
0.130136,0.010917,0.020945,0.013566,0.030383,-0.022435,0,0,0,0,0
0.130138,0.009623,0.01965,0.015507,0.030383,-0.019847,0,0,0,0,0
0.13014,0.008652,0.019003,0.016154,0.030383,-0.017905,0,0,0,0,0
0.130142,0.007682,0.018356,0.017125,0.029413,-0.015316,0,0,0,0,0
0.130144,0.008005,0.017385,0.017771,0.028766,-0.014345,0,0,0,0,0
0.1301459999999999,0.008005,0.016738,0.018095,0.027473,-0.013051,0,0,0,0,0
0.1301479999999999,0.008005,0.015444,0.018095,0.026503,-0.01208,0,0,0,0,0
0.13015,0.008329,0.013826,0.018418,0.024886,-0.011109,0,0,0,0,0
0.130152,0.008976,0.011884,0.018095,0.024239,-0.010462,0,0,0,0,0
0.130154,0.008976,0.008325,0.018742,0.023592,-0.009167,0,0,0,0,0
0.130156,0.0093,0.006707,0.018742,0.022622,-0.007873,0,0,0,0,0
0.130158,0.01027,0.005413,0.019389,0.021652,-0.007226,0,0,0,0,0
0.13016,0.010917,0.002824,0.019712,0.020358,-0.006578,0,0,0,0,0
0.130162,0.011564,0.000882,0.019712,0.019065,-0.005931,0,0,0,0,0
0.130164,0.012859,-0.001383,0.020036,0.018094,-0.005607,0,0,0,0,0
0.130166,0.013182,-0.003001,0.020683,0.016477,-0.00496,0,0,0,0,0
0.130168,0.013506,-0.004942,0.02133,0.015184,-0.004313,0,0,0,0,0
0.13017,0.013829,-0.008502,0.021976,0.01486,-0.003342,0,0,0,0,0
0.130172,0.013506,-0.011414,0.022623,0.014214,-0.002371,0,0,0,0,0
0.130174,0.012859,-0.014003,0.02327,0.014214,-0.000753,0,0,0,0,0
0.130176,0.012859,-0.015621,0.023594,0.014537,0.001188,0,0,0,0,0
0.130178,0.012535,-0.016268,0.022947,0.01486,0.00313,0,0,0,0,0
0.13018,0.013182,-0.016591,0.022623,0.015184,0.004101,0,0,0,0,0
0.130182,0.015123,-0.015621,0.0223,0.015184,0.004748,0,0,0,0,0
0.130184,0.017065,-0.014003,0.021653,0.015184,0.004748,0,0,0,0,0
0.130186,0.019006,-0.013032,0.02133,0.014537,0.004425,0,0,0,0,0
0.130188,0.020947,-0.014003,0.021006,0.014537,0.004748,0,0,0,0,0
0.13019,0.021271,-0.015944,0.020683,0.014214,0.005719,0,0,0,0,0
0.130192,0.021271,-0.016591,0.02133,0.014214,0.007661,0,0,0,0,0
0.130194,0.020947,-0.018533,0.02133,0.014214,0.009926,0,0,0,0,0
0.130196,0.019977,-0.020151,0.021653,0.01389,0.012839,0,0,0,0,0
0.130198,0.019006,-0.020474,0.021653,0.013567,0.015427,0,0,0,0,0
0.1302,0.019653,-0.020151,0.02133,0.012273,0.017369,0,0,0,0,0
0.1302019999999999,0.019329,-0.01918,0.021976,0.011303,0.018016,0,0,0,0,0
0.130204,0.019653,-0.018856,0.0223,0.009039,0.017693,0,0,0,0,0
0.130206,0.019653,-0.018856,0.022947,0.007746,0.017693,0,0,0,0,0
0.130208,0.019329,-0.018533,0.024241,0.006129,0.017045,0,0,0,0,0
0.13021,0.019006,-0.019827,0.025534,0.005482,0.017045,0,0,0,0,0
0.130212,0.018035,-0.021445,0.026181,0.004512,0.017045,0,0,0,0,0
0.130214,0.017065,-0.022739,0.027152,0.003865,0.017693,0,0,0,0,0
0.130216,0.016418,-0.023063,0.028122,0.004189,0.017693,0,0,0,0,0
0.130218,0.01577,-0.022416,0.028122,0.003218,0.017369,0,0,0,0,0
0.13022,0.01577,-0.021445,0.028122,0.003218,0.017045,0,0,0,0,0
0.130222,0.016094,-0.019827,0.027475,0.002895,0.016075,0,0,0,0,0
0.130224,0.016741,-0.01918,0.027152,0.003218,0.01478,0,0,0,0,0
0.130226,0.018035,-0.018209,0.027152,0.003542,0.014133,0,0,0,0,0
0.130228,0.018682,-0.01918,0.026181,0.003865,0.012839,0,0,0,0,0
0.13023,0.018682,-0.01918,0.025211,0.004835,0.013162,0,0,0,0,0
0.130232,0.018682,-0.020474,0.024564,0.006129,0.014133,0,0,0,0,0
0.130234,0.018035,-0.018856,0.022623,0.007423,0.015104,0,0,0,0,0
0.130236,0.017712,-0.017238,0.021653,0.008393,0.016398,0,0,0,0,0
0.130238,0.017712,-0.014973,0.020036,0.009039,0.016722,0,0,0,0,0
0.13024,0.018359,-0.010767,0.019389,0.009039,0.017045,0,0,0,0,0
0.130242,0.019653,-0.007207,0.018418,0.008393,0.015427,0,0,0,0,0
0.130244,0.021271,-0.006237,0.017771,0.007423,0.01478,0,0,0,0,0
0.130246,0.022888,-0.00656,0.016478,0.005806,0.014133,0,0,0,0,0
0.130248,0.024183,-0.008178,0.015184,0.004512,0.01478,0,0,0,0,0
0.13025,0.025153,-0.010767,0.013243,0.002895,0.016722,0,0,0,0,0
0.130252,0.024506,-0.014003,0.011626,0.000308,0.019311,0,0,0,0,0
0.130254,0.023859,-0.015944,0.010979,-0.001309,0.022547,0,0,0,0,0
0.1302559999999999,0.022888,-0.017238,0.009685,-0.003249,0.025459,0,0,0,0,0
0.1302579999999999,0.022241,-0.016591,0.009361,-0.00519,0.027725,0,0,0,0,0
0.13026,0.020947,-0.014326,0.009361,-0.006807,0.028696,0,0,0,0,0
0.130262,0.020947,-0.010443,0.009038,-0.008424,0.030314,0,0,0,0,0
0.130264,0.0203,-0.00656,0.009361,-0.010041,0.030314,0,0,0,0,0
0.130266,0.0203,-0.002677,0.008715,-0.011981,0.02999,0,0,0,0,0
0.130268,0.0203,0.000559,0.008068,-0.013274,0.029666,0,0,0,0,0
0.13027,0.020624,0.002824,0.007421,-0.015538,0.029343,0,0,0,0,0
0.130272,0.0203,0.003147,0.006774,-0.016508,0.028696,0,0,0,0,0
0.130274,0.019329,0.003795,0.006127,-0.016508,0.028372,0,0,0,0,0
0.130276,0.018035,0.005089,0.005157,-0.017155,0.029343,0,0,0,0,0
0.130278,0.016741,0.00606,0.004833,-0.017155,0.029343,0,0,0,0,0
0.13028,0.014476,0.008001,0.003539,-0.016508,0.02999,0,0,0,0,0
0.130282,0.013182,0.010914,0.002245,-0.016185,0.029666,0,0,0,0,0
0.130284,0.012211,0.013826,0.001275,-0.015538,0.02999,0,0,0,0,0
0.130286,0.011564,0.015444,-1.8859e-05,-0.015538,0.028372,0,0,0,0,0
0.130288,0.011888,0.015767,-0.000989,-0.014891,0.027078,0,0,0,0,0
0.13029,0.011564,0.015444,-0.001636,-0.013921,0.02643,0,0,0,0,0
0.130292,0.011564,0.01512,-0.00196,-0.013598,0.025783,0,0,0,0,0
0.130294,0.010917,0.014149,-0.001313,-0.011657,0.025783,0,0,0,0,0
0.130296,0.009947,0.014473,-0.000989,-0.010041,0.026107,0,0,0,0,0
0.130298,0.008976,0.016414,-0.000342,-0.00907,0.02643,0,0,0,0,0
0.1303,0.008652,0.01868,-1.8859e-05,-0.007777,0.025783,0,0,0,0,0
0.130302,0.008976,0.021268,0.000628,-0.007453,0.024489,0,0,0,0,0
0.130304,0.009947,0.023533,0.000952,-0.00713,0.022871,0,0,0,0,0
0.130306,0.011241,0.023857,0.001275,-0.007453,0.021252,0,0,0,0,0
0.130308,0.011564,0.024181,0.001922,-0.007777,0.019634,0,0,0,0,0
0.13031,0.011888,0.022886,0.002245,-0.0081,0.018987,0,0,0,0,0
0.1303119999999999,0.010917,0.020945,0.003216,-0.007777,0.019311,0,0,0,0,0
0.1303139999999999,0.01027,0.019974,0.004833,-0.00713,0.020282,0,0,0,0,0
0.130316,0.008652,0.020945,0.00645,-0.006807,0.021576,0,0,0,0,0
0.130318,0.008329,0.023533,0.008068,-0.00616,0.022547,0,0,0,0,0
0.13032,0.008005,0.027093,0.009361,-0.00616,0.022871,0,0,0,0,0
0.130322,0.008652,0.030005,0.011302,-0.00713,0.022871,0,0,0,0,0
0.130324,0.0093,0.032594,0.013243,-0.0081,0.022223,0,0,0,0,0
0.130326,0.01027,0.034212,0.015184,-0.009717,0.0219,0,0,0,0,0
0.130328,0.010594,0.034535,0.016801,-0.011657,0.020929,0,0,0,0,0
0.13033,0.01027,0.033565,0.018742,-0.013274,0.021252,0,0,0,0,0
0.130332,0.0093,0.032594,0.020036,-0.014245,0.021576,0,0,0,0,0
0.130334,0.007358,0.031623,0.021653,-0.014891,0.023194,0,0,0,0,0
0.130336,0.005741,0.032594,0.022947,-0.015215,0.023841,0,0,0,0,0
0.130338,0.004446,0.033565,0.023594,-0.015862,0.024489,0,0,0,0,0
0.13034,0.003476,0.035182,0.024888,-0.016508,0.023518,0,0,0,0,0
0.130342,0.003476,0.037448,0.025858,-0.017155,0.022223,0,0,0,0,0
0.130344,0.003799,0.038742,0.026505,-0.018125,0.019958,0,0,0,0,0
0.130346,0.004446,0.039389,0.026828,-0.019419,0.017693,0,0,0,0,0
0.130348,0.004123,0.038095,0.027152,-0.020066,0.015427,0,0,0,0,0
0.13035,0.003476,0.036477,0.027475,-0.020389,0.01478,0,0,0,0,0
0.130352,0.002505,0.035182,0.027475,-0.021359,0.014133,0,0,0,0,0
0.130354,0.001535,0.034212,0.027475,-0.022006,0.013809,0,0,0,0,0
0.130356,0.000887,0.033241,0.027475,-0.022006,0.014457,0,0,0,0,0
0.130358,0.00024,0.033888,0.026505,-0.022653,0.014457,0,0,0,0,0
0.13036,-0.000407,0.035506,0.026505,-0.023623,0.014457,0,0,0,0,0
0.130362,-0.000407,0.036153,0.025858,-0.024593,0.014457,0,0,0,0,0
0.130364,-8.3218e-05,0.037771,0.024888,-0.026533,0.013809,0,0,0,0,0
0.130366,0.00024,0.038742,0.024564,-0.027827,0.013809,0,0,0,0,0
0.1303679999999999,0.000887,0.039713,0.024564,-0.030414,0.012839,0,0,0,0,0
0.1303699999999999,0.001535,0.039065,0.024888,-0.032031,0.012839,0,0,0,0,0
0.130372,0.002182,0.038418,0.025211,-0.033648,0.012515,0,0,0,0,0
0.130374,0.002829,0.037771,0.025534,-0.035265,0.012515,0,0,0,0,0
0.130376,0.003476,0.037448,0.025858,-0.036559,0.011868,0,0,0,0,0
0.130378,0.004123,0.036153,0.026181,-0.038499,0.011544,0,0,0,0,0
0.13038,0.00477,0.036153,0.026828,-0.039146,0.01122,0,0,0,0,0
0.130382,0.006064,0.0368,0.028122,-0.040439,0.01025,0,0,0,0,0
0.130384,0.007035,0.037771,0.028769,-0.04238,0.009602,0,0,0,0,0
0.130386,0.008329,0.038742,0.03071,-0.043996,0.008632,0,0,0,0,0
0.130388,0.0093,0.038742,0.03168,-0.044967,0.007661,0,0,0,0,0
0.13039,0.009623,0.038095,0.033298,-0.045937,0.007013,0,0,0,0,0
0.130392,0.009623,0.038095,0.034915,-0.04626,0.007984,0,0,0,0,0
0.130394,0.008329,0.037448,0.036209,-0.046584,0.007661,0,0,0,0,0
0.130396,0.006388,0.0368,0.037179,-0.046907,0.009279,0,0,0,0,0
0.130398,0.005093,0.037124,0.037503,-0.04626,0.010573,0,0,0,0,0
0.1304,0.003476,0.037124,0.037179,-0.04529,0.010897,0,0,0,0,0
0.130402,0.002182,0.038095,0.036532,-0.04529,0.01122,0,0,0,0,0
0.130404,0.002829,0.039389,0.035885,-0.044967,0.009926,0,0,0,0,0
0.130406,0.002829,0.039389,0.034915,-0.044967,0.008308,0,0,0,0,0
0.130408,0.003152,0.039713,0.034591,-0.04432,0.007337,0,0,0,0,0
0.13041,0.002829,0.039389,0.033621,-0.043996,0.006043,0,0,0,0,0
0.130412,0.001858,0.036477,0.032974,-0.04335,0.005395,0,0,0,0,0
0.130414,0.000564,0.034212,0.032651,-0.04238,0.005072,0,0,0,0,0
0.130416,-0.000407,0.032917,0.032974,-0.040439,0.006043,0,0,0,0,0
0.130418,-0.001377,0.032917,0.032004,-0.038822,0.006043,0,0,0,0,0
0.13042,-0.002024,0.034535,0.032004,-0.036882,0.006043,0,0,0,0,0
0.130422,-0.002024,0.036477,0.032327,-0.035912,0.004748,0,0,0,0,0
0.1304239999999999,-0.001054,0.039389,0.032974,-0.034942,0.00313,0,0,0,0,0
0.130426,0.00024,0.041654,0.033621,-0.033971,0.000541,0,0,0,0,0
0.130428,0.001211,0.042625,0.034591,-0.033001,-0.002048,0,0,0,0,0
0.13043,0.001211,0.041331,0.034591,-0.031708,-0.004313,0,0,0,0,0
0.130432,0.001211,0.039065,0.035238,-0.030738,-0.005607,0,0,0,0,0
0.130434,0.000564,0.036477,0.036209,-0.028797,-0.006578,0,0,0,0,0
0.130436,-0.001054,0.034212,0.037179,-0.026857,-0.006255,0,0,0,0,0
0.130438,-0.003319,0.032917,0.037826,-0.024916,-0.005931,0,0,0,0,0
0.13044,-0.003966,0.032917,0.039443,-0.023623,-0.006255,0,0,0,0,0
0.130442,-0.004613,0.034535,0.040414,-0.022006,-0.006255,0,0,0,0,0
0.130444,-0.004936,0.03583,0.041384,-0.020712,-0.006255,0,0,0,0,0
0.130446,-0.004613,0.035506,0.041707,-0.020066,-0.006255,0,0,0,0,0
0.130448,-0.004289,0.035506,0.043001,-0.019095,-0.006255,0,0,0,0,0
0.13045,-0.004613,0.035182,0.043648,-0.017802,-0.005284,0,0,0,0,0
0.130452,-0.004613,0.034859,0.044295,-0.016832,-0.003989,0,0,0,0,0
0.130454,-0.003966,0.034859,0.044942,-0.015215,-0.002371,0,0,0,0,0
0.130456,-0.004613,0.035506,0.045266,-0.013598,-0.00043,0,0,0,0,0
0.130458,-0.004289,0.0368,0.045266,-0.012304,0.001836,0,0,0,0,0
0.13046,-0.003319,0.038095,0.044942,-0.011011,0.003454,0,0,0,0,0
0.130462,-0.002024,0.039713,0.044295,-0.010041,0.005072,0,0,0,0,0
0.130464,-0.00073,0.041978,0.043325,-0.009394,0.005719,0,0,0,0,0
0.130466,0.00024,0.043272,0.041707,-0.008424,0.006366,0,0,0,0,0
0.130468,0.001211,0.043596,0.040414,-0.007777,0.006366,0,0,0,0,0
0.13047,0.001535,0.043596,0.03912,-0.007453,0.00669,0,0,0,0,0
0.130472,0.001858,0.042301,0.037179,-0.00713,0.00669,0,0,0,0,0
0.130474,0.001858,0.041331,0.035562,-0.006483,0.007337,0,0,0,0,0
0.130476,0.002182,0.040683,0.034268,-0.006483,0.007337,0,0,0,0,0
0.1304779999999999,0.003152,0.040036,0.033621,-0.00616,0.007661,0,0,0,0,0
0.1304799999999999,0.004123,0.040683,0.031357,-0.006483,0.007013,0,0,0,0,0
0.130482,0.005741,0.041654,0.030063,-0.006807,0.006043,0,0,0,0,0
0.130484,0.007035,0.041654,0.028769,-0.007777,0.004748,0,0,0,0,0
0.130486,0.008976,0.041978,0.027475,-0.008424,0.00313,0,0,0,0,0
0.130488,0.010917,0.041007,0.026181,-0.009717,0.001836,0,0,0,0,0
0.13049,0.010917,0.038742,0.024888,-0.010687,0.000865,0,0,0,0,0
0.130492,0.011241,0.037448,0.023917,-0.010364,0.000218,0,0,0,0,0
0.130494,0.010594,0.034535,0.02327,-0.010364,0.000218,0,0,0,0,0
0.130496,0.0093,0.03227,0.0223,-0.010041,0.001188,0,0,0,0,0
0.130498,0.007035,0.031947,0.02133,-0.010364,0.001836,0,0,0,0,0
0.1305,0.006064,0.033565,0.019712,-0.009717,0.001512,0,0,0,0,0
0.130502,0.005417,0.036477,0.018742,-0.010364,0.000865,0,0,0,0,0
0.130504,0.005741,0.038742,0.017125,-0.011011,-0.001077,0,0,0,0,0
0.130506,0.006711,0.039389,0.015507,-0.011657,-0.003342,0,0,0,0,0
0.130508,0.007035,0.039065,0.014537,-0.012628,-0.006255,0,0,0,0,0
0.13051,0.008005,0.037448,0.013566,-0.012951,-0.007549,0,0,0,0,0
0.130512,0.008005,0.034212,0.012596,-0.013274,-0.007873,0,0,0,0,0
0.130514,0.006711,0.031299,0.011302,-0.013598,-0.006902,0,0,0,0,0
0.130516,0.005417,0.028711,0.010332,-0.013598,-0.00496,0,0,0,0,0
0.130518,0.004446,0.027416,0.008391,-0.013598,-0.002695,0,0,0,0,0
0.13052,0.004123,0.026769,0.006774,-0.014245,-0.001077,0,0,0,0,0
0.130522,0.003799,0.025798,0.00548,-0.014891,-0.001077,0,0,0,0,0
0.130524,0.004123,0.025151,0.005157,-0.015215,-0.001077,0,0,0,0,0
0.130526,0.004123,0.023533,0.00548,-0.015862,-0.001401,0,0,0,0,0
0.130528,0.003799,0.020621,0.005803,-0.016185,-0.001401,0,0,0,0,0
0.13053,0.002829,0.016414,0.006774,-0.016508,-0.000106,0,0,0,0,0
0.130532,0.001535,0.012531,0.007421,-0.016832,0.001836,0,0,0,0,0
0.1305339999999999,-0.000407,0.009619,0.008068,-0.016508,0.004425,0,0,0,0,0
0.1305359999999999,-0.002024,0.007678,0.008391,-0.016185,0.00669,0,0,0,0,0
0.130538,-0.002995,0.005413,0.008391,-0.016508,0.009279,0,0,0,0,0
0.13054,-0.004613,0.004118,0.008068,-0.016185,0.010573,0,0,0,0,0
0.130542,-0.005583,0.003795,0.007421,-0.016832,0.011544,0,0,0,0,0
0.130544,-0.006231,0.002824,0.007421,-0.017802,0.013162,0,0,0,0,0
0.130546,-0.007201,0.00153,0.006774,-0.018772,0.014133,0,0,0,0,0
0.130548,-0.008172,0.000559,0.005803,-0.020066,0.01478,0,0,0,0,0
0.13055,-0.009466,-0.001059,0.004833,-0.021036,0.016075,0,0,0,0,0
0.130552,-0.01076,-0.003324,0.003216,-0.022006,0.017693,0,0,0,0,0
0.130554,-0.011731,-0.006237,0.001275,-0.022976,0.019311,0,0,0,0,0
0.130556,-0.013025,-0.009472,-0.000989,-0.023623,0.020282,0,0,0,0,0
0.130558,-0.014319,-0.012385,-0.003577,-0.02427,0.021576,0,0,0,0,0
0.13056,-0.014966,-0.014326,-0.006165,-0.024916,0.0219,0,0,0,0,0
0.130562,-0.015937,-0.015621,-0.008429,-0.025563,0.022223,0,0,0,0,0
0.130564,-0.016584,-0.016591,-0.01134,-0.026857,0.022223,0,0,0,0,0
0.130566,-0.016584,-0.017238,-0.013604,-0.027827,0.020929,0,0,0,0,0
0.130568,-0.016584,-0.017886,-0.016515,-0.029767,0.019958,0,0,0,0,0
0.13057,-0.016584,-0.01918,-0.01878,-0.031384,0.018016,0,0,0,0,0
0.130572,-0.016584,-0.021769,-0.021044,-0.033001,0.017045,0,0,0,0,0
0.130574,-0.015937,-0.024034,-0.023631,-0.035265,0.016075,0,0,0,0,0
0.130576,-0.01529,-0.026299,-0.025572,-0.037205,0.015751,0,0,0,0,0
0.130578,-0.014643,-0.028564,-0.027189,-0.039792,0.01478,0,0,0,0,0
0.13058,-0.013349,-0.030506,-0.028807,-0.042056,0.014133,0,0,0,0,0
0.130582,-0.012054,-0.031153,-0.030748,-0.043996,0.012839,0,0,0,0,0
0.130584,-0.011084,-0.0318,-0.031718,-0.045613,0.010897,0,0,0,0,0
0.130586,-0.00979,-0.032447,-0.033012,-0.047877,0.009279,0,0,0,0,0
0.130588,-0.008495,-0.034065,-0.034306,-0.049171,0.00669,0,0,0,0,0
0.1305899999999999,-0.007848,-0.035683,-0.034953,-0.050464,0.004101,0,0,0,0,0
0.1305919999999999,-0.008172,-0.037624,-0.035599,-0.051111,0.001836,0,0,0,0,0
0.130594,-0.008172,-0.03989,-0.036246,-0.051111,0.000218,0,0,0,0,0
0.130596,-0.008819,-0.041831,-0.037217,-0.051434,-0.000753,0,0,0,0,0
0.130598,-0.00979,-0.042155,-0.03754,-0.051434,-0.001724,0,0,0,0,0
0.1306,-0.009466,-0.041831,-0.037864,-0.051111,-0.003342,0,0,0,0,0
0.130602,-0.009466,-0.040213,-0.037864,-0.051434,-0.006255,0,0,0,0,0
0.130604,-0.008495,-0.037624,-0.038187,-0.052081,-0.008844,0,0,0,0,0
0.130606,-0.006878,-0.036654,-0.038187,-0.053375,-0.01208,0,0,0,0,0
0.130608,-0.00526,-0.035683,-0.037864,-0.054992,-0.015316,0,0,0,0,0
0.13061,-0.003642,-0.03633,-0.03754,-0.056285,-0.018876,0,0,0,0,0
0.130612,-0.002995,-0.037948,-0.03657,-0.057579,-0.021465,0,0,0,0,0
0.130614,-0.002672,-0.03989,-0.035923,-0.058872,-0.023406,0,0,0,0,0
0.130616,-0.001701,-0.041184,-0.035599,-0.059843,-0.025672,0,0,0,0,0
0.130618,-0.00073,-0.041184,-0.034953,-0.06146,-0.02729,0,0,0,0,0
0.13062,0.000887,-0.041184,-0.034629,-0.0634,-0.029555,0,0,0,0,0
0.130622,0.003152,-0.04086,-0.033982,-0.06534,-0.032791,0,0,0,0,0
0.130624,0.006711,-0.040213,-0.033982,-0.067281,-0.036351,0,0,0,0,0
0.130626,0.011241,-0.03989,-0.033659,-0.070191,-0.039587,0,0,0,0,0
0.130628,0.016094,-0.041184,-0.033659,-0.071808,-0.042499,0,0,0,0,0
0.13063,0.020947,-0.042802,-0.033335,-0.073425,-0.044765,0,0,0,0,0
0.130632,0.026124,-0.044743,-0.033659,-0.074395,-0.046059,0,0,0,0,0
0.130634,0.030653,-0.046038,-0.033982,-0.075042,-0.046706,0,0,0,0,0
0.130636,0.035507,-0.046038,-0.034629,-0.075365,-0.04703,0,0,0,0,0
0.130638,0.040683,-0.046361,-0.035599,-0.074719,-0.047354,0,0,0,0,0
0.13064,0.046831,-0.043773,-0.03657,-0.074072,-0.048325,0,0,0,0,0
0.130642,0.053949,-0.041507,-0.038187,-0.073102,-0.049295,0,0,0,0,0
0.130644,0.062361,-0.03989,-0.040451,-0.072455,-0.051237,0,0,0,0,0
0.1306459999999999,0.071744,-0.038272,-0.042716,-0.071808,-0.053502,0,0,0,0,0
0.130648,0.081773,-0.037948,-0.044656,-0.070514,-0.055768,0,0,0,0,0
0.13065,0.091803,-0.038595,-0.046921,-0.070191,-0.058357,0,0,0,0,0
0.130652,0.102157,-0.039566,-0.048861,-0.069221,-0.059651,1,0,0,0,0
0.130654,0.111863,-0.042155,-0.050802,-0.067604,-0.060622,1,0,0,0,0
0.130656,0.120922,-0.043773,-0.052419,-0.06534,-0.060622,1,0,0,0,0
0.130658,0.130305,-0.045067,-0.05339,-0.062106,-0.060622,1,0,0,0,0
0.13066,0.140011,-0.045067,-0.055007,-0.059843,-0.060622,1,0,0,0,0
0.130662,0.149718,-0.044743,-0.056948,-0.056609,-0.060298,1,0,0,0,0
0.130664,0.159424,-0.042802,-0.058889,-0.054345,-0.060945,1,0,0,0,0
0.130666,0.170748,-0.04086,-0.060506,-0.051758,-0.061916,1,0,0,0,0
0.130668,0.181425,-0.039566,-0.061476,-0.049818,-0.063858,1,0,0,0,0
0.13067,0.191778,-0.039242,-0.062447,-0.047554,-0.064829,1,0,0,0,0
0.130672,0.201808,-0.039242,-0.063094,-0.044967,-0.066123,1,0,0,0,0
0.130674,0.210544,-0.038919,-0.063417,-0.042703,-0.067094,1,0,0,0,0
0.130676,0.217662,-0.040537,-0.06374,-0.040116,-0.067094,1,0,0,0,0
0.130678,0.224133,-0.040537,-0.064387,-0.037205,-0.067094,1,0,0,0,0
0.13068,0.229309,-0.039566,-0.065358,-0.033971,-0.066771,1,0,0,0,0
0.130682,0.233192,-0.038272,-0.066005,-0.032031,-0.067094,1,0,0,0,0
0.130684,0.237398,-0.036006,-0.067622,-0.030091,-0.068065,1,0,0,0,0
0.130686,0.24031,-0.032771,-0.067945,-0.028474,-0.070007,1,0,0,0,0
0.130688,0.243222,-0.029535,-0.067945,-0.026857,-0.072596,1,0,0,0,0
0.13069,0.245163,-0.025975,-0.067945,-0.02621,-0.074861,1,0,0,0,0
0.130692,0.245487,-0.021769,-0.067622,-0.023946,-0.076155,1,0,0,0,0
0.130694,0.243869,-0.017562,-0.067299,-0.022329,-0.07745,1,0,0,0,0
0.130696,0.241281,-0.011414,-0.066975,-0.020712,-0.07745,1,0,0,0,0
0.130698,0.237722,-0.004295,-0.066652,-0.019419,-0.076803,1,0,0,0,0
0.1306999999999999,0.233192,0.006383,-0.066652,-0.018449,-0.076155,1,0,0,0,0
0.1307019999999999,0.228339,0.019003,-0.066328,-0.017479,-0.075832,1,0,0,0,0
0.130704,0.223809,0.03227,-0.065681,-0.017155,-0.077126,1,0,0,0,0
0.130706,0.218956,0.047155,-0.065358,-0.016832,-0.077773,1,0,0,0,0
0.130708,0.213456,0.062364,-0.064387,-0.016832,-0.079068,1,0,0,0,0
0.13071,0.207308,0.076601,-0.06374,-0.016508,-0.079715,1,0,0,0,0
0.130712,0.201485,0.092457,-0.062447,-0.016185,-0.079715,1,0,0,0,0
0.130714,0.193396,0.108636,-0.062447,-0.015862,-0.078744,1,1,0,0,0
0.130716,0.185631,0.124816,-0.061153,-0.015538,-0.077126,1,1,0,0,0
0.130718,0.177542,0.141966,-0.060182,-0.014568,-0.075832,1,1,0,0,0
0.13072,0.168807,0.16041,-0.059859,-0.014245,-0.074537,1,1,0,0,0
0.130722,0.161042,0.179825,-0.058565,-0.013921,-0.073566,1,1,0,0,0
0.130724,0.15263,0.198593,-0.057271,-0.013274,-0.072919,1,1,0,0,0
0.130726,0.144541,0.216391,-0.055331,-0.012628,-0.072919,1,1,0,0,0
0.130728,0.136452,0.234188,-0.05339,-0.011981,-0.072596,1,1,0,0,0
0.13073,0.128364,0.251338,-0.051772,-0.011334,-0.072919,1,1,0,0,0
0.130732,0.120275,0.267194,-0.049185,-0.011011,-0.072272,1,1,0,0,0
0.130734,0.112187,0.283049,-0.046597,-0.010041,-0.072272,1,1,0,0,0
0.130736,0.103451,0.297611,-0.044333,-0.00907,-0.072272,1,1,0,0,0
0.130738,0.095039,0.311525,-0.041745,-0.008424,-0.072272,0,1,0,0,0
0.13074,0.08695,0.325439,-0.038834,-0.00713,-0.072272,0,1,0,0,0
0.130742,0.078862,0.338059,-0.035923,-0.006483,-0.072596,0,1,0,0,0
0.130744,0.070126,0.349708,-0.032365,-0.005836,-0.073243,0,1,0,0,0
0.130746,0.062361,0.359739,-0.029777,-0.004866,-0.073566,0,1,0,0,0
0.130748,0.054596,0.365564,-0.026543,-0.003573,-0.07389,0,1,0,0,0
0.13075,0.046831,0.3688,-0.023631,-0.002926,-0.07389,0,1,0,0,0
0.130752,0.038419,0.368152,-0.021367,-0.002279,-0.072919,0,1,0,0,0
0.130754,0.029683,0.363946,-0.01878,-0.000662,-0.071301,0,1,0,0,0
0.1307559999999999,0.020624,0.358445,-0.015545,0.000631,-0.069036,0,1,0,0,0
0.1307579999999999,0.010917,0.350032,-0.012957,0.001925,-0.066123,0,1,0,0,0
0.13076,0.002505,0.341618,-0.010046,0.003218,-0.063534,0,1,0,0,0
0.130762,-0.005583,0.333205,-0.006812,0.004512,-0.061593,0,1,0,0,0
0.130764,-0.012701,0.325116,-0.004224,0.005806,-0.059975,0,1,0,0,0
0.130766,-0.017555,0.316379,-0.000989,0.005806,-0.059975,0,1,0,0,0
0.130768,-0.022084,0.30473,0.002245,0.005806,-0.060298,0,1,0,0,0
0.13077,-0.025643,0.292757,0.006127,0.005482,-0.060298,0,1,0,0,0
0.130772,-0.030173,0.278843,0.010008,0.006129,-0.060622,0,1,0,0,0
0.130774,-0.035026,0.262663,0.014537,0.006776,-0.059975,0,1,0,0,0
0.130776,-0.040526,0.246484,0.019712,0.008069,-0.057709,0,1,0,0,0
0.130778,-0.046997,0.231599,0.024888,0.01001,-0.055444,0,1,0,0,0
0.13078,-0.053144,0.218009,0.031033,0.01195,-0.052532,0,1,0,0,0
0.130782,-0.057998,0.205712,0.037503,0.013244,-0.050913,0,1,0,0,0
0.130784,-0.062204,0.195034,0.044942,0.014537,-0.05059,0,1,0,0,0
0.130786,-0.065116,0.183385,0.052382,0.01486,-0.051561,0,1,0,0,0
0.130788,-0.067057,0.171412,0.060468,0.014214,-0.053826,0,1,0,0,0
0.13079,-0.069322,0.158145,0.069202,0.013567,-0.056415,0,1,0,0,0
0.130792,-0.07191,0.14326,0.078582,0.012597,-0.05868,0,1,0,0,0
0.130794,-0.074822,0.127404,0.088609,0.012273,-0.059975,0,1,0,0,0
0.130796,-0.077734,0.110902,0.09896,0.012597,-0.060622,0,1,0,0,0
0.130798,-0.080969,0.095693,0.109634,0.012597,-0.060945,0,0,1,0,0
0.1308,-0.084205,0.081455,0.120632,0.01195,-0.060622,0,0,1,0,0
0.130802,-0.086469,0.068835,0.132276,0.01195,-0.061269,0,0,1,0,0
0.130804,-0.08744,0.056216,0.143921,0.011303,-0.06224,0,0,1,0,0
0.130806,-0.087764,0.043919,0.157183,0.01098,-0.063534,0,0,1,0,0
0.130808,-0.087764,0.031299,0.170121,0.009363,-0.065476,0,0,1,0,0
0.13081,-0.088087,0.01868,0.183706,0.007746,-0.066447,0,0,1,0,0
0.1308119999999999,-0.087764,0.005413,0.197615,0.006776,-0.068065,0,0,1,0,0
0.1308139999999999,-0.088411,-0.008178,0.211201,0.005482,-0.068389,0,0,1,0,0
0.130816,-0.089381,-0.022092,0.225756,0.005159,-0.068712,0,0,1,0,0
0.130818,-0.090999,-0.03633,0.239342,0.005806,-0.068712,0,0,1,0,0
0.13082,-0.092293,-0.047979,0.25325,0.006452,-0.067741,0,0,1,0,0
0.130822,-0.093587,-0.05801,0.265865,0.007099,-0.067741,0,0,1,0,0
0.130824,-0.093911,-0.0661,0.27751,0.008069,-0.068065,0,0,1,0,0
0.130826,-0.093587,-0.072572,0.288184,0.009363,-0.068712,0,0,1,0,0
0.130828,-0.09294,-0.077102,0.297888,0.010656,-0.070007,0,0,1,0,0
0.13083,-0.091323,-0.082603,0.306298,0.01195,-0.071301,0,0,1,0,0
0.130832,-0.090352,-0.088427,0.31309,0.01389,-0.071948,0,0,1,0,0
0.130834,-0.090352,-0.095546,0.318913,0.016477,-0.071948,0,0,1,0,0
0.130836,-0.090999,-0.102665,0.323118,0.019711,-0.070654,0,0,1,0,0
0.130838,-0.092617,-0.10849,0.325705,0.022945,-0.068712,0,0,1,0,0
0.13084,-0.094882,-0.115285,0.326676,0.026826,-0.065476,0,0,1,0,0
0.130842,-0.096823,-0.121433,0.326999,0.03103,-0.06224,0,0,1,0,0
0.130844,-0.099088,-0.126611,0.325705,0.035234,-0.059327,0,0,1,0,0
0.130846,-0.101029,-0.131788,0.323441,0.039762,-0.057062,0,0,1,0,0
0.130848,-0.102647,-0.136642,0.32053,0.045259,-0.055444,0,0,1,0,0
0.13085,-0.103941,-0.141172,0.316648,0.05011,-0.05415,0,0,1,0,0
0.130852,-0.104588,-0.146026,0.311473,0.055931,-0.053179,0,0,1,0,0
0.130854,-0.105235,-0.150879,0.305974,0.063046,-0.052532,0,0,1,0,0
0.130856,-0.105882,-0.154763,0.299505,0.069837,-0.051237,0,0,1,0,0
0.130858,-0.106206,-0.158646,0.291742,0.077922,-0.049943,0,0,1,0,0
0.13086,-0.107176,-0.161234,0.283979,0.086976,-0.048972,0,0,1,0,0
0.130862,-0.1075,-0.163499,0.275893,0.096355,-0.048325,0,0,1,0,0
0.130864,-0.1075,-0.165764,0.267806,0.106703,-0.047354,0,0,1,1,0
0.130866,-0.1075,-0.167706,0.25972,0.118022,-0.04703,0,0,1,1,0
0.1308679999999999,-0.107823,-0.170295,0.25131,0.129987,-0.046706,0,0,1,1,0
0.13087,-0.108147,-0.173207,0.243223,0.142923,-0.046059,0,0,1,1,0
0.130872,-0.108147,-0.175796,0.235137,0.155535,-0.044765,0,0,1,1,0
0.130874,-0.109118,-0.178708,0.22705,0.168794,-0.042823,0,0,1,1,0
0.130876,-0.110735,-0.180649,0.21864,0.182053,-0.040558,0,0,1,1,0
0.130878,-0.112029,-0.180649,0.209583,0.195312,-0.038293,0,0,1,1,0
0.13088,-0.113647,-0.178708,0.201173,0.207924,-0.036351,0,0,1,1,0
0.130882,-0.114941,-0.175796,0.191469,0.220213,-0.035704,0,0,1,1,0
0.130884,-0.115588,-0.17256,0.18306,0.230885,-0.036351,0,0,1,1,0
0.130886,-0.115588,-0.16803,0.174326,0.240587,-0.037322,0,0,1,1,0
0.130888,-0.115265,-0.164794,0.165593,0.249642,-0.038616,0,0,1,1,0
0.13089,-0.115588,-0.162529,0.156536,0.257403,-0.039587,0,0,1,1,0
0.130892,-0.116236,-0.160587,0.148126,0.263871,-0.039587,0,0,1,1,0
0.130894,-0.117206,-0.158969,0.139392,0.269368,-0.03894,0,0,1,1,0
0.130896,-0.118824,-0.157998,0.130336,0.274219,-0.036998,0,0,1,1,0
0.130898,-0.120765,-0.157028,0.121926,0.27907,-0.034733,0,0,1,1,0
0.1309,-0.123353,-0.156057,0.113516,0.281657,-0.031497,0,0,1,1,0
0.130902,-0.125295,-0.153792,0.105429,0.284244,-0.028584,0,0,1,1,0
0.130904,-0.126265,-0.150879,0.09799,0.285538,-0.025348,0,0,0,1,0
0.130906,-0.12756,-0.149585,0.090873,0.285861,-0.022435,0,0,0,1,0
0.130908,-0.128207,-0.148614,0.084728,0.284891,-0.019199,0,0,0,1,0
0.13091,-0.128207,-0.147967,0.077935,0.283274,-0.016287,0,0,0,1,0
0.130912,-0.12853,-0.148614,0.07276,0.280364,-0.012403,0,0,0,1,0
0.130914,-0.128854,-0.150879,0.067261,0.27713,-0.007226,0,0,0,1,0
0.130916,-0.130148,-0.154439,0.061762,0.273249,-0.001077,0,0,0,1,0
0.130918,-0.131766,-0.15638,0.056263,0.270015,0.006366,0,0,0,1,0
0.13092,-0.133707,-0.158646,0.051735,0.265811,0.015427,0,0,0,1,0
0.1309219999999999,-0.135972,-0.158969,0.046559,0.261607,0.025459,0,0,0,1,0
0.1309239999999999,-0.138237,-0.158646,0.041707,0.25708,0.036462,0,0,0,1,0
0.130926,-0.139207,-0.156704,0.037826,0.252229,0.04876,0,0,0,1,0
0.130928,-0.139854,-0.154763,0.032974,0.246408,0.06041,0,0,0,1,0
0.13093,-0.140825,-0.153468,0.029093,0.240587,0.072707,0,0,0,1,0
0.130932,-0.141148,-0.153468,0.025534,0.234119,0.085328,0,0,0,1,0
0.130934,-0.141795,-0.153468,0.02133,0.227974,0.098596,0,0,0,1,0
0.130936,-0.142119,-0.154763,0.018418,0.222153,0.113482,0,0,0,1,1
0.130938,-0.143413,-0.156704,0.015507,0.216979,0.12934,0,0,0,1,1
0.13094,-0.144384,-0.158322,0.012273,0.211805,0.14552,0,0,0,1,1
0.130942,-0.145678,-0.158322,0.009685,0.206307,0.163319,0,0,0,1,1
0.130944,-0.146325,-0.157351,0.006774,0.20081,0.180794,0,0,0,1,1
0.130946,-0.146649,-0.15541,0.003539,0.194989,0.197946,0,0,0,1,1
0.130948,-0.146002,-0.154115,0.000952,0.188198,0.21445,0,0,0,1,1
0.13095,-0.145031,-0.152821,-0.001636,0.180436,0.230954,0,0,0,1,1
0.130952,-0.14406,-0.152821,-0.0039,0.173968,0.247782,0,0,0,1,1
0.130954,-0.143737,-0.154115,-0.006488,0.166854,0.264934,0,0,0,1,1
0.130956,-0.143413,-0.156057,-0.008105,0.160063,0.282409,0,0,0,1,1
0.130958,-0.143413,-0.158322,-0.010693,0.153918,0.299237,0,0,0,1,1
0.13096,-0.143737,-0.158322,-0.012957,0.146804,0.316388,0,0,0,1,1
0.130962,-0.143737,-0.156704,-0.015868,0.140336,0.331598,0,0,0,1,1
0.130964,-0.143413,-0.154439,-0.018456,0.133868,0.344543,0,0,0,1,1
0.130966,-0.141795,-0.15185,-0.021044,0.12643,0.355222,0,0,0,1,1
0.130968,-0.139854,-0.148938,-0.023955,0.118992,0.363636,0,0,0,1,1
0.13097,-0.137589,-0.147967,-0.026543,0.111554,0.370108,0,0,0,1,1
0.130972,-0.135648,-0.148938,-0.029454,0.10444,0.37561,0,0,0,1,1
0.130974,-0.134354,-0.149909,-0.032365,0.097972,0.380788,0,0,0,0,1
0.130976,-0.133707,-0.151527,-0.035276,0.091827,0.384995,0,0,0,0,1
0.1309779999999999,-0.133383,-0.153145,-0.038187,0.08633,0.387584,0,0,0,0,1
0.1309799999999999,-0.13403,-0.154439,-0.041745,0.080832,0.389849,0,0,0,0,1
0.130982,-0.133383,-0.154763,-0.045303,0.075658,0.389849,0,0,0,0,1
0.130984,-0.132736,-0.154439,-0.048538,0.070484,0.388554,0,0,0,0,1
0.130986,-0.130795,-0.154763,-0.052096,0.065633,0.385642,0,0,0,0,1
0.130988,-0.12853,-0.155733,-0.055654,0.061105,0.380464,0,0,0,0,1
0.13099,-0.126912,-0.155086,-0.058889,0.056254,0.374315,0,0,0,0,1
0.130992,-0.124324,-0.154115,-0.0618,0.05205,0.366872,0,0,0,0,1
0.130994,-0.122383,-0.152821,-0.064064,0.047846,0.359105,0,0,0,0,1
0.130996,-0.119794,-0.152497,-0.066328,0.043642,0.350044,0,0,0,0,1
0.130998,-0.117853,-0.15185,-0.068592,0.040408,0.340336,0,0,0,0,1
0.131,-0.115265,-0.149909,-0.070857,0.036851,0.330304,0,0,0,0,1
0.131002,-0.113324,-0.147644,-0.073121,0.033617,0.319625,0,0,0,0,1
0.131004,-0.111706,-0.145379,-0.075062,0.030383,0.308945,0,0,0,0,1
0.131006,-0.110088,-0.141819,-0.077326,0.027473,0.297942,0,0,0,0,1
0.131008,-0.1075,-0.138583,-0.07959,0.024239,0.28694,0,0,0,0,1
0.13101,-0.105559,-0.135671,-0.081531,0.021328,0.274966,0,0,0,0,1
0.131012,-0.103617,-0.133082,-0.082825,0.018094,0.263316,0,0,0,0,1
0.131014,-0.101352,-0.130817,-0.084442,0.015507,0.252313,0,0,0,0,1
0.131016,-0.099411,-0.129523,-0.086383,0.01292,0.240986,0,0,0,0,1
0.131018,-0.09747,-0.127905,-0.087353,0.009686,0.230954,0,0,0,0,1
0.13102,-0.096176,-0.126611,-0.08897,0.006129,0.221246,0,0,0,0,1
0.131022,-0.093587,-0.123375,-0.090264,0.002895,0.211538,0,0,0,0,1
0.131024,-0.091323,-0.120786,-0.091235,-0.000986,0.201505,0,0,0,0,1
0.131026,-0.087764,-0.117874,-0.092528,-0.00519,0.190503,0,0,0,0,1
0.131028,-0.083558,-0.114961,-0.092852,-0.009394,0.179823,0,0,0,0,1
0.13103,-0.079675,-0.113667,-0.092205,-0.013598,0.168497,0,0,0,0,1
0.131032,-0.076116,-0.112696,-0.091558,-0.017155,0.158141,0,0,0,0,1
0.1310339999999999,-0.072881,-0.113991,-0.090911,-0.020066,0.148756,0,0,0,0,1
0.1310359999999999,-0.070616,-0.115932,-0.089941,-0.022329,0.14099,0,0,0,0,1
0.131038,-0.068998,-0.117874,-0.088647,-0.023946,0.134194,0,0,0,0,1
0.13104,-0.067704,-0.119815,-0.087677,-0.024593,0.129016,0,0,0,0,1
0.131042,-0.065439,-0.119815,-0.086059,-0.024593,0.123514,0,0,0,0,1
0.131044,-0.063821,-0.118197,-0.084442,-0.024593,0.117689,0,0,0,0,1
0.131046,-0.060909,-0.115285,-0.082825,-0.024593,0.110894,0,0,0,0,1
0.131048,-0.057998,-0.112373,-0.081531,-0.02524,0.102803,0,0,0,0,1
0.13105,-0.054115,-0.109784,-0.07959,-0.025563,0.094713,0,0,0,0,0
0.131052,-0.050556,-0.108813,-0.077973,-0.02621,0.086623,0,0,0,0,0
0.131054,-0.046997,-0.107843,-0.076355,-0.02718,0.079503,0,0,0,0,0
0.131056,-0.043115,-0.107519,-0.074415,-0.026857,0.072707,0,0,0,0,0
0.131058,-0.040526,-0.106548,-0.072797,-0.027504,0.067529,0,0,0,0,0
0.13106,-0.037614,-0.106225,-0.070857,-0.027504,0.062028,0,0,0,0,0
0.131062,-0.035026,-0.10493,-0.068592,-0.027827,0.057497,0,0,0,0,0
0.131064,-0.031791,-0.101371,-0.066975,-0.02815,0.052967,0,0,0,0,0
0.131066,-0.028879,-0.098135,-0.064711,-0.028474,0.047789,0,0,0,0,0
0.131068,-0.02532,-0.095223,-0.063094,-0.029444,0.042611,0,0,0,0,0
0.13107,-0.021761,-0.092634,-0.061153,-0.031061,0.038404,0,0,0,0,0
0.131072,-0.018525,-0.089398,-0.058565,-0.032354,0.033873,0,0,0,0,0
0.131074,-0.014966,-0.087457,-0.057271,-0.033648,0.030637,0,0,0,0,0
0.131076,-0.011731,-0.085192,-0.054684,-0.034942,0.027725,0,0,0,0,0
0.131078,-0.009142,-0.08325,-0.052419,-0.036559,0.025459,0,0,0,0,0
0.13108,-0.006878,-0.079691,-0.049832,-0.037529,0.024165,0,0,0,0,0
0.131082,-0.003319,-0.075484,-0.047567,-0.038175,0.022223,0,0,0,0,0
0.131084,-8.3218e-05,-0.071277,-0.045303,-0.039146,0.020929,0,0,0,0,0
0.131086,0.003476,-0.065776,-0.043362,-0.040116,0.019311,0,0,0,0,0
0.131088,0.007682,-0.060599,-0.042716,-0.041409,0.017045,0,0,0,0,0
0.1310899999999999,0.012535,-0.055422,-0.041098,-0.042056,0.014133,0,0,0,0,0
0.131092,0.017712,-0.051539,-0.040128,-0.043026,0.010573,0,0,0,0,0
0.131094,0.021594,-0.049597,-0.039804,-0.04238,0.007661,0,0,0,0,0
0.131096,0.025477,-0.048626,-0.038511,-0.041409,0.005072,0,0,0,0,0
0.131098,0.028065,-0.049921,-0.03754,-0.039469,0.003777,0,0,0,0,0
0.1311,0.030006,-0.051215,-0.036246,-0.037205,0.003454,0,0,0,0,0
0.131102,0.030977,-0.051539,-0.035276,-0.034618,0.003777,0,0,0,0,0
0.131104,0.032271,-0.050891,-0.033982,-0.032354,0.004425,0,0,0,0,0
0.131106,0.034536,-0.047979,-0.033659,-0.030738,0.003777,0,0,0,0,0
0.131108,0.038095,-0.044743,-0.033012,-0.029444,0.001836,0,0,0,0,0
0.13111,0.042301,-0.041507,-0.033012,-0.028797,-0.000753,0,0,0,0,0
0.131112,0.046831,-0.038919,-0.032688,-0.029121,-0.004313,0,0,0,0,0
0.131114,0.05039,-0.036977,-0.032365,-0.027827,-0.007549,0,0,0,0,0
0.131116,0.054596,-0.037948,-0.032041,-0.026857,-0.010462,0,0,0,0,0
0.131118,0.057184,-0.037948,-0.032365,-0.024916,-0.012403,0,0,0,0,0
0.13112,0.058802,-0.038272,-0.032041,-0.022976,-0.013374,0,0,0,0,0
0.131122,0.060096,-0.037624,-0.032041,-0.020389,-0.013698,0,0,0,0,0
0.131124,0.061714,-0.036006,-0.032365,-0.017802,-0.014021,0,0,0,0,0
0.131126,0.062684,-0.035359,-0.032365,-0.014891,-0.014021,0,0,0,0,0
0.131128,0.063655,-0.033418,-0.032041,-0.012951,-0.014669,0,0,0,0,0
0.13113,0.065596,-0.031153,-0.031718,-0.011011,-0.015316,0,0,0,0,0
0.131132,0.067214,-0.028564,-0.030424,-0.009394,-0.015963,0,0,0,0,0
0.131134,0.068832,-0.025328,-0.029454,-0.008424,-0.017581,0,0,0,0,0
0.131136,0.070773,-0.021445,-0.02816,-0.0081,-0.018552,0,0,0,0,0
0.131138,0.071744,-0.017562,-0.026866,-0.0081,-0.019523,0,0,0,0,0
0.13114,0.073361,-0.012061,-0.025249,-0.008424,-0.021465,0,0,0,0,0
0.131142,0.074655,-0.007854,-0.023955,-0.009394,-0.023083,0,0,0,0,0
0.1311439999999999,0.077244,-0.001383,-0.022985,-0.011334,-0.025348,0,0,0,0,0
0.1311459999999999,0.079509,0.003471,-0.021691,-0.013274,-0.02826,0,0,0,0,0
0.131148,0.082421,0.006707,-0.02072,-0.016508,-0.031173,0,0,0,0,0
0.13115,0.084685,0.009619,-0.019103,-0.018772,-0.034086,0,0,0,0,0
0.131152,0.085979,0.011561,-0.017809,-0.021036,-0.036027,0,0,0,0,0
0.131154,0.086303,0.012855,-0.016192,-0.022653,-0.037969,0,0,0,0,0
0.131156,0.085979,0.013826,-0.014251,-0.023946,-0.038293,0,0,0,0,0
0.131158,0.085332,0.013179,-0.013281,-0.02427,-0.03894,0,0,0,0,0
0.13116,0.084038,0.013826,-0.011987,-0.024593,-0.03894,0,0,0,0,0
0.131162,0.082744,0.016414,-0.010693,-0.024916,-0.040234,0,0,0,0,0
0.131164,0.082421,0.018032,-0.010046,-0.02524,-0.041205,0,0,0,0,0
0.131166,0.082421,0.020945,-0.010046,-0.025887,-0.04347,0,0,0,0,0
0.131168,0.083715,0.024828,-0.009723,-0.026533,-0.045736,0,0,0,0,0
0.13117,0.085332,0.027416,-0.01037,-0.027504,-0.048325,0,0,0,0,0
0.131172,0.086627,0.029034,-0.011016,-0.027504,-0.051561,0,0,0,0,0
0.131174,0.088244,0.028387,-0.01231,-0.027827,-0.05415,0,0,0,0,0
0.131176,0.088891,0.02774,-0.013281,-0.027504,-0.055768,0,0,0,0,0
0.131178,0.088891,0.026446,-0.014898,-0.026533,-0.056738,0,0,0,0,0
0.13118,0.087597,0.023857,-0.016515,-0.02524,-0.056415,0,0,0,0,0
0.131182,0.086627,0.022563,-0.018133,-0.023946,-0.054797,0,0,0,0,0
0.131184,0.085979,0.02321,-0.020073,-0.022329,-0.054473,0,0,0,0,0
0.131186,0.085332,0.024828,-0.021367,-0.021036,-0.05512,0,0,0,0,0
0.131188,0.085656,0.027093,-0.022014,-0.020066,-0.057062,0,0,0,0,0
0.13119,0.08695,0.029034,-0.022985,-0.019419,-0.059975,0,0,0,0,0
0.131192,0.088568,0.030652,-0.023308,-0.019095,-0.062887,0,0,0,0,0
0.131194,0.090186,0.030652,-0.022985,-0.019095,-0.066771,0,0,0,0,0
0.131196,0.091156,0.029034,-0.022661,-0.019419,-0.070007,0,0,0,0,0
0.131198,0.092127,0.026769,-0.022338,-0.019095,-0.070978,0,0,0,0,0
0.1311999999999999,0.091803,0.025475,-0.022014,-0.018772,-0.071948,0,0,0,0,0
0.1312019999999999,0.091156,0.024504,-0.021367,-0.017802,-0.071948,0,0,0,0,0
0.131204,0.089862,0.025151,-0.020397,-0.016508,-0.072272,0,0,0,0,0
0.131206,0.089215,0.026769,-0.019103,-0.015215,-0.073243,0,0,0,0,0
0.131208,0.088891,0.029358,-0.017486,-0.013598,-0.074537,0,0,0,0,0
0.13121,0.088891,0.030329,-0.015545,-0.012628,-0.076803,0,0,0,0,0
0.131212,0.088568,0.031623,-0.013604,-0.011981,-0.078744,0,0,0,0,0
0.131214,0.088568,0.033241,-0.011016,-0.010687,-0.080362,0,0,0,0,0
0.131216,0.088244,0.032917,-0.009399,-0.010364,-0.082304,0,0,0,0,0
0.131218,0.087274,0.033241,-0.007458,-0.00907,-0.083275,0,0,0,0,0
0.13122,0.08695,0.033241,-0.005194,-0.007777,-0.083922,0,0,0,0,0
0.131222,0.085656,0.032594,-0.0039,-0.00616,-0.083922,0,0,0,0,0
0.131224,0.084685,0.032917,-0.002283,-0.004543,-0.084246,0,0,0,0,0
0.131226,0.083715,0.032917,-0.001313,-0.003573,-0.084893,0,0,0,0,0
0.131228,0.083715,0.033888,-1.8859e-05,-0.003249,-0.08554,0,0,0,0,0
0.13123,0.083391,0.033565,-0.000342,-0.002603,-0.086511,0,0,0,0,0
0.131232,0.083715,0.032917,0.000305,-0.002279,-0.087805,0,0,0,0,0
0.131234,0.084038,0.030652,-0.000666,-0.002603,-0.089424,0,0,0,0,0
0.131236,0.084038,0.028064,-0.000989,-0.003249,-0.089747,0,0,0,0,0
0.131238,0.082421,0.024504,-0.001313,-0.002926,-0.088776,0,0,0,0,0
0.13124,0.081126,0.021268,-0.001636,-0.002279,-0.088453,0,0,0,0,0
0.131242,0.078862,0.019327,-0.001636,-0.000986,-0.086511,0,0,0,0,0
0.131244,0.076273,0.017709,-0.001636,0.000631,-0.084893,0,0,0,0,0
0.131246,0.074008,0.017385,-0.001636,0.001925,-0.082628,0,0,0,0,0
0.131248,0.072067,0.017709,-0.00196,0.002895,-0.08101,0,0,0,0,0
0.13125,0.070773,0.019327,-0.002283,0.003542,-0.080039,0,0,0,0,0
0.131252,0.071096,0.020621,-0.002283,0.003865,-0.079391,0,0,0,0,0
0.131254,0.069479,0.020945,-0.002283,0.003865,-0.078097,0,0,0,0,0
0.1312559999999999,0.069479,0.021592,-0.002607,0.003542,-0.077126,0,0,0,0,0
0.1312579999999999,0.068185,0.021592,-0.00196,0.004189,-0.074861,0,0,0,0,0
0.13126,0.06592,0.020945,-0.000989,0.004512,-0.072272,0,0,0,0,0
0.131262,0.063331,0.020621,-0.000666,0.005482,-0.069036,0,0,0,0,0
0.131264,0.060743,0.021268,-0.000342,0.006452,-0.065476,0,0,0,0,0
0.131266,0.057831,0.022886,-0.000342,0.007746,-0.062564,0,0,0,0,0
0.131268,0.055566,0.025475,-0.000342,0.008393,-0.059975,0,0,0,0,0
0.13127,0.053302,0.026769,-1.8859e-05,0.008716,-0.058033,0,0,0,0,0
0.131272,0.052331,0.029034,0.000305,0.009363,-0.057709,0,0,0,0,0
0.131274,0.051037,0.029681,0.000952,0.009686,-0.057386,0,0,0,0,0
0.131276,0.049743,0.029358,0.001598,0.010656,-0.056738,0,0,0,0,0
0.131278,0.048125,0.02774,0.002892,0.01098,-0.054797,0,0,0,0,0
0.13128,0.046184,0.026769,0.003863,0.012273,-0.053502,0,0,0,0,0
0.131282,0.043595,0.025798,0.005157,0.013244,-0.051237,0,0,0,0,0
0.131284,0.041007,0.025151,0.005803,0.014537,-0.049619,0,0,0,0,0
0.131286,0.039389,0.025151,0.007097,0.015507,-0.048001,0,0,0,0,0
0.131288,0.038419,0.026769,0.008391,0.015507,-0.046706,0,0,0,0,0
0.13129,0.037771,0.02774,0.009685,0.015831,-0.045736,0,0,0,0,0
0.131292,0.037124,0.027416,0.011302,0.015831,-0.044441,0,0,0,0,0
0.131294,0.036801,0.026769,0.012596,0.015831,-0.04347,0,0,0,0,0
0.131296,0.03583,0.024828,0.01389,0.015831,-0.042499,0,0,0,0,0
0.131298,0.033889,0.022886,0.015507,0.016477,-0.040558,0,0,0,0,0
0.1313,0.031948,0.022563,0.016154,0.016154,-0.038293,0,0,0,0,0
0.131302,0.03033,0.022886,0.016478,0.016477,-0.036351,0,0,0,0,0
0.131304,0.028712,0.025151,0.016478,0.016477,-0.03538,0,0,0,0,0
0.131306,0.028389,0.027416,0.015831,0.016477,-0.034733,0,0,0,0,0
0.131308,0.028065,0.030652,0.015507,0.016477,-0.034733,0,0,0,0,0
0.13131,0.028712,0.035182,0.01486,0.015831,-0.036027,0,0,0,0,0
0.1313119999999999,0.030006,0.039065,0.014213,0.015184,-0.036998,0,0,0,0,0
0.131314,0.030653,0.041654,0.013243,0.014537,-0.038293,0,0,0,0,0
0.131316,0.031301,0.043919,0.012273,0.013244,-0.039587,0,0,0,0,0
0.131318,0.031624,0.043919,0.011302,0.012273,-0.039263,0,0,0,0,0
0.13132,0.030977,0.043919,0.010332,0.011627,-0.037969,0,0,0,0,0
0.131322,0.029359,0.042949,0.009038,0.011303,-0.036027,0,0,0,0,0
0.131324,0.026771,0.041654,0.008391,0.01098,-0.033115,0,0,0,0,0
0.131326,0.024183,0.041978,0.006127,0.01098,-0.029555,0,0,0,0,0
0.131328,0.022241,0.043272,0.004186,0.010656,-0.026966,0,0,0,0,0
0.13133,0.020624,0.045537,0.002569,0.01001,-0.024377,0,0,0,0,0
0.131332,0.019653,0.047802,0.000305,0.009363,-0.023406,0,0,0,0,0
0.131334,0.019329,0.049097,-0.001313,0.008069,-0.023083,0,0,0,0,0
0.131336,0.018682,0.049744,-0.002607,0.006452,-0.022759,0,0,0,0,0
0.131338,0.017712,0.048773,-0.0039,0.005159,-0.022112,0,0,0,0,0
0.13134,0.016094,0.047479,-0.004871,0.004189,-0.021141,0,0,0,0,0
0.131342,0.013829,0.046184,-0.006488,0.003542,-0.018552,0,0,0,0,0
0.131344,0.010917,0.046184,-0.007782,0.002895,-0.01661,0,0,0,0,0
0.131346,0.007682,0.047155,-0.008752,0.002572,-0.014669,0,0,0,0,0
0.131348,0.005093,0.048449,-0.009399,0.001925,-0.013374,0,0,0,0,0
0.13135,0.002505,0.049097,-0.009399,0.000955,-0.013374,0,0,0,0,0
0.131352,0.000887,0.050391,-0.008752,0.000631,-0.013374,0,0,0,0,0
0.131354,-0.001054,0.049744,-0.008105,-0.000339,-0.013698,0,0,0,0,0
0.131356,-0.002348,0.046832,-0.007135,-0.001309,-0.013374,0,0,0,0,0
0.131358,-0.003966,0.043596,-0.007135,-0.002279,-0.012403,0,0,0,0,0
0.13136,-0.005907,0.041331,-0.006488,-0.003573,-0.011109,0,0,0,0,0
0.131362,-0.007848,0.039713,-0.006165,-0.004543,-0.009491,0,0,0,0,0
0.131364,-0.009466,0.038095,-0.006488,-0.005836,-0.007549,0,0,0,0,0
0.1313659999999999,-0.011084,0.038418,-0.006488,-0.006483,-0.006578,0,0,0,0,0
0.1313679999999999,-0.012378,0.041007,-0.006488,-0.007777,-0.006255,0,0,0,0,0
0.13137,-0.013025,0.042301,-0.006165,-0.008747,-0.006255,0,0,0,0,0
0.131372,-0.013349,0.043919,-0.006488,-0.009717,-0.006902,0,0,0,0,0
0.131374,-0.013996,0.04489,-0.006488,-0.011011,-0.006902,0,0,0,0,0
0.131376,-0.013996,0.043919,-0.006165,-0.012628,-0.007226,0,0,0,0,0
0.131378,-0.014966,0.042949,-0.005518,-0.013598,-0.007226,0,0,0,0,0
0.13138,-0.016584,0.041654,-0.004547,-0.014891,-0.006255,0,0,0,0,0
0.131382,-0.018202,0.04036,-0.00293,-0.016185,-0.003989,0,0,0,0,0
0.131384,-0.020466,0.039713,-0.000989,-0.016832,-0.002371,0,0,0,0,0
0.131386,-0.023055,0.039065,-1.8859e-05,-0.017479,-0.00043,0,0,0,0,0
0.131388,-0.024673,0.038742,0.001598,-0.018125,0.001188,0,0,0,0,0
0.13139,-0.025967,0.039389,0.003216,-0.018772,0.001836,0,0,0,0,0
0.131392,-0.02629,0.039389,0.004833,-0.019742,0.002483,0,0,0,0,0
0.131394,-0.02629,0.039065,0.006127,-0.020066,0.001188,0,0,0,0,0
0.131396,-0.025967,0.036153,0.007421,-0.021359,0.000541,0,0,0,0,0
0.131398,-0.025643,0.031947,0.009361,-0.022329,-0.000106,0,0,0,0,0
0.1314,-0.025643,0.026446,0.010979,-0.022653,-0.001077,0,0,0,0,0
0.131402,-0.02532,0.019327,0.01292,-0.022976,-0.00043,0,0,0,0,0
0.131404,-0.025643,0.012855,0.01486,-0.022653,0.000541,0,0,0,0,0
0.131406,-0.025967,0.007354,0.016154,-0.022653,0.001836,0,0,0,0,0
0.131408,-0.025643,0.004765,0.017771,-0.022653,0.002806,0,0,0,0,0
0.13141,-0.024673,0.003471,0.019065,-0.022653,0.003777,0,0,0,0,0
0.131412,-0.022731,0.002177,0.020036,-0.022653,0.003454,0,0,0,0,0
0.131414,-0.02079,0.000882,0.02133,-0.022653,0.002483,0,0,0,0,0
0.131416,-0.018202,-0.000736,0.0223,-0.022329,0.001512,0,0,0,0,0
0.131418,-0.01626,-0.004295,0.02327,-0.021359,0.001188,0,0,0,0,0
0.13142,-0.014319,-0.007854,0.023594,-0.019742,0.001512,0,0,0,0,0
0.1314219999999999,-0.012701,-0.01109,0.023917,-0.017155,0.002806,0,0,0,0,0
0.1314239999999999,-0.011731,-0.012385,0.024564,-0.014891,0.003777,0,0,0,0,0
0.131426,-0.010113,-0.012385,0.024888,-0.012628,0.004101,0,0,0,0,0
0.131428,-0.008172,-0.012061,0.025534,-0.010687,0.003777,0,0,0,0,0
0.13143,-0.006231,-0.011414,0.025211,-0.009717,0.002159,0,0,0,0,0
0.131432,-0.003642,-0.01109,0.025211,-0.008424,-0.00043,0,0,0,0,0
0.131434,-0.001054,-0.013032,0.025534,-0.007453,-0.002048,0,0,0,0,0
0.131436,0.000564,-0.015944,0.025858,-0.00616,-0.003989,0,0,0,0,0
0.131438,0.001858,-0.01918,0.025534,-0.004543,-0.004313,0,0,0,0,0
0.13144,0.001858,-0.022092,0.025211,-0.002603,-0.003666,0,0,0,0,0
0.131442,0.001535,-0.02371,0.025211,-1.5452e-05,-0.003019,0,0,0,0,0
0.131444,0.000564,-0.025652,0.024564,0.002572,-0.002048,0,0,0,0,0
0.131446,0.00024,-0.025975,0.024564,0.005806,-0.001401,0,0,0,0,0
0.131448,-0.00073,-0.025328,0.023917,0.009039,-0.001724,0,0,0,0,0
0.13145,-0.000407,-0.024357,0.023594,0.011627,-0.003019,0,0,0,0,0
0.131452,-0.00073,-0.023387,0.022947,0.014214,-0.00496,0,0,0,0,0
0.131454,-0.000407,-0.020798,0.022623,0.017448,-0.006578,0,0,0,0,0
0.131456,-0.000407,-0.016591,0.022623,0.019388,-0.008844,0,0,0,0,0
0.131458,-8.3218e-05,-0.01465,0.021976,0.021652,-0.010138,0,0,0,0,0
0.13146,-8.3218e-05,-0.013355,0.0223,0.023915,-0.010462,0,0,0,0,0
0.131462,-0.00073,-0.012385,0.021976,0.026179,-0.009814,0,0,0,0,0
0.131464,-0.001377,-0.011414,0.021006,0.028766,-0.008196,0,0,0,0,0
0.131466,-0.002995,-0.011414,0.019712,0.03103,-0.005931,0,0,0,0,0
0.131468,-0.003966,-0.009796,0.018095,0.03297,-0.003666,0,0,0,0,0
0.13147,-0.004936,-0.007207,0.017448,0.034264,-0.001724,0,0,0,0,0
0.131472,-0.004613,-0.004295,0.016154,0.034264,-0.00043,0,0,0,0,0
0.131474,-0.004289,-0.001383,0.01486,0.034264,-0.000106,0,0,0,0,0
0.131476,-0.003642,0.001206,0.01486,0.034264,0.000541,0,0,0,0,0
0.1314779999999999,-0.002995,0.004442,0.014537,0.03394,0.001836,0,0,0,0,0
0.1314799999999999,-0.002024,0.005736,0.014537,0.033294,0.002483,0,0,0,0,0
0.131482,-0.002024,0.00703,0.014213,0.032647,0.004748,0,0,0,0,0
0.131484,-0.001701,0.008648,0.014537,0.031677,0.007661,0,0,0,0,0
0.131486,-0.001377,0.010266,0.014537,0.03103,0.010573,0,0,0,0,0
0.131488,-0.001377,0.011561,0.014213,0.029736,0.012839,0,0,0,0,0
0.13149,-0.00073,0.013502,0.014537,0.028766,0.01478,0,0,0,0,0
0.131492,-8.3218e-05,0.016091,0.014537,0.027473,0.016075,0,0,0,0,0
0.131494,0.000564,0.018032,0.015507,0.026179,0.017045,0,0,0,0,0
0.131496,0.001535,0.018356,0.016154,0.024562,0.017369,0,0,0,0,0
0.131498,0.001858,0.01868,0.017448,0.023592,0.018016,0,0,0,0,0
0.1315,0.001535,0.018356,0.019389,0.022298,0.018664,0,0,0,0,0
0.131502,0.001211,0.017062,0.02133,0.021328,0.019958,0,0,0,0,0
0.131504,0.00024,0.016738,0.022947,0.020035,0.0219,0,0,0,0,0
0.131506,-0.00073,0.015767,0.024241,0.019711,0.023194,0,0,0,0,0
0.131508,-0.002024,0.015767,0.026181,0.018741,0.024812,0,0,0,0,0
0.13151,-0.002024,0.016091,0.027799,0.017771,0.025783,0,0,0,0,0
0.131512,-0.001377,0.017385,0.029739,0.016154,0.02643,0,0,0,0,0
0.131514,-8.3218e-05,0.018356,0.031033,0.01486,0.02643,0,0,0,0,0
0.131516,0.000887,0.019003,0.032327,0.01292,0.025783,0,0,0,0,0
0.131518,0.002182,0.01965,0.033298,0.010656,0.026107,0,0,0,0,0
0.13152,0.003799,0.020297,0.034591,0.008393,0.02643,0,0,0,0,0
0.131522,0.004123,0.019974,0.035562,0.006452,0.027078,0,0,0,0,0
0.131524,0.005093,0.01965,0.036856,0.004835,0.028048,0,0,0,0,0
0.131526,0.005093,0.021268,0.037826,0.003218,0.029019,0,0,0,0,0
0.131528,0.00477,0.022563,0.039767,0.002248,0.02999,0,0,0,0,0
0.13153,0.005093,0.024504,0.040737,0.000955,0.030961,0,0,0,0,0
0.131532,0.005093,0.026122,0.042354,-0.000339,0.031608,0,0,0,0,0
0.1315339999999999,0.005741,0.028064,0.043972,-0.002279,0.031608,0,0,0,0,0
0.131536,0.005741,0.029358,0.044942,-0.003896,0.030637,0,0,0,0,0
0.131538,0.006388,0.030005,0.045912,-0.005836,0.029666,0,0,0,0,0
0.13154,0.006711,0.029358,0.04753,-0.00713,0.028696,0,0,0,0,0
0.131542,0.005417,0.029034,0.0485,-0.008747,0.028048,0,0,0,0,0
0.131544,0.004446,0.02774,0.049794,-0.009394,0.027401,0,0,0,0,0
0.131546,0.002182,0.02774,0.050764,-0.009717,0.026754,0,0,0,0,0
0.131548,-0.000407,0.027416,0.051735,-0.010041,0.026107,0,0,0,0,0
0.13155,-0.002024,0.028064,0.053029,-0.011011,0.025136,0,0,0,0,0
0.131552,-0.003642,0.029358,0.053029,-0.010687,0.022871,0,0,0,0,0
0.131554,-0.004613,0.029681,0.053029,-0.010687,0.020282,0,0,0,0,0
0.131556,-0.005583,0.029358,0.052705,-0.010687,0.017369,0,0,0,0,0
0.131558,-0.006231,0.028711,0.052058,-0.010041,0.01478,0,0,0,0,0
0.13156,-0.008495,0.025151,0.051411,-0.00907,0.012839,0,0,0,0,0
0.131562,-0.010437,0.021915,0.051411,-0.007777,0.011544,0,0,0,0,0
0.131564,-0.012701,0.01868,0.050764,-0.006483,0.011868,0,0,0,0,0
0.131566,-0.014966,0.018032,0.049471,-0.00519,0.011868,0,0,0,0,0
0.131568,-0.01529,0.018356,0.0485,-0.003896,0.011868,0,0,0,0,0
0.13157,-0.015937,0.01868,0.046883,-0.003249,0.011544,0,0,0,0,0
0.131572,-0.014966,0.019974,0.044942,-0.002926,0.009602,0,0,0,0,0
0.131574,-0.013672,0.020297,0.043001,-0.003249,0.007661,0,0,0,0,0
0.131576,-0.012701,0.019003,0.040737,-0.003573,0.006043,0,0,0,0,0
0.131578,-0.011731,0.017385,0.038473,-0.003896,0.004748,0,0,0,0,0
0.13158,-0.012054,0.014797,0.036209,-0.003573,0.004101,0,0,0,0,0
0.131582,-0.012378,0.011884,0.034268,-0.003249,0.003777,0,0,0,0,0
0.131584,-0.013349,0.007678,0.032651,-0.002279,0.005072,0,0,0,0,0
0.131586,-0.014319,0.004442,0.03071,-0.001309,0.006366,0,0,0,0,0
0.1315879999999999,-0.014643,0.003147,0.028446,-0.000662,0.007661,0,0,0,0,0
0.1315899999999999,-0.014319,0.002177,0.025858,-1.5452e-05,0.008308,0,0,0,0,0
0.131592,-0.013025,0.001206,0.024241,-1.5452e-05,0.008632,0,0,0,0,0
0.131594,-0.011084,0.001206,0.02327,-1.5452e-05,0.008308,0,0,0,0,0
0.131596,-0.008172,0.000882,0.02133,-0.001309,0.007661,0,0,0,0,0
0.131598,-0.005583,0.000235,0.020683,-0.001956,0.00669,0,0,0,0,0
0.1316,-0.003319,-0.001059,0.020683,-0.002279,0.006043,0,0,0,0,0
0.131602,-0.002024,-0.003001,0.020036,-0.002603,0.00669,0,0,0,0,0
0.131604,-0.001054,-0.004942,0.019712,-0.002926,0.008308,0,0,0,0,0
0.131606,-0.00073,-0.00656,0.019065,-0.002926,0.010573,0,0,0,0,0
0.131608,-8.3218e-05,-0.007207,0.018418,-0.003573,0.013486,0,0,0,0,0
0.13161,0.000564,-0.00656,0.016801,-0.003896,0.016075,0,0,0,0,0
0.131612,0.001535,-0.004619,0.015507,-0.004543,0.017369,0,0,0,0,0
0.131614,0.003476,-0.002354,0.013566,-0.005836,0.01834,0,0,0,0,0
0.131616,0.005417,-0.000412,0.012596,-0.00713,0.017693,0,0,0,0,0
0.131618,0.007035,0.000882,0.010979,-0.0081,0.017693,0,0,0,0,0
0.13162,0.008329,0.00153,0.010008,-0.00907,0.017369,0,0,0,0,0
0.131622,0.008329,-8.8422e-05,0.009038,-0.00907,0.018016,0,0,0,0,0
0.131624,0.008005,-0.001383,0.007421,-0.009394,0.018987,0,0,0,0,0
0.131626,0.006711,-0.003324,0.005803,-0.008747,0.020282,0,0,0,0,0
0.131628,0.005093,-0.004619,0.003863,-0.008424,0.021252,0,0,0,0,0
0.13163,0.003799,-0.004295,0.001922,-0.007453,0.022223,0,0,0,0,0
0.131632,0.002182,-0.003324,0.000952,-0.00713,0.021252,0,0,0,0,0
0.131634,0.001211,-0.001706,-0.000342,-0.005836,0.019634,0,0,0,0,0
0.131636,0.001211,-0.000412,-0.000666,-0.00616,0.017369,0,0,0,0,0
0.131638,0.000887,0.000559,-0.000989,-0.005836,0.015104,0,0,0,0,0
0.13164,0.000887,-0.000736,-0.001313,-0.006483,0.012515,0,0,0,0,0
0.131642,0.000564,-0.002354,-0.001636,-0.007453,0.010573,0,0,0,0,0
0.1316439999999999,-0.000407,-0.003648,-0.001636,-0.0081,0.009602,0,0,0,0,0
0.1316459999999999,-0.001701,-0.004942,-0.001636,-0.008747,0.009279,0,0,0,0,0
0.131648,-0.002672,-0.007207,-0.000989,-0.010041,0.009602,0,0,0,0,0
0.13165,-0.003319,-0.005913,-0.000666,-0.011011,0.009602,0,0,0,0,0
0.131652,-0.003642,-0.004295,-1.8859e-05,-0.011981,0.009926,0,0,0,0,0
0.131654,-0.003319,-0.003001,0.000305,-0.012304,0.008955,0,0,0,0,0
0.131656,-0.002995,-0.001059,-1.8859e-05,-0.013274,0.008308,0,0,0,0,0
0.131658,-0.002024,0.000559,-0.000342,-0.013921,0.008308,0,0,0,0,0
0.13166,-0.00073,0.001853,-0.000666,-0.014245,0.008632,0,0,0,0,0
0.131662,-8.3218e-05,0.00153,-0.001313,-0.014245,0.009279,0,0,0,0,0
0.131664,-8.3218e-05,0.000882,-0.00196,-0.013921,0.010573,0,0,0,0,0
0.131666,-0.000407,0.000882,-0.002283,-0.013598,0.012191,0,0,0,0,0
0.131668,-0.000407,0.000882,-0.002607,-0.012951,0.014133,0,0,0,0,0
0.13167,-0.00073,0.001206,-0.003253,-0.012628,0.015751,0,0,0,0,0
0.131672,-8.3218e-05,0.002824,-0.002607,-0.012304,0.016398,0,0,0,0,0
0.131674,0.001211,0.005413,-0.002607,-0.012304,0.017045,0,0,0,0,0
0.131676,0.002829,0.007678,-0.00196,-0.012304,0.016398,0,0,0,0,0
0.131678,0.005093,0.009296,-0.000989,-0.013274,0.015751,0,0,0,0,0
0.13168,0.007358,0.010914,0.000305,-0.013921,0.01478,0,0,0,0,0
0.131682,0.0093,0.011561,0.001598,-0.014891,0.013809,0,0,0,0,0
0.131684,0.010594,0.01059,0.003216,-0.014891,0.014133,0,0,0,0,0
0.131686,0.010917,0.010266,0.005157,-0.014891,0.015104,0,0,0,0,0
0.131688,0.010594,0.010914,0.006774,-0.014891,0.016075,0,0,0,0,0
0.13169,0.010594,0.012531,0.008391,-0.014891,0.017045,0,0,0,0,0
0.131692,0.010917,0.016091,0.010008,-0.015538,0.018016,0,0,0,0,0
0.131694,0.011888,0.019003,0.011626,-0.016508,0.017693,0,0,0,0,0
0.131696,0.012859,0.021915,0.01292,-0.017155,0.016722,0,0,0,0,0
0.131698,0.014153,0.02321,0.01389,-0.019419,0.015427,0,0,0,0,0
0.1316999999999999,0.015447,0.022886,0.01486,-0.021036,0.015427,0,0,0,0,0
0.1317019999999999,0.015123,0.021268,0.015507,-0.021359,0.016075,0,0,0,0,0
0.131704,0.0148,0.019974,0.016478,-0.022006,0.017369,0,0,0,0,0
0.131706,0.013829,0.018032,0.017125,-0.021359,0.019311,0,0,0,0,0
0.131708,0.012535,0.016738,0.017771,-0.020712,0.021576,0,0,0,0,0
0.13171,0.011564,0.015444,0.017448,-0.020066,0.023841,0,0,0,0,0
0.131712,0.011888,0.015767,0.017448,-0.018772,0.025459,0,0,0,0,0
0.131714,0.011888,0.015444,0.016478,-0.018125,0.02643,0,0,0,0,0
0.131716,0.013182,0.014473,0.016154,-0.017802,0.02643,0,0,0,0,0
0.131718,0.0148,0.013502,0.015507,-0.018125,0.02643,0,0,0,0,0
0.13172,0.016741,0.011884,0.015184,-0.018125,0.02643,0,0,0,0,0
0.131722,0.017712,0.008648,0.015184,-0.018125,0.026107,0,0,0,0,0
0.131724,0.019006,0.005413,0.015184,-0.018449,0.026107,0,0,0,0,0
0.131726,0.019006,0.00153,0.015507,-0.018449,0.027078,0,0,0,0,0
0.131728,0.018359,-0.001059,0.015184,-0.018772,0.028048,0,0,0,0,0
0.13173,0.017712,-0.002677,0.01486,-0.019419,0.029343,0,0,0,0,0
0.131732,0.017712,-0.003324,0.014537,-0.020389,0.029343,0,0,0,0,0
0.131734,0.017388,-0.001383,0.01389,-0.022329,0.028696,0,0,0,0,0
0.131736,0.018359,0.000882,0.013243,-0.023946,0.027078,0,0,0,0,0
0.131738,0.019653,0.0025,0.012596,-0.026533,0.025136,0,0,0,0,0
0.13174,0.020624,0.003147,0.012273,-0.029121,0.023194,0,0,0,0,0
0.131742,0.021271,0.002177,0.012596,-0.031708,0.020929,0,0,0,0,0
0.131744,0.021594,0.001206,0.01292,-0.033971,0.019634,0,0,0,0,0
0.131746,0.020947,-0.001383,0.013566,-0.035588,0.019311,0,0,0,0,0
0.131748,0.019006,-0.003971,0.01389,-0.036882,0.019958,0,0,0,0,0
0.13175,0.017712,-0.005913,0.01389,-0.037852,0.020929,0,0,0,0,0
0.131752,0.016094,-0.006884,0.013243,-0.039146,0.022223,0,0,0,0,0
0.131754,0.01577,-0.005589,0.012596,-0.039792,0.022547,0,0,0,0,0
0.1317559999999999,0.015123,-0.004619,0.011302,-0.039792,0.0219,0,0,0,0,0
0.131758,0.01577,-0.002354,0.009361,-0.039792,0.020282,0,0,0,0,0
0.13176,0.01577,-0.000412,0.008068,-0.039792,0.018664,0,0,0,0,0
0.131762,0.016094,0.000559,0.005803,-0.039146,0.017693,0,0,0,0,0
0.131764,0.015447,-8.8422e-05,0.00451,-0.037529,0.016398,0,0,0,0,0
0.131766,0.015123,-0.001706,0.002569,-0.035588,0.016398,0,0,0,0,0
0.131768,0.013506,-0.002354,0.000952,-0.033325,0.015751,0,0,0,0,0
0.13177,0.011564,-0.002677,-0.000666,-0.030414,0.015427,0,0,0,0,0
0.131772,0.009947,-0.002354,-0.002283,-0.027504,0.014457,0,0,0,0,0
0.131774,0.0093,-0.00203,-0.0039,-0.024593,0.012515,0,0,0,0,0
0.131776,0.008652,-0.002677,-0.005194,-0.022329,0.009926,0,0,0,0,0
0.131778,0.008005,-0.003324,-0.006488,-0.019742,0.00669,0,0,0,0,0
0.13178,0.008005,-0.005589,-0.008105,-0.016832,0.003777,0,0,0,0,0
0.131782,0.007358,-0.008825,-0.009399,-0.013598,0.001512,0,0,0,0,0
0.131784,0.006711,-0.013032,-0.010046,-0.011011,0.000541,0,0,0,0,0
0.131786,0.005417,-0.018209,-0.011016,-0.008424,-0.00043,0,0,0,0,0
0.131788,0.004123,-0.022739,-0.011663,-0.005513,-0.000106,0,0,0,0,0
0.13179,0.002829,-0.026622,-0.01134,-0.002926,-0.00043,0,0,0,0,0
0.131792,0.001211,-0.028888,-0.011016,-1.5452e-05,0.000218,0,0,0,0,0
0.131794,0.00024,-0.0318,-0.010693,0.001925,-0.00043,0,0,0,0,0
0.131796,-0.00073,-0.033418,-0.009399,0.004512,-0.000753,0,0,0,0,0
0.131798,-0.001377,-0.033741,-0.009076,0.006452,-0.000753,0,0,0,0,0
0.1318,-0.001377,-0.033418,-0.007782,0.008393,-0.001401,0,0,0,0,0
0.131802,-0.001701,-0.034712,-0.006488,0.010333,-0.001724,0,0,0,0,0
0.131804,-0.002024,-0.036006,-0.005518,0.012273,-0.002048,0,0,0,0,0
0.131806,-0.002024,-0.037301,-0.004224,0.01486,-0.001724,0,0,0,0,0
0.131808,-0.002995,-0.039242,-0.002283,0.016477,-0.000753,0,0,0,0,0
0.1318099999999999,-0.003642,-0.041831,-0.000989,0.019065,-0.000106,0,0,0,0,0
0.1318119999999999,-0.004613,-0.042478,0.000305,0.021652,0.000865,0,0,0,0,0
0.131814,-0.004289,-0.041831,0.001922,0.023269,0.000865,0,0,0,0,0
0.131816,-0.003966,-0.042155,0.003216,0.024562,0.000218,0,0,0,0,0
0.131818,-0.002995,-0.042802,0.004186,0.024886,-0.001077,0,0,0,0,0
0.13182,-0.001377,-0.042802,0.005803,0.025532,-0.003019,0,0,0,0,0
0.131822,-8.3218e-05,-0.044096,0.007421,0.025856,-0.00496,0,0,0,0,0
0.131824,0.001211,-0.047332,0.009038,0.026503,-0.005607,0,0,0,0,0
0.131826,0.001535,-0.051215,0.010008,0.026826,-0.005931,0,0,0,0,0
0.131828,0.001211,-0.054127,0.010655,0.027796,-0.005931,0,0,0,0,0
0.13183,0.00024,-0.055422,0.011626,0.028766,-0.005284,0,0,0,0,0
0.131832,-0.000407,-0.055422,0.012596,0.029736,-0.00496,0,0,0,0,0
0.131834,-0.00073,-0.053804,0.013243,0.03006,-0.005607,0,0,0,0,0
0.131836,-0.001377,-0.050891,0.014213,0.03006,-0.006255,0,0,0,0,0
0.131838,-0.001054,-0.048626,0.014537,0.02909,-0.007873,0,0,0,0,0
0.13184,-0.001054,-0.047332,0.015184,0.028766,-0.010462,0,0,0,0,0
0.131842,-0.001054,-0.04539,0.015831,0.027796,-0.011433,0,0,0,0,0
0.131844,-0.001701,-0.044743,0.015831,0.027473,-0.012403,0,0,0,0,0
0.131846,-0.002995,-0.043125,0.016478,0.026503,-0.013051,0,0,0,0,0
0.131848,-0.004289,-0.041507,0.016801,0.026179,-0.013051,0,0,0,0,0
0.13185,-0.005907,-0.03989,0.017448,0.025856,-0.013051,0,0,0,0,0
0.131852,-0.007201,-0.036654,0.017771,0.025209,-0.013374,0,0,0,0,0
0.131854,-0.008172,-0.034065,0.018742,0.024886,-0.014021,0,0,0,0,0
0.131856,-0.008819,-0.030829,0.019389,0.023915,-0.015316,0,0,0,0,0
0.131858,-0.007848,-0.025652,0.020359,0.022945,-0.016934,0,0,0,0,0
0.13186,-0.006878,-0.020474,0.02133,0.021975,-0.019523,0,0,0,0,0
0.131862,-0.00526,-0.016915,0.021976,0.021328,-0.021788,0,0,0,0,0
0.131864,-0.003319,-0.014973,0.022947,0.021328,-0.024053,0,0,0,0,0
0.1318659999999999,-0.002995,-0.014326,0.023594,0.021975,-0.025024,0,0,0,0,0
0.1318679999999999,-0.003319,-0.014326,0.024241,0.022945,-0.025024,0,0,0,0,0
0.13187,-0.003966,-0.015621,0.024564,0.024239,-0.024053,0,0,0,0,0
0.131872,-0.004289,-0.015297,0.024564,0.025856,-0.022435,0,0,0,0,0
0.131874,-0.004936,-0.013032,0.023917,0.027796,-0.020494,0,0,0,0,0
0.131876,-0.00526,-0.009472,0.022947,0.028443,-0.019523,0,0,0,0,0
0.131878,-0.004936,-0.005913,0.021653,0.02909,-0.019199,0,0,0,0,0
0.13188,-0.003642,-0.002677,0.020683,0.02909,-0.019199,0,0,0,0,0
0.131882,-0.002995,-0.000736,0.020036,0.028443,-0.019523,0,0,0,0,0
0.131884,-0.002672,-0.000412,0.019065,0.027796,-0.019523,0,0,0,0,0
0.131886,-0.003319,-0.001383,0.018742,0.027473,-0.018552,0,0,0,0,0
0.131888,-0.004289,-0.001383,0.018418,0.027149,-0.016934,0,0,0,0,0
0.13189,-0.004936,-0.001059,0.018095,0.026179,-0.014021,0,0,0,0,0
0.131892,-0.006231,-0.000736,0.017448,0.025209,-0.011433,0,0,0,0,0
0.131894,-0.006554,0.000882,0.017448,0.023592,-0.008844,0,0,0,0,0
0.131896,-0.006878,0.001853,0.016478,0.022298,-0.006902,0,0,0,0,0
0.131898,-0.006878,0.003147,0.016154,0.020682,-0.005607,0,0,0,0,0
0.1319,-0.005907,0.003795,0.015507,0.018741,-0.004637,0,0,0,0,0
0.131902,-0.004613,0.004765,0.015184,0.016801,-0.003666,0,0,0,0,0
0.131904,-0.003966,0.004442,0.015184,0.015507,-0.002048,0,0,0,0,0
0.131906,-0.003319,0.003795,0.015507,0.01389,-0.000753,0,0,0,0,0
0.131908,-0.002995,0.002824,0.016478,0.01292,0.001512,0,0,0,0,0
0.13191,-0.003642,0.000882,0.016801,0.01195,0.004101,0,0,0,0,0
0.131912,-0.004936,-8.8422e-05,0.017771,0.01098,0.006366,0,0,0,0,0
0.131914,-0.005907,-0.001706,0.018418,0.010656,0.009279,0,0,0,0,0
0.131916,-0.007525,-0.001706,0.019065,0.009686,0.01122,0,0,0,0,0
0.131918,-0.008172,-0.001706,0.019389,0.008393,0.012515,0,0,0,0,0
0.13192,-0.008172,-0.000736,0.019712,0.007746,0.012839,0,0,0,0,0
0.1319219999999999,-0.008495,-8.8422e-05,0.019389,0.007099,0.013162,0,0,0,0,0
0.1319239999999999,-0.008495,-8.8422e-05,0.019712,0.006776,0.013162,0,0,0,0,0
0.131926,-0.008819,-0.001383,0.020036,0.006129,0.012191,0,0,0,0,0
0.131928,-0.009142,-0.002677,0.020036,0.006129,0.01122,0,0,0,0,0
0.13193,-0.00979,-0.005589,0.020036,0.006776,0.010573,0,0,0,0,0
0.131932,-0.010113,-0.008825,0.020036,0.006776,0.01025,0,0,0,0,0
0.131934,-0.011084,-0.011414,0.019712,0.007746,0.01025,0,0,0,0,0
0.131936,-0.011084,-0.013679,0.019389,0.008716,0.009602,0,0,0,0,0
0.131938,-0.011407,-0.013679,0.019065,0.009039,0.008308,0,0,0,0,0
0.13194,-0.010437,-0.01465,0.019065,0.009039,0.006366,0,0,0,0,0
0.131942,-0.00979,-0.015944,0.019065,0.009363,0.004748,0,0,0,0,0
0.131944,-0.008172,-0.015297,0.019065,0.009039,0.00313,0,0,0,0,0
0.131946,-0.007525,-0.015297,0.019065,0.008716,0.002159,0,0,0,0,0
0.131948,-0.006878,-0.015944,0.018742,0.009039,0.001836,0,0,0,0,0
0.13195,-0.006231,-0.014973,0.017771,0.009363,0.001512,0,0,0,0,0
0.131952,-0.005907,-0.012708,0.017771,0.009363,0.002159,0,0,0,0,0
0.131954,-0.005907,-0.009472,0.017448,0.009686,0.001512,0,0,0,0,0
0.131956,-0.004936,-0.006237,0.017125,0.009686,0.000541,0,0,0,0,0
0.131958,-0.004936,-0.001383,0.017125,0.009686,-0.001077,0,0,0,0,0
0.13196,-0.003966,0.003795,0.017448,0.009686,-0.003019,0,0,0,0,0
0.131962,-0.002672,0.00606,0.017125,0.008716,-0.004637,0,0,0,0,0
0.131964,-0.002672,0.008972,0.017125,0.008393,-0.005931,0,0,0,0,0
0.131966,-0.002995,0.01059,0.016478,0.007746,-0.006578,0,0,0,0,0
0.131968,-0.003642,0.012531,0.015831,0.007746,-0.006255,0,0,0,0,0
0.13197,-0.00526,0.012855,0.01486,0.008069,-0.004637,0,0,0,0,0
0.131972,-0.006554,0.014473,0.014213,0.008069,-0.003989,0,0,0,0,0
0.131974,-0.008819,0.017062,0.01292,0.008393,-0.003019,0,0,0,0,0
0.131976,-0.00979,0.019003,0.011949,0.008716,-0.002695,0,0,0,0,0
0.1319779999999999,-0.01076,0.019974,0.010332,0.008069,-0.003019,0,0,0,0,0
0.13198,-0.01076,0.021592,0.008391,0.007423,-0.003666,0,0,0,0,0
0.131982,-0.011084,0.022563,0.007421,0.006776,-0.004637,0,0,0,0,0
0.131984,-0.010437,0.022563,0.00645,0.005806,-0.006255,0,0,0,0,0
0.131986,-0.010437,0.021915,0.005803,0.004835,-0.007226,0,0,0,0,0
0.131988,-0.011084,0.019974,0.00548,0.004189,-0.007873,0,0,0,0,0
0.13199,-0.011731,0.018356,0.005157,0.003865,-0.00852,0,0,0,0,0
0.131992,-0.013349,0.016738,0.004833,0.003218,-0.00852,0,0,0,0,0
0.131994,-0.01529,0.016414,0.004833,0.003218,-0.006902,0,0,0,0,0
0.131996,-0.016908,0.017385,0.00451,0.002895,-0.006578,0,0,0,0,0
0.131998,-0.017555,0.020621,0.00451,0.002572,-0.006578,0,0,0,0,0
0.132,-0.018202,0.023533,0.003863,0.002248,-0.007226,0,0,0,0,0
